nct,drug,condition,phase,allocation,enrollment,completion_year,stop_class,stop_quote,why_stopped,all_drugs,all_conditions,dup
NCT03323749,elamipretide,Primary Mitochondrial Myopathy,PHASE3,RANDOMIZED,218,2020,효능,did not meet,"Part1,double blind portion of the trial did not meet the primary end points",elamipretide | elamipretide open label treatment,Primary Mitochondrial Myopathy,
NCT04365400,DS102,Hypertriglyceridemia,PHASE2,RANDOMIZED,233,2022,효능,lack of efficacy,Trial prematurely terminated on 03 May 2022 due to the results from an interim analysis indicating a lack of efficacy in the study population.,DS102,Hypertriglyceridemia | Type 2 Diabetes,
NCT04504734,Bucillamine,Covid19,PHASE3,RANDOMIZED,713,2023,효능,futilit,Met definition of futility according to DSMB,Bucillamine | Bucillamine,Covid19,
NCT03493568,Genvoya 150Mg-150Mg-200Mg-10Mg Tablet,HIV-1-infection,PHASE3,RANDOMIZED,100,2020,효능,futilit,The futility analysis on 24-week results estimated that there was only 2% probability of verifying the study hypothesis of a higher proportion pat. with no residual viremia through 48w in arm E/C/F/TAF,Genvoya 150Mg-150Mg-200Mg-10Mg Tablet | Dolutegravir 50 mg plus one RTI,HIV-1-infection,
NCT00361257,Minocycline,HIV Infections,PHASE2,RANDOMIZED,107,2010,효능,futilit,This study was terminated early due to futility.,Minocycline,HIV Infections,
NCT04612790,Benralizumab,Bullous Pemphigoid,PHASE3,RANDOMIZED,67,2023,효능,did not meet,Independent Data Monitoring Committee recommended terminating the study following a pre-planned analysis as the efficacy results did not meet the pre-defined futility guidelines. There were no new safety concerns identified from this analysis.,Benralizumab,Bullous Pemphigoid,
NCT01274559,Extended-release niacin/laropiprant (ERN/LRPT),Primary Hypercholesterolemia,PHASE3,RANDOMIZED,1173,2013,효능,did not meet,"In HPS2-THRIVE, MK-0524A did not meet the primary efficacy objective and there was a significant increase in incidence of some types of non-fatal SAEs",Extended-release niacin/laropiprant (ERN/LRPT),Primary Hypercholesterolemia | Mixed Dyslipidemia,
NCT05669417,Magnesium sulfate,Atrial Fibrillation New Onset,"PHASE2,PHASE3",RANDOMIZED,265,2023,효능,Futilit,Futility after interim analysis,Magnesium sulfate,Atrial Fibrillation New Onset,
NCT03168906,NEOD001,Amyloidosis,PHASE2,RANDOMIZED,12,2019,효능,Futilit,Futility,NEOD001,Amyloidosis,
NCT06635135,Aticaprant,"Depressive Disorder, Major",PHASE3,RANDOMIZED,47,2025,효능,insufficient efficacy,Early study termination due to insufficient efficacy.,Aticaprant,"Depressive Disorder, Major | Anhedonia",
NCT00360308,E2007,Parkinson's Disease,PHASE3,RANDOMIZED,723,2008,효능,lack of efficacy,Study stopped due to lack of efficacy.,E2007 | E2007,Parkinson's Disease,
NCT03880474,MVA-NP+M1,Influenza,PHASE2,RANDOMIZED,2364,2020,효능,futilit,The trial is being stopped for futility. Season 2 cancelled.,MVA-NP+M1,Influenza,
NCT00530166,JNJ-18054478,Asthma,PHASE2,RANDOMIZED,26,2008,효능,Lack of efficacy,Lack of efficacy following an interim analysis,JNJ-18054478,Asthma,
NCT01756053,ABT-089,Nicotine Addiction,PHASE2,RANDOMIZED,17,2014,효능,futilit,Trial discontinued based on the results of an interim futility analysis.,ABT-089,Nicotine Addiction,
NCT02472977,Ulocuplumab,Solid Tumor,"PHASE1,PHASE2",RANDOMIZED,61,2017,효능,lack of efficacy,Trial terminated because of lack of efficacy in the short term acute phase,Ulocuplumab | Nivolumab,Solid Tumor,
NCT01767857,Xilonix,Metastatic Colorectal Cancer,PHASE3,RANDOMIZED,643,2017,효능,futilit,The study crossed the prospective futility boundary of primary endpoint,Xilonix,Metastatic Colorectal Cancer,
NCT03517566,ZPL389 3mg,Atopic Dermatitis,PHASE2,RANDOMIZED,293,2020,효능,Lack of efficacy,Lack of efficacy,ZPL389 3mg | ZPL389 10mg | ZPL389 30mg | ZPL389 50mg,Atopic Dermatitis,
NCT00080119,Isoniazid (INH),HIV Infection,"PHASE2,PHASE3",RANDOMIZED,1354,2009,효능,futilit,Data Safety Monitoring Board (DSMB) recommended stopping study due to futility,Isoniazid (INH) | Trimethoprim/Sulfamethoxazole (TMP/SMX) | Isoniazid Placebo (PL),HIV Infection | Tuberculosis | Pneumocystis Jiroveci Pneumonia,
NCT04847141,C19-IG 20%,COVID-19,PHASE3,RANDOMIZED,465,2021,효능,Futilit,Study Stopped for Futility,C19-IG 20% | 0.9% Sodium chloride,COVID-19 | Severe Acute Respiratory Syndrome Coronavirus 2 (SARS-CoV-2) Infection,
NCT02888756,iHIVARNA-01,HIV Infections,PHASE2,RANDOMIZED,33,2018,효능,did not show,Interim analysis did not show sufficient immunogenicity of IMP compared to placebo,iHIVARNA-01 | TriMix,HIV Infections,
NCT03381196,Pimodivir 600 mg,Influenza A,PHASE3,RANDOMIZED,553,2020,효능,futile,Based on interim Analysis outcome being futile for FLZ3001; decision was taken to stop (early terminate) both FLZ3001/3002. There was no safety concern.,Pimodivir 600 mg | SOC Treatment,Influenza A,
NCT04179864,Tazemetostat,Metastatic Prostate Cancer,"PHASE1,PHASE2",RANDOMIZED,102,2024,효능,primary endpoint was not met,The study was terminated early as Sponsor decided to discontinue the development of tazemetostat in metastatic castration resistant prostate cancer and the primary endpoint was not met for this study. There were no safety concerns.,Tazemetostat | Abiraterone/prednisone | Enzalutamide,Metastatic Prostate Cancer | Metastatic Castration-resistant Prostate Cancer,
NCT01676701,Tabalumab Auto-Injector,Rheumatoid Arthritis,PHASE3,RANDOMIZED,8,2013,효능,Insufficient efficacy,Insufficient efficacy observed in study BCDM(NCT01198002) and BCDV(NCT01202773),Tabalumab Auto-Injector | Tabalumab Prefilled Syringe,Rheumatoid Arthritis,
NCT00908063,Oxycyte,Traumatic Brain Injury,PHASE2,RANDOMIZED,18,2014,효능,futilit,futility,Oxycyte | Normal Saline,Traumatic Brain Injury,
NCT00704509,Bifeprunox,Schizophrenia,PHASE3,RANDOMIZED,346,2009,효능,inadequate efficacy,Interim analysis showed inadequate efficacy of bifeprunox,Bifeprunox | Quetiapine,Schizophrenia,
NCT01900665,Solanezumab,Alzheimer's Disease,PHASE3,RANDOMIZED,2129,2017,효능,did not meet,Solanezumab did not meet the study's primary endpoint.,Solanezumab,Alzheimer's Disease,
NCT00534313,Abatacept,Psoriatic Arthritis,PHASE2,RANDOMIZED,191,2011,효능,Lack of efficacy,Lack of efficacy with respect to skin-related lesions in the short-term phase,Abatacept,Psoriatic Arthritis,
NCT01930890,BIIB023,Lupus Nephritis,PHASE2,RANDOMIZED,87,2016,효능,did not demonstrate,Results from pre-specified criteria in study NCT01499355 (211LE201) did not demonstrate sufficient efficacy to warrant continuation of the study,BIIB023 | mycophenolate mofetil | oral corticosteroids,Lupus Nephritis,
NCT04610879,Carbamazepine,Rolandic Epilepsy,PHASE4,RANDOMIZED,5,2020,효능,did not meet,"Following the internal pilot, the study did not meet prespecified stop/go criteria for continuation.",Carbamazepine | Levetiracetam | Parent based sleep (PBS) intervention,Rolandic Epilepsy,
NCT01991210,DNIB0600A,Ovarian Cancer,PHASE2,RANDOMIZED,95,2016,효능,did not meet,The primary objective of PFS did not meet pre-specified criteria.,DNIB0600A | PLD,Ovarian Cancer,
NCT01677182,Ramelteon,Bipolar Disorder,PHASE3,RANDOMIZED,535,2014,효능,futilit,"Business Decision; Terminated due to futility, with no safety concerns (see below)",Ramelteon,Bipolar Disorder,
NCT03325296,LEO 124249,Alopecia Areata,PHASE2,RANDOMIZED,13,2018,효능,Futilit,Futility,LEO 124249 | Ointment vehicle,Alopecia Areata,
NCT01862224,JNJ-38518168,Rheumatoid Arthritis,PHASE2,RANDOMIZED,21,2014,효능,lack of efficacy,"The study was stopped due to lack of efficacy in a study conducted in a similar population,38518168ARA2002-NCT01679951.",JNJ-38518168 | Methotrexate,Rheumatoid Arthritis,
NCT01312389,OC-L/Montanide ISA 51 VG,Ovarian Cancer,"PHASE1,PHASE2",RANDOMIZED,3,2012,효능,Did not meet,Did not meet criteria laid out in Phase 1 to continue to Phase 2,OC-L/Montanide ISA 51 VG | Ampligen | Prevnar,Ovarian Cancer | Fallopian Tube Cancer | Primary Peritoneal Cancer,
NCT05039515,IPN60130,Fibrodysplasia Ossificans Progressiva,PHASE2,RANDOMIZED,113,2026,효능,did not meet,"Following the planned FALKON Part A primary analysis, the study did not meet its primary endpoint of reducing heterotopic ossification (HO) volume compared with placebo and met predefined futility criteria.",IPN60130 | IPN60130,Fibrodysplasia Ossificans Progressiva,
NCT02046135,Sodium Bicarbonate,Acute Kidney Injury,PHASE2,RANDOMIZED,51,2017,효능,futilit,Statistical analysis at interim analysis determined futility in continuing.,Sodium Bicarbonate | Sodium Chloride,Acute Kidney Injury | Congenital Heart Disease,
NCT00201656,Retention of Cerclage,"Fetal Membranes, Premature Rupture",PHASE4,RANDOMIZED,58,2014,효능,futilit,This trial was terminated following a futility analysis confirming futility of continuing the study,Retention of Cerclage | Removal of Cerclage | Removal vs. Retention of Cervical Cerclage,"Fetal Membranes, Premature Rupture",
NCT03828929,Vitamin C,Septic Shock,PHASE3,RANDOMIZED,3,2020,효능,no benefit,Recent similar studies have been completed and published showing no benefit to the intervention.,Vitamin C | Normal saline,Septic Shock,
NCT00004859,carboplatin,Lung Cancer,PHASE3,RANDOMIZED,589,2010,효능,futilit,Trial was stopped early for futility,carboplatin | paclitaxel | thalidomide,Lung Cancer,
NCT04638153,Recifercept,Achondroplasia,PHASE2,RANDOMIZED,60,2023,효능,lack of efficacy,The study was terminated due to lack of efficacy at any of the tested doses on 18th November 2022. The decision to terminate the study is not related to a safety concern.,Recifercept,Achondroplasia,
NCT00366301,Insulin glargine injection,Type 2 Diabetes,PHASE4,RANDOMIZED,500,2009,효능,futilit,"Interim analyses demonstrated futility. Thus, recruitment curtailed 10/08.",Insulin glargine injection | metformin,Type 2 Diabetes,
NCT00379912,Azacitidine,Myelodysplastic Syndromes,PHASE2,RANDOMIZED,15,2008,효능,Insufficient response,Insufficient response rate,Azacitidine | Erythropoietin | Azacitidine (Monotherapy),Myelodysplastic Syndromes,약물
NCT02790034,Sarizotan low dose,Rett Syndrome,"PHASE2,PHASE3",RANDOMIZED,129,2020,효능,did not demonstrate,The study did not demonstrate evidence of efficacy on the primary or secondary efficacy variables,Sarizotan low dose | Sarizotan high dose,Rett Syndrome,
NCT01524887,"Immune Globulin Intravenous (Human), 10% Solution",Alzheimer´s Disease,PHASE3,RANDOMIZED,508,2013,효능,did not demonstrate,The study was terminated because the first Phase 3 did not demonstrate efficacy on the co-primary endpoints. The known safety profile remained unchanged.,"Immune Globulin Intravenous (Human), 10% Solution | Human albumin 0.25%",Alzheimer´s Disease,
NCT01117948,Lornoxicam,Alzheimer´s Disease,PHASE2,RANDOMIZED,219,2011,효능,Lack of Efficacy,Lack of Efficacy,Lornoxicam,Alzheimer´s Disease,
NCT00500240,Insulin Glargine,Leukemia,PHASE3,RANDOMIZED,52,2012,효능,futilit,Terminated early due to futility.,Insulin Glargine | Insulin Aspart,Leukemia | Lymphoma,약물
NCT02260648,Evacetrapib,Hypercholesterolemia,PHASE3,RANDOMIZED,149,2015,효능,insufficient efficacy,Study termination due to insufficient efficacy.,Evacetrapib | Ezetimibe | Atorvastatin,Hypercholesterolemia,
NCT01656252,Phase I- Cytarabine & Eltrombopag,Acute Myeloid Leukemia,"PHASE1,PHASE2",RANDOMIZED,15,2016,효능,futilit,Study stopped per Novartis request due to futility from another study.,Phase I- Cytarabine & Eltrombopag | Phase II- Sequence A | Phase II- Sequence B,Acute Myeloid Leukemia,
NCT02418572,Testosterone gel,Infertility,PHASE3,RANDOMIZED,290,2024,효능,futilit,"Having reached the sample size described for the interim analysis and having seen the post-interim results, the sponsor has decided to stop the trial due to futility.",Testosterone gel,Infertility | Poor Ovarian Response,
NCT05247307,convalescent plasma infusion covid 19,COVID-19,PHASE3,RANDOMIZED,93,2021,효능,Lack of efficacy,Lack of efficacy of treatment tested,convalescent plasma infusion covid 19,COVID-19,
NCT06897579,Carboplatin for injection/cisplatin for injection + etoposide injection + benmelstobart injection + Anlotinib hydrochloride capsule,Extensive Stage Small Cell Lung Cancer,PHASE2,RANDOMIZED,40,2026,효능,efficacy concerns,This study was closed due to business reasons. Closure was not prompted by any safety or efficacy concerns.,Carboplatin for injection/cisplatin for injection + etoposide injection + benmelstobart injection + Anlotinib hydrochloride capsule | Carboplatin for injection/Cisplatin for injection + etoposide injection + Tislelizumab injection,Extensive Stage Small Cell Lung Cancer,
NCT05126303,RMC-035,Acute Kidney Injury,PHASE2,RANDOMIZED,177,2023,효능,futilit,Enrollment discontinued following DMC recommendation based on futility with regards to primary endpoint,RMC-035,Acute Kidney Injury,
NCT03490942,Glucagon,Hypoglycemia Unawareness,PHASE2,RANDOMIZED,49,2020,효능,Primary endpoint was not met,Primary endpoint was not met,Glucagon,"Hypoglycemia Unawareness | Diabetes Mellitus, Type 1",
NCT02629848,Motesanib,"Carcinoma, Non-Small-Cell Lung",PHASE3,RANDOMIZED,401,2015,효능,did not meet,Sponsor decision to terminate the study because the study did not meet the primary endpoint.,Motesanib | Paclitaxel | Carboplatin,"Carcinoma, Non-Small-Cell Lung",
NCT03498716,Atezolizumab,Triple Negative Breast Cancer,PHASE3,RANDOMIZED,2199,2023,효능,futilit,The study was terminated by the sponsor following interim analysis as the primary endpoint of iDFS crossed the pre-specified futility boundary of hazard ratio \> 1 in the Intent-to-Treat (ITT) population.,Atezolizumab | Paclitaxel | Dose-dense Doxorubicin or dose-dense Epirubicin | Cyclophosphamide,Triple Negative Breast Cancer,
NCT02041091,Tabalumab Auto-Injector,"Lupus Erythematosus, Systemic",PHASE3,RANDOMIZED,226,2015,효능,Lack of efficacy,Lack of efficacy,Tabalumab Auto-Injector | Tabalumab Prefilled Syringe,"Lupus Erythematosus, Systemic",
NCT00131482,Chrysalin,Radius Fracture,PHASE2,RANDOMIZED,274,2007,효능,did not demonstrate,Treatment with Chrysalin did not demonstrate benefit compared to placebo.,Chrysalin | Chrysalin | Chrysalin | Chrysalin,Radius Fracture,
NCT03225846,WVE-120102,Huntington's Disease,"PHASE1,PHASE2",RANDOMIZED,88,2021,효능,Lack of efficacy,Lack of efficacy,WVE-120102,Huntington's Disease,
NCT03318523,BIIB054,Parkinson's Disease,PHASE2,RANDOMIZED,357,2021,효능,did not meet,SPARK did not meet it's primary outcome measure for year 1 and failed to meet secondary outcome measures resulting in the development of BIIB054 (cinpanemab) for Parkinson's disease to be discontinued and SPARK study was closed.,BIIB054,Parkinson's Disease,
NCT01555073,pregabalin/celecoxib,Uterine Fibroids,PHASE4,RANDOMIZED,23,2013,효능,did not meet,Subjects did not meet inclusion criteria,pregabalin/celecoxib | pregabalin/placebo | celecoxib/placebo,Uterine Fibroids | Uterine Artery Embolization,
NCT01931566,Pioglitazone,Mild Cognitive Impairment Due to Alzheimer's Disease,PHASE3,RANDOMIZED,3494,2018,효능,Lack of efficacy,Lack of efficacy of the drug; no safety concern,Pioglitazone | Pioglitazone placebo,Mild Cognitive Impairment Due to Alzheimer's Disease,약물
NCT03504917,Balovaptan,Autism Spectrum Disorder,PHASE3,RANDOMIZED,322,2020,효능,futilit,A futility analysis assessed that the study is highly unlikely to meet the pre-defined primary objective of the study. No new safety concerns were identified.,Balovaptan,Autism Spectrum Disorder,
NCT04298918,Venetoclax,Breast Cancer,"PHASE1,PHASE2",RANDOMIZED,1,2021,효능,no benefit,Decision to discontinue the study based on broader development and strategic prioritisation. The Sponsor concludes there is no benefit-risk impact on the CO41863 study.,Venetoclax | Trastuzumab emtansine,Breast Cancer,
NCT00073008,GW572016 (lapatinib),"Lung Cancer, Non-Small Cell",PHASE2,RANDOMIZED,131,2008,효능,futilit,"Based on interim analysis at the end of Stage 1, and predefined stopping rules for futility, further enrollment was stopped due to lack of efficacy",GW572016 (lapatinib),"Lung Cancer, Non-Small Cell",
NCT01177540,Decitabine,Pediatric Acute Myelogenous Leukemia (AML),PHASE2,RANDOMIZED,25,2013,효능,futilit,The study was terminated early due to enrollment difficulties and the futility of observing differences in remission rate between treatment arms.,Decitabine | Decitabine,Pediatric Acute Myelogenous Leukemia (AML),
NCT05785624,Vixarelimab,Idiopathic Pulmonary Fibrosis,PHASE2,RANDOMIZED,286,2026,효능,futilit,Sponsor decided to discontinue the study after review of clinical data by the iDMC. This decision was based on unblinded evaluation of clinical efficacy which showed a trend towards futility \& was not related to any safety concerns of vixarelimab.,Vixarelimab,Idiopathic Pulmonary Fibrosis | Systemic Sclerosis With Lung Involvement,
NCT01703208,Omarigliptin,Type 2 Diabetes Mellitus,PHASE3,RANDOMIZED,4202,2017,효능,efficacy concerns,The study was terminated for business reasons and not due to any safety or efficacy concerns related to omarigliptin,Omarigliptin,Type 2 Diabetes Mellitus,
NCT00449150,Cetrorelix 78 mg + 78 mg,Benign Prostatic Hypertrophy,PHASE3,RANDOMIZED,667,2009,효능,did not meet,Trial did not meet primary efficacy endpoint for double blind phase.,Cetrorelix 78 mg + 78 mg | Cetrorelix 78 mg + 52 mg,Benign Prostatic Hypertrophy,
NCT03467217,Losartan potassium,NAFLD - Nonalcoholic Fatty Liver Disease,PHASE2,RANDOMIZED,83,2020,효능,futilit,Trial stopped for futility,Losartan potassium,NAFLD - Nonalcoholic Fatty Liver Disease,
NCT00667810,bapineuzumab,Alzheimer Disease,PHASE3,RANDOMIZED,901,2013,효능,no clinical benefit,"The study was terminated on August 6, 2012, because 2 large Phase 3 studies showed no clinical benefit. This decision was not based on any new safety concerns.",bapineuzumab | bapineuzumab,Alzheimer Disease,
NCT00136591,Bortezomib,Follicular Lymphoma,PHASE2,RANDOMIZED,87,2010,효능,lack of efficacy,An arm closed due to lack of efficacy,Bortezomib | Bortezomib,Follicular Lymphoma,
NCT04867837,Octaplex,Acute Major Bleeding,PHASE3,RANDOMIZED,100,2026,효능,Futilit,Following Interim Analysis IDMEAC concluded:1-No safety concerns 2-Suspend enrolment: Futility based on treatment effect size at interim analysis. Enrollment was suspended on 22DEC25. Study was terminated FEB2026. Final analysis is planned in Q2 2026,Octaplex,Acute Major Bleeding,
NCT05395494,D-Cycloserine,Fibromyalgia,PHASE2,RANDOMIZED,47,2025,효능,Futilit,Futility criteria met on interim analysis,D-Cycloserine | iTBS repetitive Transcranial Magnetic Stimulation (rTMS),Fibromyalgia,
NCT01975727,Dexamethasone 3 mg,Postoperative Nausea and Vomiting,PHASE2,RANDOMIZED,256,2017,효능,futilit,Study was halted prematurely for futility after an intermediate analysis,Dexamethasone 3 mg | Dexamethasone 6 mg | Dexamethasone 12 mg,Postoperative Nausea and Vomiting | Vomiting,
NCT00447642,LX201,Corneal Transplantation,PHASE3,RANDOMIZED,122,2010,효능,endpoint was not met,The primary efficacy endpoint was not met,LX201,Corneal Transplantation | Corneal Graft Rejection,
NCT01679951,JNJ-38518168 (3 mg),Rheumatoid Arthritis,PHASE2,RANDOMIZED,272,2014,효능,lack of efficacy,The decision was made to prematurely discontinue this trial due to lack of efficacy.,JNJ-38518168 (3 mg) | JNJ-38518168 (10 mg) | JNJ-38518168 (30 mg) | Methotrexate,Rheumatoid Arthritis,
NCT05481645,TQB2450 injection,Advanced Endometrial Cancer,PHASE2,RANDOMIZED,71,2025,효능,efficacy concerns,Per sponsor request. Premature closure was not prompted by any safety or efficacy concerns.,TQB2450 injection | Anlotinib Hydrochloride Capsule | Carboplatin Injection | Paclitaxel Injection | Doxorubicin Hydrochloride Injection | Gemcitabine Hydrochloride Injection | Docetaxel injection,Advanced Endometrial Cancer | Sarcoma of Uterus,
NCT04551053,parsaclisib,Myelofibrosis,PHASE3,RANDOMIZED,177,2024,효능,futilit,The study was terminated due to futility.,parsaclisib | ruxolitinib,Myelofibrosis | Primary Myelofibrosis | Post Essential Thrombocythemia Myelofibrosis | Post Polycythemia Vera Myelofibrosis,
NCT00930020,Minocycline (Borymycin),Acute Stroke,PHASE4,RANDOMIZED,139,2012,효능,futilit,interim analysis shows futility,Minocycline (Borymycin) | Matched placebo,Acute Stroke,
NCT04042727,Dexmedetomidine Hydrochloride,Rapid Atrial Fibrillation,"PHASE2,PHASE3",RANDOMIZED,13,2021,효능,Futilit,"Futility, as a result of COVID-19 impact",Dexmedetomidine Hydrochloride | Normal Saline,Rapid Atrial Fibrillation | Heart Rate Control,
NCT04141917,Point-of-care molecular testing and treatment of influenza,Influenza,PHASE4,RANDOMIZED,1618,2021,효능,futilit,Operational futility (i.e. near zero circulation of influenza in the community during year 2),Point-of-care molecular testing and treatment of influenza,Influenza | Respiratory Viral Infection,
NCT04988308,Bermekimab,Hidradenitis Suppurativa,PHASE2,RANDOMIZED,151,2022,효능,futilit,Study has been prematurely terminated as the Interim Analysis 1 efficacy results met the prespecified futility criteria related to the primary endpoint.,Bermekimab | Adalimumab,Hidradenitis Suppurativa,
NCT04778397,Magrolimab,Acute Myeloid Leukemia,PHASE3,RANDOMIZED,258,2024,효능,futilit,Study discontinued due to futility.,Magrolimab | Venetoclax | Azacitidine | Cytarabine | Daunorubicin | Idarubicin | Steroidal Eye Drops,Acute Myeloid Leukemia,
NCT01988090,800 IU Vitamin D Supplement,Breast Cancer,PHASE2,RANDOMIZED,93,2018,효능,no benefit,An interim analysis demonstrated no benefit of high dose vitamin D when compared to standard dose vitamin D in the reduction or prevention of arthralgia,"800 IU Vitamin D Supplement | 50,000 IU Vitamin D supplement",Breast Cancer,
NCT02561897,Edoxaban,Atrial Fibrillation,PHASE4,RANDOMIZED,5,2017,효능,Did not meet,Did not meet enrolment target for phase 1,Edoxaban | Warfarin,Atrial Fibrillation,
NCT00928772,CRANIAL ELECTROTHERAPY (Alpha Stim) + SHAM MIDAZOLAM,Anxiety,PHASE4,RANDOMIZED,115,2012,효능,Lack of efficacy,Lack of efficacy,CRANIAL ELECTROTHERAPY (Alpha Stim) + SHAM MIDAZOLAM | MIDAZOLAM + SHAM ELECTRODES SIMULATING CRANIAL ELECTROTHERAPY | NO SEDATION WITH SHAM CRANIAL ELECTROSTIMULATION AND PLACEBO VERSED,Anxiety,
NCT00483977,Oxycodone,Osteoarthritis,PHASE2,RANDOMIZED,113,2007,효능,futilit,Met criteria for study futility at interim analysis,Oxycodone | PF-000592379,Osteoarthritis,약물
NCT07116499,K-645 dose level 1,Acute Migraine,PHASE2,RANDOMIZED,134,2025,효능,futilit,Study stopped for futility based on an interim analysis of efficacy.,K-645 dose level 1 | K-645 dose level 2,Acute Migraine,
NCT03174522,REX-001,Peripheral Arterial Disease (PAD),PHASE3,RANDOMIZED,49,2023,효능,futilit,Independent Data Monitoring Committee recommendation to stop due to futility,REX-001,"Peripheral Arterial Disease (PAD) | Diabetes Mellitus (DM) | Diabetes Mellitus, Type 1 | Diabetes Mellitus, Type 2 | Cardiovascular Disease | Critical Limb Ischemia (CLI)",
NCT00893867,DP-b99,Acute Ischemic Stroke,PHASE3,RANDOMIZED,446,2012,효능,futilit,The result of a pre-planned interim futility analysis,DP-b99,Acute Ischemic Stroke,
NCT02031445,MRX-6,Atopic Dermatitis,PHASE2,RANDOMIZED,73,2015,효능,lack of efficacy,Interim analysis showed lack of efficacy,MRX-6,Atopic Dermatitis,
NCT04566445,GT005,Dry Age-related Macular Degeneration,PHASE2,RANDOMIZED,255,2024,효능,futilit,Terminated for interim analysis demonstrating futility (trial highly unlikely to meet efficacy outcome). The trial is not ending early because of medical problems or concerns.,GT005,Dry Age-related Macular Degeneration,
NCT00740545,enoxaparine 40 mg daily,Alive and Viable Births,PHASE3,RANDOMIZED,258,2014,효능,futilit,Stopped for futility,enoxaparine 40 mg daily,Alive and Viable Births,
NCT05281094,HIL-214,Gastroenteritis,"PHASE2,PHASE3",RANDOMIZED,3084,2024,효능,Lack of efficacy,Lack of efficacy,HIL-214,Gastroenteritis,
NCT00348439,Plasmin,Vitreoretinal Traction Syndrome,PHASE2,RANDOMIZED,29,2007,효능,Lack of Efficacy,Lack of Efficacy,Plasmin,Vitreoretinal Traction Syndrome,
NCT02928445,RVT-101 35 mg,Dementia With Lewy Bodies,"PHASE2,PHASE3",RANDOMIZED,240,2018,효능,did not meet,Intepirdine did not meet its primary efficacy endpoints in the lead-in study RVT-101-2001.,RVT-101 35 mg | RVT-101 70 mg,Dementia With Lewy Bodies,
NCT00141011,Ancrod (Viprinex),Stroke,PHASE3,RANDOMIZED,277,2008,효능,Futilit,Futility,Ancrod (Viprinex),Stroke | Cerebral Ischemia | Brain Infarction,
NCT00005047,cisplatin,Bladder Cancer,PHASE3,RANDOMIZED,521,2014,효능,futilit,Accrual was halted on the basis of the Data and Safety Monitoring Board review of a futility analysis.,cisplatin | doxorubicin hydrochloride | methotrexate | vinblastine,Bladder Cancer,약물
NCT05978063,difelikefalin 2.0 mg tablets,Pruritus,"PHASE2,PHASE3",RANDOMIZED,214,2024,효능,did not demonstrate,"In Part A of CR845-310601, oral difelikefalin did not demonstrate a meaningful clinical benefit at any dose compared to placebo. The drug was generally well tolerated with a safety profile similar to prior trials.",difelikefalin 2.0 mg tablets | difelikefalin 1.0 mg tablets | difelikefalin 0.25 mg tablets,Pruritus | Notalgia Paresthetica,
NCT02393209,Docetaxel,Non-small Cell Lung Cancer,"PHASE1,PHASE2",RANDOMIZED,14,2017,효능,Lack of efficacy,Lack of efficacy in combination.,Docetaxel | TAK-117,Non-small Cell Lung Cancer,약물
NCT01104298,Doxorubicin,Sarcoma,PHASE2,RANDOMIZED,115,2014,효능,did not show,Interim analysis did not show good results for main objective,Doxorubicin | Trabectedin,Sarcoma,
NCT02312206,NEOD001,Primary Systemic (AL) Amyloidosis,PHASE3,RANDOMIZED,260,2018,효능,futilit,The VITAL study was terminated due to futility analysis,NEOD001,Primary Systemic (AL) Amyloidosis,
NCT01793298,ASM-024,Asthma,"PHASE1,PHASE2",RANDOMIZED,55,2014,효능,Lack of efficacy,Lack of efficacy,ASM-024,Asthma,
NCT04474314,IMR-687,Sickle Cell Disease,PHASE2,RANDOMIZED,115,2022,효능,failed to meet,"A recently conducted Interim analysis of IMR-SCD-301 demonstrated that while IMR-687 was generally well-tolerated, it failed to meet its primary efficacy endpoint. So, the sponsor has decided to discontinue this study.",IMR-687,Sickle Cell Disease,
NCT04531176,Weight Management Program (WMP),Type 2 Diabetes,PHASE4,RANDOMIZED,74,2023,효능,futilit,"After an unplanned yet IRB approved interim analysis, it was found that there was not a significant difference between the 3 arms of the study. The study was closed due to futility. All Patients are off study and this study will not resume.",Weight Management Program (WMP) | Traditional care | Phentermine / Topiramate Extended Release Oral Capsule | naltrexone/bupropion extended-release | liraglutide 3.0 mg | Orlistat,Type 2 Diabetes | Obesity,
NCT02847650,PF-06649751,Parkinson Disease,PHASE2,RANDOMIZED,57,2018,효능,lack of efficacy,Study B7601011 was terminated on 29 Jan 2018 due to lack of efficacy in moderate/advanced Parkinson's disease.,PF-06649751,Parkinson Disease,
NCT05181540,AB-205,Hodgkin Lymphoma,PHASE3,RANDOMIZED,130,2025,효능,lack of efficacy,Interim analysis showed lack of efficacy,AB-205,Hodgkin Lymphoma | Non Hodgkin Lymphoma,
NCT02813655,Tetracosactide (Synacthène®),Post-dural Puncture Headache,PHASE2,RANDOMIZED,46,2022,효능,futilit,"Interim analysis and decision of the independent committee, investigators and sponsor (futility) (2023/10/05)",Tetracosactide (Synacthène®),Post-dural Puncture Headache,
NCT05254990,Reparixin,Infectious Pneumonia,PHASE3,RANDOMIZED,414,2024,효능,futilit,The study was stopped due to futility as per protocol,Reparixin,Infectious Pneumonia | Severe COVID-19,
NCT00366080,GSK189254,Narcolepsy,PHASE2,RANDOMIZED,69,2008,효능,futilit,Study was terminated based on the interim results of a futility test.,GSK189254,Narcolepsy,
NCT00548496,SB-751689,Fracture Healing,PHASE2,RANDOMIZED,86,2008,효능,Lack of efficacy,Lack of efficacy,SB-751689,Fracture Healing,
NCT03068468,BIIB092,"Supranuclear Palsy, Progressive",PHASE2,RANDOMIZED,490,2020,효능,primary endpoint was not met,251PP301(PASSPORT) primary endpoint was not met;Biogen decision to close the study early. There were no safety concerns with the PASSPORT study.,BIIB092,"Supranuclear Palsy, Progressive",
NCT00087776,Taxoprexin,Malignant Melanoma,PHASE3,RANDOMIZED,393,2007,효능,futilit,Interim analysis determined that the futility boundary had been crossed and there was no reasonable prospect that statistical significance would be achieved if patient accrual continued,Taxoprexin | Dacarbazine,Malignant Melanoma,
NCT01032915,AIN457,Non-infectious Uveitis,PHASE3,RANDOMIZED,125,2011,효능,did not show,Results of a planned interim analysis did not show significant effects for any of the 3 AIN dose regimens versus placebo on any primary or secondary endpoint,AIN457 | AIN457 | AIN457,Non-infectious Uveitis,
NCT04049266,KSI-301,Wet Macular Degeneration,"PHASE2,PHASE3",RANDOMIZED,559,2022,효능,Primary Endpoint Not Met,Primary Endpoint Not Met,KSI-301 | Aflibercept,Wet Macular Degeneration,
NCT01215942,LY2127399,Rheumatoid Arthritis,PHASE3,RANDOMIZED,1086,2014,효능,Insufficient efficacy,Insufficient efficacy observed in study BCDM (NCT01198002) and BCDV (NCT01202773).,LY2127399,Rheumatoid Arthritis,
NCT02489097,Nitrous Oxide,Anesthesia,PHASE4,RANDOMIZED,140,2016,효능,futilit,Interim analysis results showed futility,Nitrous Oxide,"Anesthesia | Delirium, Dementia, Amnestic, Cognitive Disorders",
NCT03946670,MBG453,Myelodysplastic Syndromes,PHASE2,RANDOMIZED,127,2024,효능,failed to meet,"In December 2023, Novartis decided to terminate the sabatolimab clinical development program early after Phase II (MDS1) and Phase III (MDS2) studies failed to meet their primary objectives. The termination was not due to safety concerns.",MBG453 | Hypomethylating agents,Myelodysplastic Syndromes,
NCT06137183,Vixarelimab,Ulcerative Colitis,PHASE2,RANDOMIZED,79,2025,효능,futilit,"Based on a futility analysis, which suggested that the Moonglow study was unlikely to meet its primary endpoint.",Vixarelimab,Ulcerative Colitis,
NCT01017601,Seneca Valley virus-001,Lung Cancer,PHASE2,RANDOMIZED,59,2014,효능,futilit,Interim analysis declared futility.,Seneca Valley virus-001,Lung Cancer,
NCT00558636,Sorafenib + Paclitaxel + Carboplatin,"Carcinoma, Non-Small-Cell Lung",PHASE3,RANDOMIZED,91,2008,효능,lack of efficacy,Terminated early when the results from Study NCT00300885 showed an overall lack of efficacy in NSCLC and increased mortality in subjects with squamous subtype.,Sorafenib + Paclitaxel + Carboplatin,"Carcinoma, Non-Small-Cell Lung",
NCT04952519,Amantadine,Patients With Moderate or Severe COVID-19,PHASE3,RANDOMIZED,193,2022,효능,did not show,"The annual analysis did not show the efficacy of the investigational medicinal product in this application, therefore the study was not continued.",Amantadine,Patients With Moderate or Severe COVID-19,
NCT04159701,LY3454738,Chronic Spontaneous Urticaria,PHASE2,RANDOMIZED,52,2021,효능,lack of efficacy,The study was terminated for lack of efficacy after an interim analysis was performed,LY3454738,Chronic Spontaneous Urticaria,
NCT03380507,Triple therapy group,Septic Shock,"PHASE2,PHASE3",RANDOMIZED,106,2021,효능,futilit,The research is no longer funded and terminated due to futility,Triple therapy group,Septic Shock | Critical Illness,
NCT03645603,Dexmedetomidine,Withdrawal Syndrome,PHASE2,RANDOMIZED,45,2020,효능,futilit,futility reasons,Dexmedetomidine,Withdrawal Syndrome,
NCT00449865,creatine,Parkinson's Disease,PHASE3,RANDOMIZED,1741,2014,효능,Futilit,Futility,creatine,Parkinson's Disease,
NCT04572243,Lorcaserin,"Epilepsies, Myoclonic",PHASE3,RANDOMIZED,22,2024,효능,efficacy reasons,The study was terminated by Sponsor and the decision was not due to any safety or efficacy reasons.,Lorcaserin,"Epilepsies, Myoclonic",
NCT00423189,Ranibizumab (Lucentis),Age-Related Macular Degeneration,PHASE4,RANDOMIZED,7,2009,효능,Lack of efficacy,Lack of efficacy,Ranibizumab (Lucentis) | 0.5mg ranibizumab,Age-Related Macular Degeneration,
NCT05205759,Bamlanivimab Etesevimab,COVID-19,PHASE3,RANDOMIZED,319,2022,효능,futilit,Stop for futility after the onset of the omicron wave,Bamlanivimab Etesevimab | Sotrovimab | Casirivimab-Imdevimab,COVID-19,
NCT01308203,Extended release niacin/laropiprant,Coronary Artery Disease,PHASE4,RANDOMIZED,32,2013,효능,did not meet,Merck has decided to discontinue all studies with extended-release niacin/laropiprant.because the HPS2-THRIVE did not meet its primary endpoint,Extended release niacin/laropiprant,Coronary Artery Disease | Dyslipidemias,
NCT01645124,Hydroxyurea,Polycythemia Vera,PHASE3,RANDOMIZED,365,2012,효능,futilit,Low accrual rate not allowing planned sample size leads to a futility condition,Hydroxyurea | Phlebotomy,Polycythemia Vera,
NCT02906020,venglustat GZ/SAR402671,Parkinson's Disease,PHASE2,RANDOMIZED,273,2021,효능,did not meet,"The topline results of the 52-week double-blind placebo-controlled period were analyzed. The study did not meet the primary or secondary endpoints. Based on these results, the decision was made to halt the long-term follow-up period of the study",venglustat GZ/SAR402671,Parkinson's Disease,
NCT01364389,AIN457,Polymyalgia Rheumatica,PHASE2,RANDOMIZED,16,2013,효능,did not show,Data did not show that the two biologic treatments impacted PMR disease activity to the same degree as steroid treatment within a 2-week treatment period.,AIN457 | ACZ885 | Prednisone,Polymyalgia Rheumatica | Inflammatory Diseases,
NCT02216097,PF-04457845,Post-Traumatic Stress Disorder,PHASE2,RANDOMIZED,14,2015,효능,efficacy concern,The study stopped based on Pfizer portfolio prioritization and not due to safety and/or efficacy concern or change in benefit:risk assessment of PF-04457845.,PF-04457845,Post-Traumatic Stress Disorder,
NCT03715153,BUMETANIDE (S95008) for week 0 - 26,Autism Spectrum Disorder (ASD),PHASE3,RANDOMIZED,211,2021,효능,did not show,The 6-month efficacy analysis did not show any significant difference between bumetanide versus placebo in the treatment of ASD in the overall studied population. No unexpected safety concerns were identified.,BUMETANIDE (S95008) for week 0 - 26 | Open-Label BUMETANIDE (S95008) for weeks 26 - 52,Autism Spectrum Disorder (ASD),
NCT03907072,WVE-210201 (suvodirsen),Duchenne Muscular Dystrophy,"PHASE2,PHASE3",RANDOMIZED,6,2020,효능,Lack of efficacy,Lack of efficacy,WVE-210201 (suvodirsen),Duchenne Muscular Dystrophy,
NCT03685253,Niagen,Diabetic Neuropathy Peripheral,"PHASE1,PHASE2",RANDOMIZED,10,2022,효능,did not show,Completed the pilot study and grant funding not obtained to continue to the main phase 2 study. The pilot study did not show a statistical significance in the primary or secondary outcome measures.,Niagen,Diabetic Neuropathy Peripheral,
NCT02395627,Tamoxifen,Breast Neoplasms,PHASE2,RANDOMIZED,38,2019,효능,Insufficient efficacy,Insufficient efficacy in an unselected patient population,Tamoxifen | Vorinostat | Pembrolizumab,Breast Neoplasms,
NCT05496569,TQB3616 capsule,Dedifferentiated Liposarcoma,PHASE2,RANDOMIZED,26,2025,효능,efficacy concerns,This study was closed due to business reasons. Closure was not prompted by any safety or efficacy concerns.,TQB3616 capsule | TQB3616 placebo,Dedifferentiated Liposarcoma,
NCT00764660,SCH 900435,Alcoholism,PHASE2,RANDOMIZED,141,2010,효능,futilit,"Based on the outcome of a planned interim analysis, the study was stopped early due to futility.",SCH 900435,Alcoholism,
NCT01446796,Implantable Cardioverter-Defibrillator (subject's pre-existing ICD),Heart Failure,PHASE4,RANDOMIZED,3,2012,효능,futilit,Recruitment futility,Implantable Cardioverter-Defibrillator (subject's pre-existing ICD) | Implantable Cardioverter-Defibrillator (subject's pre-existing ICD),Heart Failure,
NCT01774851,MM-111,HER-2 Gene Amplification,PHASE2,RANDOMIZED,84,2015,효능,lack of efficacy,DSMB recommendation due to lack of efficacy. There were no safety signals.,MM-111 | Paclitaxel | Trastuzumab,HER-2 Gene Amplification | Esophagus Cancer | Gastroesophageal Junction Cancer | Stomach Cancer,
NCT02093962,TH-302 combination with pemetrexed,Non-small Cell Lung Cancer,PHASE2,RANDOMIZED,265,2016,효능,futilit,"At the interim analysis, the futility boundary was not met and the study was stopped due to insufficient efficacy.",TH-302 combination with pemetrexed | Matched placebo in combination with pemetrexed,Non-small Cell Lung Cancer,
NCT03713320,Cobomarsen,Cutaneous T-Cell Lymphoma/Mycosis Fungoides,PHASE2,RANDOMIZED,37,2020,효능,lack of efficacy,"The study was terminated early for business reasons, and not due to concerns regarding safety or lack of efficacy.",Cobomarsen | Vorinostat,Cutaneous T-Cell Lymphoma/Mycosis Fungoides,
NCT00029146,extracranial-intracranial bypass surgery,Stroke,PHASE3,RANDOMIZED,700,2010,효능,futilit,Pre-specified futility boundary was reached.,extracranial-intracranial bypass surgery | best medical therapy,"Stroke | Ischemic Attack, Transient | Cerebral Infarction",
NCT00664573,Baminercept alfa (BG9924),Rheumatoid Arthritis,PHASE2,RANDOMIZED,339,2008,효능,failed to meet,Analysis of data from 104RA202 failed to meet primary endpoint,Baminercept alfa (BG9924),Rheumatoid Arthritis,
NCT02587351,Metoprolol succinate,"Pulmonary Disease, Chronic Obstructive",PHASE3,RANDOMIZED,532,2019,효능,Futilit,Futility,Metoprolol succinate,"Pulmonary Disease, Chronic Obstructive",
NCT04603937,KSI-301,Diabetic Macular Edema,PHASE3,RANDOMIZED,459,2023,효능,did not meet,Study did not meet primary endpoint,KSI-301 | Aflibercept,Diabetic Macular Edema,
NCT03898154,Dexamethasone,Distal Radius Fracture,PHASE4,RANDOMIZED,38,2024,효능,failed to meet,Study discontinued due to departure of research staff and changes in institutional priorities. Study failed to meet enrollment goals of 200 total participants (n=100/study arm),Dexamethasone | Methylprednisolone,Distal Radius Fracture,
NCT00122980,Red Cell Transfusions,Hemochromatosis,PHASE3,RANDOMIZED,134,2010,효능,futilit,The study has been stopped due to safety and futility concerns.,Red Cell Transfusions | Iron Chelation | Hydroxyurea | Phlebotomy,"Hemochromatosis | Cerebrovascular Accident | Anemia, Sickle Cell | Hematologic Diseases",
NCT02704403,Elafibranor,Nonalcoholic Steatohepatitis (NASH) With Fibrosis,PHASE3,RANDOMIZED,2157,2020,효능,did not meet,"Study did not meet the predefined primary surrogate efficacy endpoint, no safety issues identified",Elafibranor,Nonalcoholic Steatohepatitis (NASH) With Fibrosis,
NCT02260635,Evacetrapib,Hypercholesterolemia,PHASE3,RANDOMIZED,54,2015,효능,insufficient efficacy,Study termination due to insufficient efficacy.,Evacetrapib,Hypercholesterolemia,
NCT04840199,Letermovir Oral Tablet,HIV Infections,PHASE2,RANDOMIZED,44,2023,효능,futilit,Permanently closed to screening and accrual due to futility,Letermovir Oral Tablet,HIV Infections | Cytomegalovirus | CMV,
NCT01391130,LY2510924,Metastatic Clear Cell Renal Cell Carcinoma,PHASE2,RANDOMIZED,110,2017,효능,Insufficient Efficacy,Study Terminated due to Insufficient Efficacy,LY2510924 | Sunitinib,Metastatic Clear Cell Renal Cell Carcinoma,
NCT04601467,AZD5718,Acute Coronary Syndrome,PHASE2,RANDOMIZED,243,2024,효능,futilit,The study was terminated early on 14th September 2023 by the main funding company because of financial futility. We were able to enroll 243 of the initial planned 360 participants and randomised 209 participants of the intial planned 286.,AZD5718,Acute Coronary Syndrome,
NCT04537299,Fisetin,Covid19,PHASE2,RANDOMIZED,20,2024,효능,futilit,The DSMB and NIA determined the study should be stopped due to futility.,Fisetin,Covid19 | SARS-CoV Infection,
NCT01905592,niraparib,"Neoplasms, Breast",PHASE3,RANDOMIZED,216,2021,효능,futilit,The study was terminated due to futility.,niraparib | Physician's choice,"Neoplasms, Breast | Carcinoma of Breast | Human Epidermal Growth Factor 2 Negative Carcinoma of Breast | BRCA1 Gene Mutation | BRCA2 Gene Mutation | Ovarian Neoplasms",
NCT03572478,Rucaparib,Prostate Cancer,"PHASE1,PHASE2",RANDOMIZED,12,2020,효능,lack of efficacy,The study was terminated due to lack of efficacy.,Rucaparib | Nivolumab,Prostate Cancer | Endometrial Cancer,
NCT01355874,Iferanserin,Internal Hemorrhoids,PHASE3,RANDOMIZED,403,2012,효능,primary endpoint was not met,The primary endpoint was not met on the double blind data,Iferanserin | Iferanserin + Placebo,Internal Hemorrhoids,
NCT02595840,Afatinib,Non-small-cell Lung Cancer With Somatic EGFR Mutations,PHASE2,RANDOMIZED,4,2017,효능,Futilit,Futility,Afatinib | Pemetrexed,Non-small-cell Lung Cancer With Somatic EGFR Mutations,
NCT05028569,BOTOX,Episodic Migraine,PHASE3,RANDOMIZED,775,2024,효능,lack of efficacy,The study was terminated early due to lack of efficacy from the primary analysis results.,BOTOX,Episodic Migraine,
NCT01017237,Dexmedetomidine,Anesthesia,PHASE4,RANDOMIZED,18,2011,효능,ineffective,Protocol proved to be ineffective for adequate sedation for third molar surgery.,Dexmedetomidine | Midazolam | Ketamine,Anesthesia,
NCT03221842,C1-esterase inhibitor,Antibody-mediated Rejection,PHASE3,RANDOMIZED,63,2021,효능,futilit,The study was terminated early due to futility of enrolment and not for safety reasons.,C1-esterase inhibitor,Antibody-mediated Rejection,
NCT03060473,Azithromycin,Preterm Premature Rupture of Membranes (PPROM),PHASE3,RANDOMIZED,21,2023,효능,futile,"Patient population that meets study criteria is insufficient to continue project in a reasonable amount of time. To continue is futile in resources, staff time, and effort.",Azithromycin | Erythromycin | Ampicillin | Amoxicillin,Preterm Premature Rupture of Membranes (PPROM),약물
NCT00203151,edratide,Systemic Lupus Erythematosus,PHASE2,RANDOMIZED,340,2007,효능,did not meet,TV-4710/201 did not meet its primary endpoints in patients with SLE,edratide,Systemic Lupus Erythematosus,
NCT00443729,Comparator: raltegravir,HIV Infection,PHASE3,RANDOMIZED,355,2009,효능,did not demonstrate,Primary efficacy analysis at Week 24 did not demonstrate non-inferiority of raltegravir versus lopinavir (+) ritonavir,Comparator: raltegravir | Comparator: placebo | Comparator: lopinavir (+) ritonavir | Comparator: placebo,HIV Infection,
NCT04248465,Ravulizumab,Amyotrophic Lateral Sclerosis,PHASE3,RANDOMIZED,382,2021,효능,lack of efficacy,The IDMC recommended the study be discontinued due to lack of efficacy with ravulizumab.,Ravulizumab,Amyotrophic Lateral Sclerosis | ALS,
NCT04648020,Clonidine HCl Mucoadhesive Buccal Tablet,Chemoradiotherapy-Induced Severe Oral Mucositis,"PHASE2,PHASE3",RANDOMIZED,190,2023,효능,did not meet,Interim Analysis did not meet the pre-defined threshold for efficacy of a 15% absolute difference in SOM prevention between Validive and placebo.,Clonidine HCl Mucoadhesive Buccal Tablet,Chemoradiotherapy-Induced Severe Oral Mucositis,
NCT02545283,Cytarabine,"Leukemia, Myeloid, Acute",PHASE3,RANDOMIZED,447,2020,효능,futilit,The study was stopped for futility based on efficacy results at the interim analysis; no unexpected safety findings were observed.,Cytarabine | Idasanutlin,"Leukemia, Myeloid, Acute",
NCT04369573,Early intra-aortic balloon pump (IABP) implantation,Cardiogenic Shock,PHASE4,RANDOMIZED,100,2024,효능,futilit,Because the Data Safety Monitoring Board after the interim analisys concluded that the experimental treatment is not proviiding any minimal full benefit compared to the contrtol. They then reccomended to stop the trial due to futility,Early intra-aortic balloon pump (IABP) implantation,Cardiogenic Shock,
NCT03567291,TEV-50717,Tourette Syndrome,PHASE3,RANDOMIZED,228,2020,효능,did not meet,The parent trials did not meet the primary endpoints of reduction in motor and phonic tics.,TEV-50717,Tourette Syndrome,
NCT04746924,Tislelizumab,Non-small Cell Lung Cancer,PHASE3,RANDOMIZED,669,2026,효능,lack of efficacy,This decision was conducted by the sponsor based on lack of efficacy and not driven by safety concerns.,Tislelizumab | Ociperlimab | Pembrolizumab,Non-small Cell Lung Cancer | NSCLC,
NCT00165880,E7070,Metastatic Breast Cancer,PHASE2,RANDOMIZED,62,2007,효능,lack of efficacy,This study was stopped prematurely due to lack of efficacy.,E7070,Metastatic Breast Cancer,
NCT04781543,HZN-825 BID,Diffuse Cutaneous Systemic Sclerosis,PHASE2,RANDOMIZED,301,2025,효능,futilit,The study was terminated due to meeting pre-defined criteria for futility.,HZN-825 BID | HZN-825 QD,"Diffuse Cutaneous Systemic Sclerosis | Sclerosis, Systemic",
NCT04459715,Xevinapant (Debio 1143),Squamous Cell Carcinoma of the Head and Neck,PHASE3,RANDOMIZED,730,2024,효능,futilit,Study has crossed the pre-defined futility boundary at the Interim Analysis.,Xevinapant (Debio 1143) | Cisplatin | Intensity Modulation Radiation Therapy (IMRT),Squamous Cell Carcinoma of the Head and Neck,
NCT02213744,MM-302,Breast Cancer,"PHASE2,PHASE3",RANDOMIZED,113,2017,효능,futilit,Felt not to show benefit over control per DMC and confirmed via futility analysis,MM-302 | Gemcitabine | Capecitabine | Vinorelbine | Trastuzumab,Breast Cancer | HER2 Positive Breast Cancer,
NCT01870609,defactinib (VS-6063),Malignant Pleural Mesothelioma,PHASE2,RANDOMIZED,344,2016,효능,lack of efficacy,Interim analysis-DSMB stated good safety profile but lack of efficacy,defactinib (VS-6063),Malignant Pleural Mesothelioma,
NCT03948334,ZPL389 30mg,Atopic Dermatitis,PHASE2,RANDOMIZED,123,2020,효능,lack of efficacy,Core terminated due to lack of efficacy,ZPL389 30mg | ZPL389 50mg | TCS and/or TCI,Atopic Dermatitis,
NCT05744401,AL002,Alzheimer's Disease,PHASE2,RANDOMIZED,197,2025,효능,failed to meet,Parent study failed to meet the primary endpoint and there were no treatment effects that favored AL002 on secondary clinical and functional endpoints.,AL002,Alzheimer's Disease,
NCT02972658,Lanabecestat,Alzheimer's Disease,PHASE3,RANDOMIZED,421,2018,효능,futilit,"As the feeder study (AZES) was stopped for futility after an independent assessment, this trial was also stopped.",Lanabecestat,Alzheimer's Disease,
NCT00316004,7.5% Hypertonic Saline in 6% Dextran-70 (HSD),"Brain Injuries, Traumatic",PHASE3,RANDOMIZED,1331,2010,효능,Futilit,Futility,7.5% Hypertonic Saline in 6% Dextran-70 (HSD) | 7.5% Hypertonic Saline (HS) | 0.9% Normal Saline (NS),"Brain Injuries, Traumatic",
NCT03053063,SEL,Nonalcoholic Steatohepatitis,PHASE3,RANDOMIZED,883,2019,효능,lack of efficacy,This study was terminated early due to lack of efficacy based on the results of the Week 48 analysis as prespecified in the clinical study protocol.,SEL,Nonalcoholic Steatohepatitis,
NCT04059406,sapablursen,Beta Thalassemia Intermedia,PHASE2,RANDOMIZED,29,2023,효능,did not meet,"Favorable safety and tolerability were seen, but efficacy results in the mid-stage study did not meet Ionis' minimum target product profile to justify further development.",sapablursen,Beta Thalassemia Intermedia,
NCT00926575,"oral beclomethasone 17,21-dipropionate",Acute Gastrointestinal Graft vs Host Disease,PHASE3,RANDOMIZED,140,2012,효능,futilit,An independent Data Safety Monitoring Board recommended the study be stopped due to futility,"oral beclomethasone 17,21-dipropionate",Acute Gastrointestinal Graft vs Host Disease,
NCT02725372,Inhaled Nitric Oxide 75 mcg/kg IBW/hr,Pulmonary Arterial Hypertension,PHASE3,RANDOMIZED,207,2018,효능,futilit,Trial stopped for futility,Inhaled Nitric Oxide 75 mcg/kg IBW/hr,Pulmonary Arterial Hypertension,
NCT04965038,Tenecteplase (until trial protocol V04: Alteplase),Central Retinal Artery Occlusion,PHASE3,RANDOMIZED,127,2026,효능,futilit,Stopped after prespecified interim analysis due to futility,Tenecteplase (until trial protocol V04: Alteplase),Central Retinal Artery Occlusion,
NCT00538681,enzastaurin,Lung Cancer,PHASE2,RANDOMIZED,35,2008,효능,lack of efficacy,Terminated due to lack of efficacy demonstrated in relevant participant population in other clinical trials.,enzastaurin | pemetrexed | cisplatin,Lung Cancer,
NCT02007252,ACZ885,Abdominal Aortic Aneurysm (AAA),PHASE2,RANDOMIZED,65,2015,효능,lack of efficacy,The results of a third interim analysis (ad hoc) indicated a lack of efficacy and futility in continuing the trial.,ACZ885,Abdominal Aortic Aneurysm (AAA),
NCT04492722,AZD5718,Chronic Kidney Disease,PHASE2,RANDOMIZED,613,2022,효능,lack of efficacy,The Sponsor decided to terminate the study early due to lack of efficacy. There were no safety concerns related to the study.,AZD5718 | Dapagliflozin 10 mg,Chronic Kidney Disease,
NCT03289143,Semorinemab,Alzheimer's Disease,PHASE2,RANDOMIZED,457,2021,효능,did not show,Study was terminated during Open Label Extension period because analyses of placebo-controlled Blinded portion of study did not show any evidence of clinical efficacy or modulation of accumulation of tau PET signal at any of the doses studied.,Semorinemab | [18F]GTP1,Alzheimer's Disease,
NCT02372578,ASP3662,Painful Diabetic Peripheral Neuropathy (PDPN),PHASE2,RANDOMIZED,115,2016,효능,futilit,The study was terminated due to futility analysis.,ASP3662 | pregabalin | ASP3662 placebo | pregabalin placebo,Painful Diabetic Peripheral Neuropathy (PDPN),
NCT00852332,Curcumin,Breast Cancer,PHASE2,RANDOMIZED,42,2017,효능,futilit,The trial was stopped for futility in view of the results of the anticipated analysis,Curcumin | Taxotere,Breast Cancer,
NCT00676650,Prednisone,Prostatic Neoplasms,PHASE3,RANDOMIZED,873,2011,효능,futilit,Study A6181120 was prematurely discontinued due to futility on 27 September 2010. No new or unexpected safety issues were identified.,Prednisone | sunitinib | Prednisone,Prostatic Neoplasms,약물
NCT04369469,Ravulizumab,COVID-19 Severe Pneumonia,PHASE3,RANDOMIZED,202,2021,효능,futilit,Met futility bar at interim analysis,Ravulizumab | BSC,"COVID-19 Severe Pneumonia | Acute Lung Injury | Acute Respiratory Distress Syndrome | Pneumonia, Viral",
NCT05439941,EDP1815,Atopic Dermatitis,PHASE2,RANDOMIZED,287,2023,효능,did not meet,Parent Study (NCT05121480) did not meet the primary endpoint.,EDP1815,Atopic Dermatitis,
NCT03288545,enfortumab vedotin (EV),"Carcinoma, Transitional Cell","PHASE1,PHASE2",RANDOMIZED,348,2026,효능,futilit,"Sponsor stopped the study after meeting enrollment targets and primary objectives, and after collecting sufficient data for planned regulatory filings. The decision was not due to safety concerns, futility, or any regulatory request.",enfortumab vedotin (EV) | pembrolizumab | cisplatin | carboplatin | gemcitabine,"Carcinoma, Transitional Cell | Urinary Bladder Neoplasms | Urologic Neoplasms | Renal Pelvis Neoplasms | Urothelial Cancer | Ureteral Neoplasms | Urethral Neoplasms",
NCT01777256,GSK2586184 50 mg,Systemic Lupus Erythematosus,PHASE2,RANDOMIZED,51,2014,효능,futilit,This study met a protocol defined futility criterion and will be terminated following completion of the Follow Up Visit on the last subject randomised.,GSK2586184 50 mg | GSK2586184 100 mg | GSK2586184 200 mg | GSK2586184 400 mg,Systemic Lupus Erythematosus,
NCT00437294,enzastaurin,Breast Cancer,PHASE2,RANDOMIZED,86,2009,효능,Lack of efficacy,Lack of efficacy,enzastaurin | capecitabine,Breast Cancer,
NCT01012297,Bevacizumab,Recurrent Uterine Corpus Sarcoma,PHASE3,RANDOMIZED,107,2015,효능,futilit,"The study was targeted to accrue 130 patients, but closed early for futility.",Bevacizumab | Docetaxel | Filgrastim | Gemcitabine Hydrochloride | Pegfilgrastim,Recurrent Uterine Corpus Sarcoma | Stage IIIA Uterine Sarcoma | Stage IIIB Uterine Sarcoma | Stage IIIC Uterine Sarcoma | Stage IVA Uterine Sarcoma | Stage IVB Uterine Sarcoma | Uterine Corpus Leiomyosarcoma,약물
NCT06045793,TNX-1300 (Injection),Cocaine Use,PHASE2,RANDOMIZED,3,2025,효능,efficacy reasons,Tonix has discontinued enrollment and terminated the Phase 2 CATALYST study (TNX-CE-CI202) because enrollment in this emergency department-based study was slower than projected. The study was not discontinued for safety or efficacy reasons.,TNX-1300 (Injection),Cocaine Use | Cocaine Intoxication | Cocaine Toxicity | Cocaine Abuse | Cocaine Adverse Reaction,
NCT05019742,SPH3127,Ulcerative Colitis,PHASE2,RANDOMIZED,3,2022,효능,futilit,"Shanghai Pharma Biotherapeutics USA Inc. experienced difficulty in recruiting clinical research sites and in enrolling patients with ulcerative colitis, and consequently, the study was terminated due to futility.",SPH3127,Ulcerative Colitis,
NCT04377659,Tocilizumab,COVID-19,PHASE2,RANDOMIZED,9,2022,효능,no benefit,"Based on two large, multicenter, randomized trials showed no benefit to tocilizumab in this setting and study has been closed.",Tocilizumab,COVID-19,
NCT01151215,AZD8931,Neoplasms,PHASE2,RANDOMIZED,482,2013,효능,Futilit,Futility,AZD8931 | anastrozole,Neoplasms | Breast Neoplasms | Breast Cancer,
NCT01095250,AIN457,Uveitis,PHASE3,RANDOMIZED,30,2010,효능,did not meet,Terminated: Study in Behcet's disease with mostly active uveitis did not meet its primary endpoint.,AIN457 | AIN457 | AIN457,Uveitis,
NCT00929162,ZD4054 Zibotentan,Patients With Advanced Ovarian Cancer Sensitive to Platinum-based Chemotherapy,PHASE2,RANDOMIZED,120,2011,효능,no benefit,Primary objective of the trial was not met and so there was no benefit in collecting further information,ZD4054 Zibotentan | Paclitaxel | Carboplatin,Patients With Advanced Ovarian Cancer Sensitive to Platinum-based Chemotherapy,
NCT05144685,OTX-202,"Suicide, Attempted","PHASE2,PHASE3",RANDOMIZED,356,2024,효능,futilit,Data Safety Monitoring Board (DSMB) recommendation per Charter stopping rules. The study surpassed the pre-planned futility boundary.,OTX-202 | OTX-000 | Treatment as Usual,"Suicide, Attempted | Suicidal Ideation",
NCT00439374,17 alpha-hydroxyprogesterone caproate,Preterm Delivery,PHASE3,RANDOMIZED,657,2011,효능,futilit,Halted by NICHD after recommendation by DSMC to stop for futility,17 alpha-hydroxyprogesterone caproate,Preterm Delivery | Cervical Length,
NCT03589976,Sirolimus 2 MG,Multiple System Atrophy,PHASE2,RANDOMIZED,47,2021,효능,futilit,Interim analysis showed early evidence of futility of sirolimus. Trial stopped per DSMB recommendation.,Sirolimus 2 MG,Multiple System Atrophy,
NCT00840294,Ciprofloxacin,Elevated Prostate Specific Antigen,PHASE3,RANDOMIZED,85,2011,효능,futilit,Combination of futility analysis and poor accrual,Ciprofloxacin,Elevated Prostate Specific Antigen,
NCT05567783,VIR-2482 (450 mg),Influenza A,PHASE2,RANDOMIZED,2977,2023,효능,did not demonstrate,VIR-2482 1200 mg did not demonstrate efficacy versus placebo in the primary analysis of the primary endpoint,VIR-2482 (450 mg) | VIR-2482 (1200 mg),Influenza A,
NCT00745823,Comparator: Raltegravir 400 mg b.i.d.,HIV,PHASE3,RANDOMIZED,775,2011,효능,did not demonstrate,Primary efficacy analysis at Week 48 did not demonstrate non-inferiority of raltegravir 800 mg once daily versus raltegravir 400 mg twice daily,Comparator: Raltegravir 400 mg b.i.d. | Experimental: Raltegravir 800 mg q.d. | TRUVADA™,HIV,
NCT00545662,citicoline,Traumatic Brain Injury,PHASE3,RANDOMIZED,1213,2011,효능,futilit,Trial stopped due to futility.,citicoline,Traumatic Brain Injury,
NCT01414166,ERN/LRPT,Dyslipidemia,PHASE3,RANDOMIZED,244,2013,효능,did not meet,"In HPS2-THRIVE, MK-0524A did not meet the primary efficacy objective and there was a significant increase in incidence of some types of non-fatal SAEs",ERN/LRPT,Dyslipidemia,
NCT01116102,Subcutaneous HYLENEX (recombinant human hyaluronidase) and Lactated Ringer's solution,Dehydration,PHASE4,RANDOMIZED,20,2010,효능,efficacy concerns,Strategic business decision (not related to safety or efficacy concerns),Subcutaneous HYLENEX (recombinant human hyaluronidase) and Lactated Ringer's solution,Dehydration,
NCT00312286,851B,Papillomavirus Infections,PHASE2,RANDOMIZED,538,2008,효능,Lack of efficacy,Lack of efficacy,851B | 851B | 851B | 851B | 851B | 851B | 851B | 851B | 851B | 851B | 851B,Papillomavirus Infections,
NCT01608321,rTMS,Chronic Pain,PHASE3,RANDOMIZED,17,2015,효능,Did not meet,Did not meet recruitment goals,rTMS,Chronic Pain,
NCT02633800,Patritumab,Head and Neck Neoplasms,PHASE2,RANDOMIZED,87,2018,효능,lack of efficacy,Trial was terminated by sponsor due to lack of efficacy.,Patritumab | Cetuximab | Cisplatin | Carboplatin,Head and Neck Neoplasms,
NCT02895100,PTG-100,Ulcerative Colitis,PHASE2,RANDOMIZED,98,2018,효능,futilit,Data Monitoring Committee discontinued the trial due to futility-based outcome,PTG-100,Ulcerative Colitis,
NCT00676143,bapineuzumab,Alzheimer Disease,PHASE3,RANDOMIZED,1100,2012,효능,no clinical benefit,"The study was terminated on August 6, 2012, because 2 large Phase 3 studies showed no clinical benefit. This decision was not based on any new safety concerns.",bapineuzumab,Alzheimer Disease,
NCT00333216,"Anecortave Acetate Sterile Suspension, 30 mg/mL",AMD,PHASE3,RANDOMIZED,24,2008,효능,Lack of efficacy,Lack of efficacy,"Anecortave Acetate Sterile Suspension, 30 mg/mL | Anecortave Acetate Sterile Suspension, 60 mg/ML | Anecortave Acetate Vehicle",AMD,
NCT04625114,Camostat,Covid19,PHASE2,RANDOMIZED,108,2022,효능,did not show,"Interim analyses did not show evidence that camostat mesylate under the present conditions (300 mg three times daily for five or 10 consecutive days, fasted state) was effective as an antiviral drug against early phase SARS-CoV-2 disease.",Camostat | Camostat,Covid19,
NCT00625833,"[S,S]-Reboxetine",Diabetic Neuropathies,PHASE2,RANDOMIZED,330,2008,효능,futilit,Study was terminated for futility following the planned interim analysis.,"[S,S]-Reboxetine",Diabetic Neuropathies,
NCT02697136,CER-001,Familial Hypoalphalipoproteinemia,PHASE3,RANDOMIZED,30,2018,효능,Lack of efficacy,Lack of efficacy,CER-001,Familial Hypoalphalipoproteinemia,
NCT04606563,Losartan,Covid19,PHASE3,RANDOMIZED,341,2022,효능,futilit,DSMC recommendation due to futility,Losartan | Valsartan | Azilsartan | Candesartan | Eprosartan | Irbesartan | Olmesartan | Telmisartan,Covid19 | SARS-CoV Infection,
NCT04759833,Prucalopride,Constipation,PHASE3,RANDOMIZED,175,2023,효능,futilit,"Data Monitoring Committee (DMC) decision; terminated due to futility, with no safety concerns; FDA agreement to terminate the study.",Prucalopride,Constipation,
NCT04333147,Otilimab (GSK3196165),"Arthritis, Rheumatoid",PHASE3,RANDOMIZED,2916,2023,효능,Limited efficacy,Study is early terminated due to Limited efficacy demonstrated in the contRAst program does not support a suitable benefit/risk profile for otilimab as a potential treatment for RA. GSK has decided not to progress with regulatory submissions.,Otilimab (GSK3196165) | csDMARD(s),"Arthritis, Rheumatoid",
NCT00283634,erlotinib and bortezomib,NSCLC,PHASE2,RANDOMIZED,,2007,효능,insufficient efficacy,insufficient efficacy,erlotinib and bortezomib,NSCLC,
NCT05626322,Maplirpacept,Diffuse Large B-Cell Lymphoma,"PHASE1,PHASE2",RANDOMIZED,6,2025,효능,efficacy concerns,The trial terminated due to the inability to recruit the planned number of subjects. The decision was not based on any safety and/or efficacy concerns,Maplirpacept | Tafasitamab | Lenalidomide,Diffuse Large B-Cell Lymphoma,
NCT02150161,Lidocaine/ ketamine,Opioid Free Anaesthesia,PHASE3,RANDOMIZED,53,2015,효능,futilit,DSMB estimated futility of the trial and safety risk,Lidocaine/ ketamine | Fentanyl,Opioid Free Anaesthesia | Postoperative Analgesia,
NCT04411472,Recombinant human alkaline phosphatase,Acute Kidney Injury Due to Sepsis,PHASE3,RANDOMIZED,676,2022,효능,futilit,The Data Monitoring Committee (DMC) concluded that the pre-specified futility threshold was met and that there was no safety concern.,Recombinant human alkaline phosphatase,Acute Kidney Injury Due to Sepsis,
NCT04374136,AL001,Frontotemporal Dementia,PHASE3,RANDOMIZED,119,2026,효능,did not meet,"The trial did not meet the clinical co-primary endpoint of slowing FTD-GRN progression, as measured by the Clinical Dementia Rating® plus National Alzheimer's Coordinating Center Frontotemporal Lobar Degeneration Sum of Boxes (CDR® plus NACC FTLD-SB)",AL001 | Open label - AL001,Frontotemporal Dementia,
NCT04437368,GT005,Dry Age-related Macular Degeneration,PHASE2,RANDOMIZED,98,2024,효능,futilit,Terminated for interim analysis demonstrating futility (trial highly unlikely to meet efficacy outcome). The trial is not ending early because of medical problems or concerns.,GT005,Dry Age-related Macular Degeneration,
NCT01223755,Sirolimus,Autosomal Dominant Polycystic Kidney Disease (ADPKD),"PHASE2,PHASE3",RANDOMIZED,41,2012,효능,efficacy reason,safety and efficacy reason,Sirolimus | conventional therapy,Autosomal Dominant Polycystic Kidney Disease (ADPKD),
NCT04632940,Pamrevlumab,Duchenne Muscular Dystrophy,PHASE3,RANDOMIZED,73,2023,효능,did not meet,Study did not meet its primary endpoint.,Pamrevlumab | Corticosteroids,Duchenne Muscular Dystrophy,
NCT02500524,Cocamide diethanolamine,Pediculosis Capitis,PHASE3,RANDOMIZED,44,1999,효능,Lack of efficacy,Lack of efficacy,Cocamide diethanolamine | Permethrin,Pediculosis Capitis | Head Louse Infestation,
NCT01798485,Docetaxel,Non-Small-Cell Lung Adenocarcinoma,PHASE3,RANDOMIZED,696,2015,효능,futilit,The study was stopped after the first Interim Analysis due to futility.,Docetaxel | Ganetespib,Non-Small-Cell Lung Adenocarcinoma | Non-small Cell Lung Cancer Stage IIIB | Non-small Cell Lung Cancer Stage IV | Non-small Cell Lung Cancer Metastatic,약물
NCT01963403,EE 30mcg/LNG 150mcg,"Abnormal Uterine Bleeding, Unspecified",PHASE4,RANDOMIZED,26,2015,효능,Futilit,Futility of recruitment,EE 30mcg/LNG 150mcg,"Abnormal Uterine Bleeding, Unspecified | Uterine Bleeding Heavy",
NCT03864627,MOR106,Atopic Dermatitis,PHASE2,RANDOMIZED,33,2020,효능,futilit,MOR106 clinical development in atopic dermatitis was stopped for futility,MOR106,Atopic Dermatitis,
NCT02718417,carboplatin,Ovarian Cancer,PHASE3,RANDOMIZED,998,2019,효능,futilit,The study was terminated based on the results of a planned interim analysis that showed futility of efficacy.,carboplatin | paclitaxel | Avelumab | Avelumab,Ovarian Cancer,
NCT06153420,CIN-103,Irritable Bowel Syndrome With Diarrhea,PHASE2,RANDOMIZED,421,2025,효능,lack of efficacy,The study was terminated due to lack of efficacy compared to placebo.,CIN-103,Irritable Bowel Syndrome With Diarrhea,
NCT04361253,High-Titer COVID-19 Convalescent Plasma (HT-CCP),COVID,PHASE3,RANDOMIZED,45,2021,효능,Futilit,Futility,High-Titer COVID-19 Convalescent Plasma (HT-CCP) | Standard Plasma (FFP),COVID | Infectious Disease,
NCT01769196,Simtuzumab,Idiopathic Pulmonary Fibrosis,PHASE2,RANDOMIZED,544,2016,효능,lack of efficacy,The Study was terminated due to lack of efficacy.,Simtuzumab | Simtuzumab placebo,Idiopathic Pulmonary Fibrosis,
NCT00609180,Minimal (Trophic) Feeding,"Respiratory Distress Syndrome, Adult",PHASE3,RANDOMIZED,272,2009,효능,futilit,The Omega arm of this study was stopped for futility. The EDEN arm continues to recruit patients as a separate independent study.,Minimal (Trophic) Feeding | Full Feeding | Omega-3 Fatty Acids and Antioxidant Supplements,"Respiratory Distress Syndrome, Adult",
NCT05305040,Posoleucel (ALVR105),Adenovirus Infection,"PHASE2,PHASE3",RANDOMIZED,451,2024,효능,futile,Study discontinued as DSMB determined it was futile. No safety concerns were noted.,Posoleucel (ALVR105),Adenovirus Infection | BK Virus Infection | Cytomegalovirus Infections | Epstein-Barr Virus Infections | Human Herpes Virus-6 Infection | JC Virus Infection,
NCT02940626,ASN100,"Pneumonia, Ventilator-associated",PHASE2,RANDOMIZED,155,2018,효능,futilit,As a result of a pre-planned interim analysis for futility,ASN100,"Pneumonia, Ventilator-associated | Pneumonia, Staphylococcal",
NCT01712074,PF-05212377 (SAM-760),Alzheimer's Disease,PHASE2,RANDOMIZED,186,2015,효능,futilit,"The study was terminated October 23, 2015 as pre-specified, interim analysis futility criteria were met. The termination was not due to safety concerns.",PF-05212377 (SAM-760),Alzheimer's Disease,
NCT04543409,Benralizumab,Eosinophilic Esophagitis,PHASE3,RANDOMIZED,211,2023,효능,did not meet,"High-level results from the MESSINA Phase III trial showed that AstraZeneca's Fasenra (benralizumab) did not meet one of the two dual-primary endpoints. Given the lack of clear benefit in this patient population, study has been terminated.",Benralizumab | Matching placebo,Eosinophilic Esophagitis,
NCT00738699,MORAb-003 (farletuzumab),Ovarian Cancer,PHASE2,RANDOMIZED,415,2012,효능,did not meet,study did not meet pre-specified criteria for continuation following interim futility analysis,MORAb-003 (farletuzumab) | 0.9% Saline | Paclitaxel,Ovarian Cancer,
NCT01200589,Ofatumumab,Non-Hodgkin's Lymphoma,PHASE3,RANDOMIZED,438,2016,효능,futilit,The study stopped due to futility.,Ofatumumab | Rituximab | Ofatumumab | Rituximab,Non-Hodgkin's Lymphoma,
NCT01275976,C1-esterase inhibitor,Trauma,PHASE3,RANDOMIZED,11,2015,효능,Futilit,Futility and limited feasibility,C1-esterase inhibitor,Trauma | Inflammation | Sepsis | Multiple Organ Dysfunction Syndrome,
NCT04947579,CC-99677,"Spondylitis, Ankylosing",PHASE2,RANDOMIZED,167,2023,효능,lack of efficacy,The study has been terminated due to Non-Safety reasons because of lack of efficacy in the short-term acute phase.,CC-99677,"Spondylitis, Ankylosing",
NCT01232556,Inotuzumab ozogamicin,"Lymphoma, Non-Hodgkin",PHASE3,RANDOMIZED,338,2014,효능,futilit,"The study was terminated prematurely on May 16, 2013, for futility. No new or unexpected safety issues were identified.",Inotuzumab ozogamicin | Rituximab | rituximab + gemcitabine | rituximab +bendamustine,"Lymphoma, Non-Hodgkin",
NCT02951156,Avelumab,Diffuse Large B-Cell Lymphoma,PHASE3,RANDOMIZED,29,2019,효능,futilit,Study was terminated due to closure of study arms following futility analysis and difficulty in enrolling participants due to evolving treatment landscape,Avelumab | Utomilumab | Rituximab | Azacitidine | Bendamustine | Gemcitabine | Oxaliplatin,Diffuse Large B-Cell Lymphoma,
NCT03185481,1 mg QD to 15 mg QD PF-06649751,Parkinson's Disease With Motor Fluctuations,PHASE2,RANDOMIZED,5,2017,효능,insufficient efficacy,Terminated 25Sep17 due to parent study insufficient efficacy. Not due to safety,1 mg QD to 15 mg QD PF-06649751 | 3 mg QD to 15 mg QD PF-06649751 | 7 mg QD to 15 mg QD PF-06649751 | 15 mg QD PF-06649751 | 1 mg QD to 7 mg QD PF-06649751 (if de-escalated in parent study) | 3 mg QD to 7 mg QD PF-06649751 (de-escalated in parent study) | 7 mg QD to 7 mg QD PF-06649751 (de-escalated in parent study) | 15 mg QD de-escalated to 7 mg QD PF-06649751 in parent study remain at 7 mg QD,Parkinson's Disease With Motor Fluctuations,
NCT03970837,GSK3196165 (Otilimab),"Arthritis, Rheumatoid",PHASE3,RANDOMIZED,1764,2023,효능,Limited efficacy,Only Asia cohort is early terminated.Limited efficacy demonstrated in the contRAst program does not support a suitable benefit/risk profile for otilimab as a potential treatment for RA. GSK has decided not to progress with regulatory submissions.,GSK3196165 (Otilimab) | Tofacitinib,"Arthritis, Rheumatoid",
NCT03535675,Muscadine Plus,Adenocarcinoma of the Prostate,PHASE3,RANDOMIZED,59,2022,효능,futilit,The study was terminated by DSMB due to futility.,Muscadine Plus | Placebos,Adenocarcinoma of the Prostate,
NCT00122915,"Cortical lead, 8 electrodes (Model 2976) with Synergy neurostimulator","Pain, Intractable",PHASE3,RANDOMIZED,104,2008,효능,efficacy concerns,Based on a consistently low enrolment rate and procedural challenges that were unknown at study start. It was not based on safety or efficacy concerns.,"Cortical lead, 8 electrodes (Model 2976) with Synergy neurostimulator","Pain, Intractable | Facial Pain",
NCT03372603,GSK2798745,Cough,"PHASE1,PHASE2",RANDOMIZED,17,2018,효능,lack of efficacy,Study terminated due to lack of efficacy of GSK2798745 in chronic cough.,GSK2798745,Cough,
NCT01418742,"Panitumumab, Doxycycline/Placebo",Colorectal Carcinoma,PHASE2,RANDOMIZED,11,2013,효능,did not meet,Recruitement did not meet expectations. Prev. differentiation of RAS-wild-type and mutated RAS are not in accordance with the scientific rank anymore.,"Panitumumab, Doxycycline/Placebo | Panitumumab",Colorectal Carcinoma,
NCT03267108,INOpulse®,Pulmonary Fibrosis,PHASE3,RANDOMIZED,145,2023,효능,did not meet,"The trial did not meet its primary endpoint, hence was terminated due to futility.",INOpulse® | Open Label Extension,Pulmonary Fibrosis | Pulmonary Hypertension,
NCT03003390,Enoxaparin,Deep Venous Thrombosis,PHASE2,RANDOMIZED,51,2019,효능,futilit,Met protocol defined stopping rule for futility,Enoxaparin,Deep Venous Thrombosis,
NCT03744910,Clazakizumab,Antibody-mediated Rejection,PHASE3,RANDOMIZED,194,2024,효능,lack of efficacy,Early stop for lack of efficacy/futility (at Interim analysis),Clazakizumab | Physiologic saline solution,Antibody-mediated Rejection,
NCT06312020,HZN-1116,Sjogren's Syndrome,PHASE2,RANDOMIZED,209,2026,효능,futilit,The study was terminated by sponsor due to meeting pre-defined criteria for futility.,HZN-1116,Sjogren's Syndrome,
NCT03955146,Pamrevlumab,Idiopathic Pulmonary Fibrosis,PHASE3,RANDOMIZED,393,2023,효능,did not meet,Study did not meet its primary endpoint.,Pamrevlumab,Idiopathic Pulmonary Fibrosis,
NCT04417257,LAU-7b,COVID-19 Disease,"PHASE2,PHASE3",RANDOMIZED,351,2024,효능,futilit,"Phase 2 completed normally, Phase 3 terminated for futility due to lack of aggravation events.",LAU-7b,COVID-19 Disease,
NCT01198002,LY2127399,Rheumatoid Arthritis,PHASE3,RANDOMIZED,1041,2014,효능,insufficient efficacy,"Terminated not based on safety concerns, but due to insufficient efficacy.",LY2127399 | Methotrexate,Rheumatoid Arthritis,
NCT02574637,Brazikumab IV Infusion,Crohn's Disease,PHASE2,RANDOMIZED,29,2018,효능,efficacy concerns,Study was terminated for business reasons; not due to safety or efficacy concerns.,Brazikumab IV Infusion | Brazikumab SC Injection,Crohn's Disease,
NCT01386372,Tolvaptan,Hyponatremia,PHASE2,RANDOMIZED,3,2012,효능,futilit,futility,Tolvaptan | Standard therapy,Hyponatremia,
NCT02703272,Ibrutinib,"Lymphoma, Non-Hodgkin",PHASE3,RANDOMIZED,72,2021,효능,futilit,"IDMC recommended that enrolment be stoped, as the EFS hazard ratio and associated p-value crossed the futility boundary specified in protocol (July 2020).",Ibrutinib | Rituximab | Ifosfamide | Carboplatin | Etoposide | Vincristine | Idarubicin | Dexamethasone,"Lymphoma, Non-Hodgkin",
NCT04551066,parsaclisib,Myelofibrosis,PHASE3,RANDOMIZED,252,2024,효능,futilit,The study was terminated due to futility.,parsaclisib | ruxolitinib,Myelofibrosis | Primary Myelofibrosis | Post Essential Thrombocythemia Myelofibrosis | Post Polycythemia Vera Myelofibrosis,
NCT01669720,Aflibercept,Metastatic Colorectal Cancer,PHASE2,RANDOMIZED,10,2016,효능,Lack of efficacy,Lack of efficacy and enrollment,Aflibercept,Metastatic Colorectal Cancer,
NCT02381288,TAK-448,Low Testosterone,PHASE2,RANDOMIZED,17,2016,효능,did not meet,Sponsor decision to terminate the study because the study did not meet the primary endpoint.,TAK-448 | TAK-448 Placebo,Low Testosterone,
NCT04371666,Pamrevlumab,Duchenne Muscular Dystrophy,PHASE3,RANDOMIZED,98,2023,효능,did not meet,Study did not meet its primary endpoint.,Pamrevlumab | Corticosteroids,Duchenne Muscular Dystrophy,
NCT04641975,Mirabegron,Overactive Bladder (OAB),PHASE3,RANDOMIZED,26,2023,효능,futilit,Termination due to operational futility,Mirabegron,Overactive Bladder (OAB) | Pharmacokinetics of Mirabegron,
NCT05732454,etrasimod,Atopic Dermatitis,"PHASE2,PHASE3",RANDOMIZED,58,2024,효능,futilit,"Per the results of the planned interim analysis, the study met futility criteria for efficacy so the trial was terminated. This decision was made for efficacy reasons only and is not due to any safety concerns.",etrasimod,"Atopic Dermatitis | Atopic Dermatitis, Unspecified | Eczema | Eczema, Atopic",
NCT03387592,CPT-11,Neuroendocrine Carcinoma,PHASE2,RANDOMIZED,53,2022,효능,endpoint not met,Efficacy endpoint not met according to first step of Briant-Day design,CPT-11 | Calcio levofolinate | 5-Fluorouracil | Capecitabine | Temozolomide,Neuroendocrine Carcinoma,
NCT05650567,M5049 high dose,Dermatomyositis,PHASE2,RANDOMIZED,40,2025,효능,futilit,Based on interim analyses for futility,M5049 high dose,Dermatomyositis | Polymyositis,
NCT03584516,Itacitinib,Chronic Graft-versus-host Disease,"PHASE2,PHASE3",RANDOMIZED,155,2023,효능,insufficient efficacy,The study was terminated due to insufficient efficacy to support moving into Part 2 of the study; there were no safety concerns that contributed to this decision.,Itacitinib | Methylprednisolone | Prednisone,Chronic Graft-versus-host Disease,
NCT02190838,Metformin,Melanoma,PHASE2,RANDOMIZED,57,2018,효능,inefficac,Preliminary terminated due to inefficacy,Metformin | Melatonin | Dacarbazine,Melanoma,약물
NCT06245941,TQ05105 tablets,Myelofibrosis,"PHASE1,PHASE2",RANDOMIZED,21,2025,효능,efficacy concerns,Per sponsor request. Premature closure was not prompted by any safety or efficacy concerns.,TQ05105 tablets | TQB3909 tablets,Myelofibrosis,
NCT04311502,Rifapentine,HIV,PHASE2,RANDOMIZED,104,2025,효능,futilit,"Accrual was permanently closed due to futility in the experimental arm on June 22, 2023. Follow-up in the experimental arm was extended to 117 weeks.",Rifapentine | Rifampicin | Isoniazid | Pyrazinamide | Ethambutol | Clofazimine loading dose | Clofazimine 100 MG,HIV | Tuberculosis,
NCT04601077,"Nitric Oxide lozenges, 30 mg",COVID-19,"PHASE1,PHASE2",RANDOMIZED,524,2022,효능,futilit,The study stopped due to futility.,"Nitric Oxide lozenges, 30 mg",COVID-19,
NCT00267553,Atamestane,Breast Neoplasms,PHASE3,RANDOMIZED,200,2006,효능,did not meet,This was a follow-on study to Biomed 777-CLP-029 which did not meet superiority endpoint,Atamestane | toremifene | letrozole,"Breast Neoplasms | Neoplasms, Hormone-Dependent",
NCT05387707,difelikefalin 0.25 mg,Pruritus,PHASE3,RANDOMIZED,287,2024,효능,did not demonstrate,"In Part A of the study, oral difelikefalin as adjunct to topical corticosteroids (TCS) did not demonstrate meaningful clinical benefit compared to TCS alone.",difelikefalin 0.25 mg | difelikefalin 0.5 mg | TCS Cream,Pruritus | Atopic Dermatitis,
NCT02477800,Aducanumab (BIIB037),Alzheimer's Disease,PHASE3,RANDOMIZED,1653,2019,효능,futilit,Study was discontinued based on futility analysis done and not based on safety concerns. Follow-up visits and closing out study activities are completed,Aducanumab (BIIB037) | Aducanumab (BIIB037),Alzheimer's Disease,
NCT01507545,MORAb-004,Metastatic Colorectal Cancer,PHASE2,RANDOMIZED,154,2013,효능,futilit,By the sponsor at the end of Stage 1 due to futility.,MORAb-004,Metastatic Colorectal Cancer | Colorectal Cancer,
NCT02472353,Metformin,Breast Cancer,PHASE2,RANDOMIZED,30,2018,효능,did not meet,did not meet target accrual,Metformin | Doxorubicin,Breast Cancer | Breast Tumors,약물
NCT00871741,GSK2202083A vaccine,Tetanus,PHASE2,RANDOMIZED,16,2009,효능,efficacy reasons,Study stopped due to non-approval of IEC to proposed change in locations. Study discontinuation not due to safety/efficacy reasons related to the vaccine.,GSK2202083A vaccine | Infanrix hexa | Menjugate,Tetanus | Poliomyelitis | Neisseria Meningitidis | Haemophilus Influenzae Type b | Diphtheria | Acellular Pertussis | Hepatitis B,
NCT03630952,0.5 mg Conbercept Intravitreal Injection,Neovascular Age-related Macular Degeneration,PHASE3,RANDOMIZED,1157,2021,효능,primary endpoint was not met,desired primary endpoint was not met,0.5 mg Conbercept Intravitreal Injection | 1.0 mg Conbercept Intravitreal Injection | 2.0 mg Aflibercept Intravitreal Injection,Neovascular Age-related Macular Degeneration,
NCT00597649,Bicifadine,Chronic Peripheral Neuropathy Pain in Diabetics,PHASE2,RANDOMIZED,250,2008,효능,did not show,The 001 trial did not show benefit versus placebo,Bicifadine,Chronic Peripheral Neuropathy Pain in Diabetics,
NCT02085304,Gross total resection and Gliadel(R) wafers implanted,Glioblastoma,"PHASE1,PHASE2",RANDOMIZED,8,2018,효능,futilit,met stopping rules for futility,Gross total resection and Gliadel(R) wafers implanted | GammaKnife(R) stereotactic Radiosurgery | Standard fractionated radiation therapy | Temozolomide,Glioblastoma,
NCT04633447,Guselkumab,Giant Cell Arteritis,PHASE2,RANDOMIZED,53,2024,효능,primary endpoint was not met,The study primary endpoint was not met,Guselkumab,Giant Cell Arteritis,
NCT02192190,LY2951742,"Osteoarthritis, Knee",PHASE2,RANDOMIZED,268,2015,효능,Lack of efficacy,Interim assessment: Lack of efficacy,LY2951742 | Celecoxib,"Osteoarthritis, Knee",
NCT03332524,SP160412 Ibuprofen 400 mg and Chlorpheniramine maleate 4 mg,Sunburn,PHASE2,RANDOMIZED,80,2019,효능,lack of efficacy,Sponsor decided to stop for lack of efficacy,SP160412 Ibuprofen 400 mg and Chlorpheniramine maleate 4 mg | 2 capsules Ibuprofen and 1 placebo | capsule Chlorpheniramine 4mg and 1 Placebo,Sunburn,
NCT00818389,Lithium Carbonate,Amyotrophic Lateral Sclerosis,"PHASE2,PHASE3",RANDOMIZED,84,2009,효능,futilit,NINDS DSMB recommended trial be terminated for futility after reviewing an interim analysis of 84 subjects.,Lithium Carbonate | Riluzole,Amyotrophic Lateral Sclerosis,
NCT04435717,Tocilizumab 20 MG/ML Intravenous Solution [ACTEMRA]_#1,Covid19,PHASE2,RANDOMIZED,26,2021,효능,Futilit,Futility,Tocilizumab 20 MG/ML Intravenous Solution [ACTEMRA]_#1 | Tocilizumab 20 MG/ML Intravenous Solution [ACTEMRA]_#1 (2 doses),Covid19,
NCT05036317,Empagliflozin (Jardiance®;,Postprandial Hypoglycemia,PHASE3,RANDOMIZED,40,2024,효능,lack of efficacy,Early terminated after prespecified interim analysis due to lack of efficacy. No relevant safety signals.,Empagliflozin (Jardiance®;,Postprandial Hypoglycemia,
NCT00996918,Bapineuzumab 0.5 mg/kg,Alzheimer Disease,PHASE3,RANDOMIZED,198,2012,효능,no clinical benefit,"The study was terminated on August 6, 2012, because 2 large Phase 3 studies showed no clinical benefit. This decision was not based on any new safety concerns.",Bapineuzumab 0.5 mg/kg | Bapineuzumab 1.0 m/kg,Alzheimer Disease,
NCT04677179,LY3471851,"Colitis, Ulcerative",PHASE2,RANDOMIZED,81,2022,효능,futilit,Study terminated due to enrollment futility.,LY3471851,"Colitis, Ulcerative",
NCT00923117,Sutent (sunitinib),Glioblastoma Multiforme,PHASE2,RANDOMIZED,87,2012,효능,futilit,The study was terminated based on results of an interim analysis for futility.,Sutent (sunitinib),Glioblastoma Multiforme | Malignant Gliomas | Anaplastic Gliomas,
NCT01230827,CNTO 148 (Golimumab),Juvenile Idiopathic Arthritis,PHASE3,RANDOMIZED,173,2014,효능,failed to meet,Trial has failed to meet primary - and major secondary endpoints,CNTO 148 (Golimumab) | Methotrexate,Juvenile Idiopathic Arthritis,
NCT01628913,BEZ235,Pancreatic Neuroendocrine Tumors (pNET),PHASE2,RANDOMIZED,62,2014,효능,did not demonstrate,This trial was terminated based on an interim analysis as BEZ235 did not demonstrate a progression free survival advantage to everolimus treatment.,BEZ235 | Everolimus,Pancreatic Neuroendocrine Tumors (pNET),
NCT01464671,Bivalirudin,Coronary Artery Disease,PHASE4,RANDOMIZED,260,2014,효능,futilit,DSMB halted the study early due to futility. There were no safety concerns.,Bivalirudin | Heparin,Coronary Artery Disease,
NCT00191477,Gemcitabine,Bladder Neoplasms,PHASE3,RANDOMIZED,355,2008,효능,futilit,The study was stopped early for futility reasons.,Gemcitabine,Bladder Neoplasms,
NCT02565147,PPCI,Acute Myocardial Infarction,PHASE3,RANDOMIZED,78,2016,효능,Futilit,Futility at the interim analysis.,PPCI | Bivalirudin | Heparin,Acute Myocardial Infarction,
NCT00458861,BG9924,Rheumatoid Arthritis,PHASE2,RANDOMIZED,115,2008,효능,failed to meet,Interim analysis of data failed to meet primary endpoint.,BG9924,Rheumatoid Arthritis,
NCT02722369,Gemcitabine,Small Cell Lung Cancer,PHASE2,RANDOMIZED,72,2021,효능,lack of efficacy,"Low recruitment, lack of efficacy and increased adverse events in investigational arm.",Gemcitabine | Carboplatin | Etoposide | Hydroxychloroquine,Small Cell Lung Cancer,
NCT06844669,Carvedilol,HER2-positive Breast Cancer,PHASE2,RANDOMIZED,7,2026,효능,Futilit,Futility,Carvedilol | Empagliflozin,HER2-positive Breast Cancer | HER2+ Breast Cancer,
NCT00849667,Farletuzumab,Ovarian Cancer,PHASE3,RANDOMIZED,1100,2013,효능,Lack of efficacy,Lack of efficacy,Farletuzumab | Carboplatin | Taxane | Farletuzumab-matched placebo,Ovarian Cancer,
NCT02698865,MONOVISC,Osteoarthritis of the Hip,PHASE3,RANDOMIZED,220,2019,효능,futilit,"The results of the interim analysis indicate the futility criterion have been met, therefore enrollment was terminated.",MONOVISC,Osteoarthritis of the Hip,
NCT01532453,MD-3511356,Actinic Keratoses,PHASE3,RANDOMIZED,244,2014,효능,futilit,"For futility reasons and potential ""loss of chance"" for MD 3511356 group",MD-3511356 | Standard Sun Protection Measures,Actinic Keratoses | Squamous Cell Carcinomas,
NCT00953940,Isotonic saline,Abdominal Surgery,PHASE4,RANDOMIZED,600,2011,효능,futilit,An external board recommended to close the study for futility after the interin analysis,Isotonic saline,Abdominal Surgery,
NCT03154333,diacerein 1% ointment,Epidermolysis Bullosa Simplex,PHASE2,RANDOMIZED,54,2018,효능,Futilit,Futility,diacerein 1% ointment | A placebo ointment,Epidermolysis Bullosa Simplex,
NCT03831191,LY3375880,Atopic Dermatitis,PHASE2,RANDOMIZED,136,2020,효능,lack of efficacy,The study was terminated for lack of efficacy after an interim analysis was performed,LY3375880,Atopic Dermatitis,
NCT01621243,nab-paclitaxel,Metastatic Pancreatic Cancer,"PHASE1,PHASE2",RANDOMIZED,128,2016,효능,futilit,The study was terminated after a pre-planned futility analyses showed an insufficient level of efficacy in the study population to warrant continuation.,nab-paclitaxel | gemcitabine | Necuparanib,Metastatic Pancreatic Cancer,
NCT03639987,Aducanumab,Cognitive Dysfunction,PHASE2,RANDOMIZED,52,2019,효능,futilit,Study was discontinued based on futility analysis conducted on Phase 3 trials (NCT02477800 and NCT02484547) and not based on safety concerns.,Aducanumab,Cognitive Dysfunction | Alzheimer's Disease,
NCT04393038,ABX464,COVID-19,"PHASE2,PHASE3",RANDOMIZED,509,2021,효능,futile,Interim analysis concludes that the study is futile,ABX464,COVID-19,
NCT03051516,Laboratory Biomarker Analysis,High Grade Anal Canal Intraepithelial Neoplasia,PHASE4,RANDOMIZED,188,2022,효능,futilit,The study was terminated early due to futility.,Laboratory Biomarker Analysis | Recombinant Human Papillomavirus Nonavalent Vaccine,High Grade Anal Canal Intraepithelial Neoplasia | High Grade Vulvar Squamous Intraepithelial Lesion,
NCT05834543,"TQB2618 injection, Penpulimab injection, Paclitaxel, Cisplatin",Advanced Esophageal Squamous Cell Carcinoma,"PHASE1,PHASE2",RANDOMIZED,34,2025,효능,efficacy concerns,This study was closed due to business reasons. Closure was not prompted by any safety or efficacy concerns.,"TQB2618 injection, Penpulimab injection, Paclitaxel, Cisplatin | Penpulimab injection, Paclitaxel, Cisplatin | TQB2618 injection, Penpulimab injection, TQB3617capsules",Advanced Esophageal Squamous Cell Carcinoma,
NCT00525408,Mycobacterium w.,Hormone Refractory Prostate Cancer,PHASE2,RANDOMIZED,134,2013,효능,futilit,Interim Analysis report indicates trial futility,Mycobacterium w. | Docetaxel,Hormone Refractory Prostate Cancer,
NCT02058108,Telbivudine,Chronic Hepatitis B,PHASE3,RANDOMIZED,53,2019,효능,futilit,Study terminated on the recommendation of an independent Data Monitoring Committee (DMC) subsequent to an interim efficacy analysis for futility.\],Telbivudine,Chronic Hepatitis B,
NCT04529499,AVIGAN,Covid19,PHASE3,RANDOMIZED,353,2021,효능,futilit,Study met pre-defined criteria for futility at interim analysis,AVIGAN,Covid19,
NCT00447187,LX201,Corneal Diseases,PHASE3,RANDOMIZED,368,2010,효능,endpoint was not met,The primary efficacy endpoint was not met,LX201,Corneal Diseases | Cornea Transplant,
NCT00752206,Saracatinib,Osteosarcoma,PHASE2,RANDOMIZED,38,2017,효능,futilit,The Data Safety Monitoring Board (DSMB) recommended study termination for slow accrual and futility.,Saracatinib,Osteosarcoma,
NCT03642132,Chemotherapy + avelumab followed by avelumab + talazoparib,Ovarian Cancer,PHASE3,RANDOMIZED,79,2021,효능,futilit,"Phase 3 B9991010 study was stopped due to futility of efficacy at interim analysis on 21Dec2018, and approvals of PARP inhibitors in front-line maintenance setting, Pfizer decided stopping enrollment in the B9991030 study on 19Mar2019.",Chemotherapy + avelumab followed by avelumab + talazoparib | Chemotherapy followed by talazoparib maintenance | Chemotherapy + bevacizumab followed by bevacizumab,Ovarian Cancer,
NCT03041116,Fosmetpantotenate,Pantothenate Kinase-Associated Neurodegeneration,PHASE3,RANDOMIZED,84,2019,효능,did not show,The study was terminated since fosmetpantotenate did not show statistically significant effects or clinical benefits during the double-blind period.,Fosmetpantotenate,Pantothenate Kinase-Associated Neurodegeneration,
NCT05534984,Tecovirimat Oral Capsule,MPOX,PHASE3,RANDOMIZED,719,2025,효능,futilit,DSMB recommendation due to statistical futility,Tecovirimat Oral Capsule | Tecovirimat Oral Capsule (Open Label),MPOX,
NCT00447226,Oral lapatinib tablets or placebo tablets,Cancer,PHASE2,RANDOMIZED,32,2009,효능,failed to meet,The study had failed to meet the primary objective of tumor response rate at 12 weeks from first dose.,Oral lapatinib tablets or placebo tablets,Cancer,
NCT01646125,AUY922,Advanced Non Small Cell Lung Cancer (NSCLC),PHASE2,RANDOMIZED,59,2015,효능,futilit,"An interim analysis was conducted in May-2014. Upon review of the data, the committee recommended study termination due to futility.",AUY922 | Docetaxel | Pemetrexed,Advanced Non Small Cell Lung Cancer (NSCLC),
NCT01050426,"UFT, Leucovorin",Pancreatic Cancer,PHASE2,RANDOMIZED,17,2014,효능,failed to demonstrate,Data from other trials failed to demonstrate meaningful survival advantage,"UFT, Leucovorin | UFT/ Leucovorin + Cetuximab + Radiotherapy",Pancreatic Cancer,
NCT02499549,cocamide diethanolamine,Pediculosis,"PHASE2,PHASE3",RANDOMIZED,112,1999,효능,Lack of efficacy,Lack of efficacy,cocamide diethanolamine,Pediculosis | Head Louse Infestation,
NCT04411082,IMR-687,β Thalassemia,PHASE2,RANDOMIZED,122,2022,효능,failed to show,"IMR-BTL-201demonstrated that while IMR-687 was generally well-tolerated, it failed to show any meaningful benefit in transfusion burden or improvement in most disease-related biomarkers. So, the sponsor has decided to discontinue this study",IMR-687,β Thalassemia,
NCT01011816,BIOSTAT BIOLOGX,Back Pain,PHASE3,RANDOMIZED,220,2013,효능,lack of efficacy,Stopped prior to last subject's last extended follow-up visit (78 weeks) due to lack of efficacy at the primary study endpoint (26 weeks),BIOSTAT BIOLOGX,Back Pain | Chronic Low Back Pain | Internal Disc Disruption | Degenerative Disc Disease,
NCT04611152,KSI-301,Diabetic Macular Edema,PHASE3,RANDOMIZED,460,2023,효능,did not meet,Study did not meet primary endpoint,KSI-301 | Aflibercept,Diabetic Macular Edema,
NCT04578548,GLPG2737,Autosomal Dominant Polycystic Kidney Disease,PHASE2,RANDOMIZED,66,2023,효능,lack of efficacy,The study was early terminated due to lack of efficacy.,GLPG2737,Autosomal Dominant Polycystic Kidney Disease,
NCT01097707,LY500307,Benign Prostatic Hyperplasia,PHASE2,RANDOMIZED,414,2011,효능,insufficient efficacy,Terminated due to insufficient efficacy,LY500307,Benign Prostatic Hyperplasia,
NCT00953706,Ivacaftor,Cystic Fibrosis,PHASE2,RANDOMIZED,140,2013,효능,futilit,Following review of results obtained from a pre-specified 6-month analysis of Part B data the study was terminated on the basis of futility.,Ivacaftor,Cystic Fibrosis,
NCT04332107,Azithromycin,COVID-19,PHASE3,RANDOMIZED,263,2021,효능,Futilit,Futility,Azithromycin | Placebos,COVID-19 | SARS-CoV-2,약물
NCT04102111,JNJ-67864238,Crohn Disease,PHASE2,RANDOMIZED,48,2021,효능,futilit,"IAC completed review of futility analysis data \& determined that futility criteria were met. As a result, Janssen made decision to stop trial immediately.",JNJ-67864238,Crohn Disease,
NCT00515528,4-peptide melanoma vaccine,Melanoma,PHASE2,RANDOMIZED,17,2016,효능,failed to demonstrate,The immune monitoring data failed to demonstrate an improvement in any biologic endpoint with denileukin diftitox.,4-peptide melanoma vaccine | Ontak,Melanoma,
NCT00115687,2 mg nicotine polacrilex,Tobacco Use Disorder,PHASE2,RANDOMIZED,250,2007,효능,did not show,Efficacy rates did not show large enough differences between treatments,2 mg nicotine polacrilex,Tobacco Use Disorder,
NCT05253209,L-citrulline,Ventricular Septal Defect,PHASE3,RANDOMIZED,64,2024,효능,futilit,Interim Analysis triggered futility,L-citrulline | Plasmalyte A,Ventricular Septal Defect | Atrioventricular Septal Defect | Primum Atrial Septal Defect,
NCT01999192,Tregalizumab,Rheumatoid Arthritis,PHASE2,RANDOMIZED,321,2015,효능,Lack of efficacy,Lack of efficacy,Tregalizumab,Rheumatoid Arthritis,
NCT03568071,MOR 106,Atopic Dermatitis,PHASE2,RANDOMIZED,207,2020,효능,futilit,MOR106 clinical development in atopic dermatitis was stopped for futility,MOR 106,Atopic Dermatitis,
NCT03942419,Atropine 0.1% Ophthalmic Solution,Myopia,PHASE3,RANDOMIZED,438,2024,효능,futilit,Interim Analysis reviewed by Data Monitoring Committee indicated futility,Atropine 0.1% Ophthalmic Solution | Atropine 0.01% Ophthalmic Solution,Myopia,
NCT01038739,Mesalazine,Diverticulitis,PHASE3,RANDOMIZED,330,2013,효능,futilit,Stopped due to futility.,Mesalazine | Mesalazine,Diverticulitis,
NCT03793712,Lu AF11167 (1-2 mg/day),Schizophrenia,PHASE2,RANDOMIZED,168,2020,효능,Lack of efficacy,Lack of efficacy based on interim analysis,Lu AF11167 (1-2 mg/day) | Lu AF11167 (3-4 mg/day),Schizophrenia,
NCT01708798,Eplerenone,Breast Cancer,"PHASE2,PHASE3",RANDOMIZED,44,2016,효능,Futilit,Futility,Eplerenone,Breast Cancer,약물
NCT04918147,elotuzumab,IgG4 Related Disease,PHASE2,RANDOMIZED,8,2024,효능,lack of efficacy,The study was terminated early based on disease flare/lack of efficacy in the early phase of the trial.,elotuzumab | methylprednisolone | diphenhydramine | acetaminophen | famotidine | prednisone,IgG4 Related Disease | IgG4-RD,
NCT02860130,Prismocitrate 18,Regional Citrate Anticoagulation (RCA),PHASE3,RANDOMIZED,34,2018,효능,efficacy reasons,"Study halted due to low recruitment, unrelated to safety or efficacy reasons",Prismocitrate 18 | No Anticoagulation,Regional Citrate Anticoagulation (RCA) | Continuous Renal Replacement Therapy (CRRT) | Acute Kidney Injury,
NCT04313881,Magrolimab,Myelodysplastic Syndromes,PHASE3,RANDOMIZED,539,2023,효능,futilit,Study discontinued due to futility based on a planned analysis,Magrolimab | Azacitidine,Myelodysplastic Syndromes,
NCT03883607,Elafibranor 80mg,Non Alcoholic Steatohepatitis,PHASE2,RANDOMIZED,10,2020,효능,lack of efficacy,"Due to lack of efficacy (but not due to safety) in a Phase 3 trial of elafibranor in adult participants with NASH and fibrosis, this study in pediatric NASH was prematurely terminated",Elafibranor 80mg | Elafibranor 120mg,Non Alcoholic Steatohepatitis,
NCT03071692,K-877,Type2 Diabetes,PHASE3,RANDOMIZED,10544,2022,효능,futilit,The study was stopped for futility based on efficacy results at the interim analysis; no unexpected safety findings were observed.,K-877,Type2 Diabetes | Dyslipidemia,
NCT00774878,AVE1642,Breast Neoplasms,PHASE2,RANDOMIZED,18,2010,효능,efficacy concerns,"Company decision to discontinue the AVE1642 development program, not due to any safety or efficacy concerns",AVE1642 | Fulvestrant,Breast Neoplasms,
NCT05935085,ANB032,Atopic Dermatitis Eczema,PHASE2,RANDOMIZED,201,2025,효능,did not meet,ANB032 did not meet the primary endpoint in moderate-to-severe atopic dermatitis,ANB032,Atopic Dermatitis Eczema,
NCT03500939,Medical oxygen,Acute Ischemic Stroke,PHASE2,RANDOMIZED,223,2022,효능,Futilit,Futility,Medical oxygen,Acute Ischemic Stroke,
NCT02020616,LY3053102,Type 2 Diabetes Mellitus,"PHASE1,PHASE2",RANDOMIZED,60,2015,효능,Lack of Efficacy,Lack of Efficacy,LY3053102 | Exenatide ER | Metformin,Type 2 Diabetes Mellitus,
NCT02435771,Ergocalciferols,Obesity,PHASE4,RANDOMIZED,44,2017,효능,failed to meet,failed to meet enrollment goals,Ergocalciferols | Ergocalciferols,Obesity | Vitamin D Deficiency,
NCT00723411,rhGAD65,Type 1 Diabetes Mellitus,PHASE3,RANDOMIZED,334,2011,효능,primary endpoint at 15 months was not met,The primary endpoint at 15 months was not met.,rhGAD65 | rhGAD65,Type 1 Diabetes Mellitus,
NCT04145700,Ramucirumab,Synovial Sarcoma,"PHASE1,PHASE2",RANDOMIZED,23,2023,효능,futilit,Study terminated for meeting protocol specified futility criteria.,Ramucirumab | Gemcitabine | Docetaxel,Synovial Sarcoma,
NCT04706507,IV Ganciclovir,Acute Respiratory Failure,PHASE3,RANDOMIZED,205,2025,효능,futilit,due to increased mortality and futility analyses,IV Ganciclovir | Normal saline,Acute Respiratory Failure,
NCT03504410,CPI-613 + High Dose Cytarabine and Mitoxantrone,Relapsed/Refractory Acute Myeloid Leukemia,PHASE3,RANDOMIZED,200,2022,효능,Futile,Futile,"CPI-613 + High Dose Cytarabine and Mitoxantrone | High Dose Cytarabine and Mitoxantrone | Mitoxantrone, Etoposide and Cytarabine | Fludarabine, Cytarabine, Filgrastim",Relapsed/Refractory Acute Myeloid Leukemia,
NCT00773890,TRF-1101,Sickle Cell Disease,"PHASE1,PHASE2",RANDOMIZED,80,2009,효능,futilit,Study was stopped due to perceived futility because the baseline pain score in first 40 patients was too low to be able demonstrate an improvement,TRF-1101,Sickle Cell Disease,
NCT03996460,192 mg powder of K0706,Dementia With Lewy Bodies,PHASE2,RANDOMIZED,29,2024,효능,did not show,Interim analysis was performed for 442 patients who completed Part I of the PROSEEK study-(CLR\_18\_06); it did not show evidence of treatment benefit in patients receiving Vodobatinib.,192 mg powder of K0706 | 384 mg powder of K0706,Dementia With Lewy Bodies,
NCT01805791,HMPL-004 1800 mg/day,Ulcerative Colitis,PHASE3,RANDOMIZED,201,2014,효능,futilit,Interim futility analysis results,HMPL-004 1800 mg/day | HMPL-004 2400 mg/day,Ulcerative Colitis,
NCT04987307,Efavaleukin alfa,Ulcerative Colitis,PHASE2,RANDOMIZED,221,2024,효능,futilit,The study was terminated due to meeting a prespecified futility rule and not related to any safety concerns.,Efavaleukin alfa,Ulcerative Colitis,
NCT00086684,Pentosan polysulfate sodium 100 mg,Interstitial Cystitis,PHASE4,RANDOMIZED,369,2011,효능,futile,Interim Analysis showed that study continuation was futile. No safety concerns were raised during the trial.,Pentosan polysulfate sodium 100 mg | Pentosan polysulfate sodium 100 mg,Interstitial Cystitis,
NCT04338269,Atezolizumab,"Carcinoma, Renal Cell",PHASE3,RANDOMIZED,522,2025,효능,did not meet,As the study did not meet it's primary endpoint a decision was made to terminate the study.,Atezolizumab | Cabozantinib,"Carcinoma, Renal Cell",
NCT04341441,Hydroxychloroquine - Daily Dosing,COVID-19,PHASE3,RANDOMIZED,624,2020,효능,did not meet,"Interim analysis did not reveal any safety concerns by the DSMB, but unblinded data did not provide support to continue. Event rate did not meet projected magnitude; given low recruitment potential, it is unlikely that a positive result will occur.",Hydroxychloroquine - Daily Dosing | Hydroxychloroquine - Weekly Dosing | Monitoring Visit - Baseline | Monitoring Visit - Week 4 | Monitoring Visit - Week 8 | Weekly Assessment,COVID-19 | Coronavirus | Coronavirus Infections | SARS-CoV 2,
NCT02814019,Idebenone 150 mg film-coated tablets,Duchenne Muscular Dystrophy (DMD),PHASE3,RANDOMIZED,255,2020,효능,futilit,Interim analysis concluded to futility,Idebenone 150 mg film-coated tablets,Duchenne Muscular Dystrophy (DMD),
NCT04628481,Ladarixin,Recent Onset type1 Diabetes,PHASE2,RANDOMIZED,141,2025,효능,futilit,The study was stopped due to futility as per protocol,Ladarixin,Recent Onset type1 Diabetes,
NCT02618577,Edoxaban,Atrial High Rate Episodes,PHASE3,RANDOMIZED,2608,2022,효능,futilit,following a recommendation from the data safety and monitoring board due to safety concerns and a tendency towards futility.,Edoxaban | ASA,Atrial High Rate Episodes,
NCT00608881,coenzyme Q10,Huntington's Disease,PHASE3,RANDOMIZED,609,2015,효능,Futilit,Futility analysis failed to showed likelihoo of benefit of CoQ 2400 mg/day.,coenzyme Q10,Huntington's Disease,
NCT00766688,AVE5530,Hypercholesterolemia,PHASE3,RANDOMIZED,643,2009,효능,insufficient efficacy,AVE5530 in hypercholesterolemia was stopped due to insufficient efficacy,AVE5530,Hypercholesterolemia,
NCT00270257,Buprenorphine/Naloxone,HIV Infections,PHASE3,RANDOMIZED,1251,2012,효능,futilit,DSMB halted the study due to futility as a result of lower than anticipated HIV incidence rates,Buprenorphine/Naloxone,HIV Infections | Opioid-Related Disorders,
NCT02945046,Fremanezumab,Episodic Cluster Headache,PHASE3,RANDOMIZED,169,2019,효능,futilit,Study was terminated as a result of a pre-specified futility analysis at the interim of 150 participants completing the efficacy analysis of the study.,Fremanezumab,Episodic Cluster Headache,
NCT00443703,MK0518 (raltegravir),HIV Infection,PHASE3,RANDOMIZED,352,2009,효능,did not demonstrate,primary efficacy analysis at Week 24 did not demonstrate non-inferiority of raltegravir versus lopinavir (+) ritonavir,MK0518 (raltegravir) | Comparator: KALETRA™ (lopinavir (+) ritonavir ) | Comparator: placebo | Comparator: placebo,HIV Infection,
NCT02533336,abamectin and fenpyroximate,Malaria,PHASE3,RANDOMIZED,4917,2017,효능,futilit,futility ground,abamectin and fenpyroximate,Malaria,
NCT04390113,Posoleucel (ALVR105),BK Virus Infection,PHASE3,RANDOMIZED,97,2024,효능,futile,Study discontinued as DSMB determined it was futile. No safety concerns were noted.,Posoleucel (ALVR105),BK Virus Infection | Hemorrhagic Cystitis,
NCT01488708,LY2127399,Systemic Lupus Erythematosus,PHASE3,RANDOMIZED,1518,2015,효능,Lack of efficacy,Lack of efficacy,LY2127399,Systemic Lupus Erythematosus | Connective Tissue Disease | Autoimmune Disease,
NCT04684914,HepTcell,"Hepatitis B, Chronic",PHASE2,RANDOMIZED,87,2024,효능,Did not meet,Did not meet endpoints,HepTcell,"Hepatitis B, Chronic",
NCT02671084,sevoflurane,Myocardial Infarction,PHASE4,RANDOMIZED,701,2020,효능,futilit,interim analysis suggests futility,sevoflurane,Myocardial Infarction,
NCT04346355,Tocilizumab,COVID-19 Pneumonia,PHASE2,RANDOMIZED,126,2020,효능,futilit,Based on interim analysis for futility and given an enrolment rate almost nil,Tocilizumab,COVID-19 Pneumonia,
NCT02626455,Copanlisib (BAY80-6946),"Lymphoma, Non-Hodgkin",PHASE3,RANDOMIZED,551,2023,효능,did not meet,Company decided to terminate this study due to study did not meet the primary endpoint.,Copanlisib (BAY80-6946) | Rituximab | Cyclophosphamide | Doxorubicin | Vincristine | Bendamustine | Prednisone,"Lymphoma, Non-Hodgkin",
NCT04638517,Danazol,Pulmonary Fibrosis,PHASE2,RANDOMIZED,29,2025,효능,futilit,Data Safety Monitoring Board recommended cessation due to futility,Danazol,Pulmonary Fibrosis | Telomere Shortening | Telomere Disease | Dyskeratosis Congenita,
NCT05178862,SCY-078,"Candidiasis, Invasive",PHASE3,RANDOMIZED,68,2025,효능,efficacy concerns,Termination is not related to safety or efficacy concerns for Ibrexafungerp. GSK's decision is to focus efforts and resources on commercialization of Ibrexafungerp for the already approved VVC and rVVC indications.,SCY-078 | Fluconazole | Echinocandin,"Candidiasis, Invasive | Candidemia",
NCT01574248,icatibant,ACE Inhibitor-associated Angioedema,PHASE4,RANDOMIZED,33,2016,효능,futilit,DSMC recommended discontinuation for futility and feasibility,icatibant,ACE Inhibitor-associated Angioedema,
NCT00865566,DNA plasmid vaccine,HIV Infections,PHASE2,RANDOMIZED,2504,2017,효능,futilit,The trial was stopped for efficacy futility,DNA plasmid vaccine | Recombinant adenoviral serotype 5 (rAD5) vector vaccine | DNA vaccine placebo | HIV-1 recombinant adenovirus vaccine placebo,HIV Infections,
NCT02147873,birinapant,Myelodysplastic Syndrome (MDS),PHASE2,RANDOMIZED,118,2016,효능,lack of efficacy,Study terminated due to lack of efficacy,birinapant | Azacitidine,Myelodysplastic Syndrome (MDS) | Chronic Myelomonocytic Leukemia (CMML),
NCT03222622,Icotinib hydrochloride cream,Mild to Moderate Psoriasis,PHASE2,RANDOMIZED,136,2018,효능,failed to meet,The efficacy failed to meet the primary efficacy endpoint,Icotinib hydrochloride cream,Mild to Moderate Psoriasis,
NCT04157335,Benralizumab 30 mg,Nasal Polyposis,PHASE3,RANDOMIZED,295,2025,효능,did not meet,The study has a double-blind period and an open-label period. The study did not meet its primary endpoints after the primary LSLV and the decision was taken to terminate the study early.,Benralizumab 30 mg | Matched placebo,Nasal Polyposis | Eosinophilic Chronic Rhinosinusitis,
NCT03561090,IW-3718,Gastroesophageal Reflux Disease (GERD),PHASE3,RANDOMIZED,495,2020,효능,did not meet,Parallel IW-3718 Phase III trial did not meet pre-specified criteria.,IW-3718 | Standard-dose PPIs QD,Gastroesophageal Reflux Disease (GERD),
NCT03407404,Ketamine-Midazolam,Critical Illness,"PHASE2,PHASE3",RANDOMIZED,124,2019,효능,Futilit,Futility,Ketamine-Midazolam | Morphine -Midazolam,Critical Illness,
NCT06685835,Brensocatib,Hidradenitis Suppurativa,PHASE2,RANDOMIZED,214,2026,효능,Lack of Efficacy,Lack of Efficacy,Brensocatib,Hidradenitis Suppurativa,
NCT03203447,suprachoroidal CLS-TA,Macular Edema,PHASE3,RANDOMIZED,325,2018,효능,did not meet,"The early termination is due to the results obtained from the sister study, SAPPHIRE (CLS1003-301), which did not meet the 8-week primary efficacy endpoint.",suprachoroidal CLS-TA | suprachoroidal sham | Lucentis or Avastin,Macular Edema | Retinal Vein Occlusion,
NCT05712694,ADI PEG20,Soft Tissue Sarcoma,PHASE3,RANDOMIZED,218,2026,효능,Lack of Efficacy,"Lack of Efficacy, no safety concern.",ADI PEG20,Soft Tissue Sarcoma,
NCT03616470,Uproleselan,Acute Myeloid Leukemia,PHASE3,RANDOMIZED,388,2024,효능,failed to meet,Trial failed to meet primary endpoint.,Uproleselan,Acute Myeloid Leukemia,
NCT04396535,Bintrafusp Alfa,Advanced Lung Non-Small Cell Carcinoma,PHASE2,RANDOMIZED,10,2023,효능,failed to show,EMD Serono recommendation based on three other studies that failed to show benefit for bintrafusp alfa,Bintrafusp Alfa | Docetaxel,Advanced Lung Non-Small Cell Carcinoma | Stage III Lung Cancer AJCC v8 | Stage IIIA Lung Cancer AJCC v8 | Stage IIIB Lung Cancer AJCC v8 | Stage IIIC Lung Cancer AJCC v8 | Stage IV Lung Cancer AJCC v8 | Stage IVA Lung Cancer AJCC v8 | Stage IVB Lung Cancer AJCC v8,
NCT00480025,GSK1572932A Antigen-Specific Cancer Immunotherapeutic,"Lung Cancer, Non-Small Cell",PHASE3,RANDOMIZED,2278,2014,효능,lack of efficacy,The study was terminated following assessment of the lack of efficacy of the study product by the Independent Data monitoring Committee for the study.,GSK1572932A Antigen-Specific Cancer Immunotherapeutic,"Lung Cancer, Non-Small Cell",
NCT00681811,HGT-1111,Late Infantile Metachromatic Leukodystrophy,PHASE2,RANDOMIZED,11,2010,효능,lack of efficacy,Terminated prior to planned completion date due to lack of efficacy.,HGT-1111,Late Infantile Metachromatic Leukodystrophy,
NCT04729595,Tempol,Covid19,"PHASE2,PHASE3",RANDOMIZED,248,2022,효능,did not demonstrate,Study did not demonstrate statistical significance of its primary endpoint of clinical resolution of COVID-19 symptoms at day 14 versus placebo,Tempol,Covid19,
NCT01715012,ST266,Third Degree Burns,PHASE2,RANDOMIZED,1,2015,효능,futilit,Enrollment futility,ST266,Third Degree Burns | Diabetes,
NCT04049175,Treatment A,Asthma; Eosinophilic,PHASE3,RANDOMIZED,810,2021,효능,futilit,An interim analysis run by an independent data monitoring committee (DMC) to assess futility met the protocol-defined futility rules. The DMC recommended to stop the study for futility. The Sponsor issued a notification of early study termination.,Treatment A | Treatment B | Treatment C | Treatment D,Asthma; Eosinophilic,
NCT03001219,Anti-TNF-alpha,Rheumatoid Arthritis,PHASE2,RANDOMIZED,109,2018,효능,lack of efficacy,The trial was prematurely terminated due to a lack of efficacy of the investigational drug.,Anti-TNF-alpha | Methotrexate | RO7123520,Rheumatoid Arthritis,
NCT03352557,BIIB092,Alzheimer's Disease,PHASE2,RANDOMIZED,654,2021,효능,lack of efficacy,The study (NCT03352557) was terminated based on lack of efficacy following the placebo-controlled period readout.,BIIB092,Alzheimer's Disease,
NCT04267393,BMS-986263,Nonalcoholic Steatohepatitis (NASH),PHASE2,RANDOMIZED,124,2024,효능,lack of efficacy,Trial terminated because of lack of efficacy in the short term acute phase.,BMS-986263,Nonalcoholic Steatohepatitis (NASH),
NCT02119663,Ruxolitinib,Pancreatic Cancer,PHASE3,RANDOMIZED,86,2016,효능,lack of efficacy,The safety committee found no safety issues but recommended halting the study based on a lack of efficacy in a similar trial. The sponsor terminated the trial.,Ruxolitinib | Capecitabine,Pancreatic Cancer,
NCT04944784,Reldesemtiv,Amyotrophic Lateral Sclerosis,PHASE3,RANDOMIZED,489,2023,효능,futilit,The DMC recommended the trial be discontinued due to futility following a planned second interim analysis.,Reldesemtiv,Amyotrophic Lateral Sclerosis,
NCT02119676,Ruxolitinib,CRC (Colorectal Cancer),PHASE2,RANDOMIZED,396,2016,효능,futilit,Substudy 1 was terminated for futility at interim analysis and Substudy 2 was terminated per sponsor decision.,Ruxolitinib | Regorafenib,CRC (Colorectal Cancer),
NCT05672199,Efavaleukin alfa,Ulcerative Colitis,PHASE2,RANDOMIZED,25,2024,효능,futilit,"The parent study 20170104 was terminated due to the study meeting a prespecified futility rule. Consequently, this study was terminated.",Efavaleukin alfa,Ulcerative Colitis,
NCT03107052,Fremanezumab,Cluster Headache,PHASE3,RANDOMIZED,275,2019,효능,futilit,The study was terminated after the episodic cluster study was terminated due to a pre specified futility analyses,Fremanezumab,Cluster Headache,
NCT01865084,Tadalafil,"Muscular Dystrophy, Duchenne",PHASE3,RANDOMIZED,331,2016,효능,lack of efficacy,The study is being terminated for lack of efficacy,Tadalafil,"Muscular Dystrophy, Duchenne",
NCT05039359,FlecIH-103,Paroxysmal Atrial Fibrillation,PHASE3,RANDOMIZED,54,2023,효능,Limited efficacy,Limited efficacy upon blinded review,FlecIH-103,Paroxysmal Atrial Fibrillation,
NCT00120380,Aerosolized iloprost,Hypertension,PHASE4,RANDOMIZED,40,2006,효능,Futilit,Futility analysis,Aerosolized iloprost,Hypertension,
NCT03603639,E2730,Photosensitive Epilepsy,PHASE2,RANDOMIZED,6,2019,효능,efficacy reasons,The study was stopped due to efficacy reasons.,E2730,Photosensitive Epilepsy,
NCT02641639,Fosbretabulin tromethamine,Platinum Resistant Ovarian Cancer,"PHASE2,PHASE3",RANDOMIZED,70,2017,효능,lack of efficacy,The study was terminated early due to the lack of efficacy and the study sponsor's decision to no longer continue the study,Fosbretabulin tromethamine,Platinum Resistant Ovarian Cancer,
NCT04810689,Xuanfei Baidu Granules,Covid19,PHASE2,RANDOMIZED,10,2022,효능,Futile,Futile Enrollment,Xuanfei Baidu Granules,Covid19,
NCT04449380,Interferon-ß-1a,COVID-19 Virus Infection,PHASE2,RANDOMIZED,56,2021,효능,Futilit,Futility,Interferon-ß-1a,COVID-19 Virus Infection,
NCT05231603,Ivermectin,COVID-19,PHASE3,RANDOMIZED,50,2022,효능,Poor response,Poor response,Ivermectin,COVID-19,
NCT00516399,povidone-iodine 1.25% ophthalmic solution,Fungal Keratitis,PHASE3,RANDOMIZED,78,2010,효능,futile,The DSMC decided it appeared futile to attempt to demonstrate non-inferiority of povidone-iodine to Natamycin.,"povidone-iodine 1.25% ophthalmic solution | natamycin ophthalmic suspension, USP 5%",Fungal Keratitis,
NCT01882764,HMPL-004,Ulcerative Colitis,PHASE3,RANDOMIZED,66,2014,효능,Futilit,Futility interim analysis of the Induction Study HMPL-004-03.,HMPL-004,Ulcerative Colitis,
NCT00562016,IMPLELLA LP 2.5,Coronary Artery Disease,PHASE3,RANDOMIZED,452,2011,효능,Futilit,"Futility on primary endpoint.Study confounded by statistically significant differences between the two arms re: atherectomy, duration of support.",IMPLELLA LP 2.5 | IABP Intra-aortic balloon pump,Coronary Artery Disease,
NCT04476797,GC4711 +SBRT,SBRT,"PHASE1,PHASE2",RANDOMIZED,47,2023,효능,futilit,Development GC4711 was halted after the lead study in pancreatic cancer was stopped early due to meeting the requirements of a futility analysis,GC4711 +SBRT,SBRT | NSCLC | Non-metastatic,
NCT01734941,TSO,Autistic Spectrum Disorders,PHASE2,RANDOMIZED,9,2015,효능,failed to demonstrate,Well tolerated but failed to demonstrate significant activity. So it did not meet its primary endpoint or key secondary endpoints.,TSO,Autistic Spectrum Disorders,
NCT01741155,SPI-1620,Non Small Cell Lung Cancer (NSCLC),PHASE2,RANDOMIZED,34,2015,효능,did not meet,The study did not meet efficacy end point and did not enroll patients in the randomized phase.,SPI-1620 | Docetaxel,Non Small Cell Lung Cancer (NSCLC),
NCT03591874,Brimonidine Tartrate,Graft Versus Host Disease,PHASE3,RANDOMIZED,59,2020,효능,Primary endpoint was not met,Primary endpoint was not met.,Brimonidine Tartrate | Placebos,Graft Versus Host Disease | Ocular Surface Disease | oGVHD | Ocular Graft vs Host Disease | Brimonidine Tartrate | Lubricant Eye Drops | Ophthalmic Solutions | Graft vs Host Disease,
NCT03822455,OligoG DPI,Cystic Fibrosis,PHASE2,RANDOMIZED,15,2021,효능,Futilit,Futility,OligoG DPI,Cystic Fibrosis,
NCT02271178,Combined capsule,Myocardial Infarction,PHASE3,RANDOMIZED,100,2016,효능,futilit,The study was stopped after interim analysis due to futility.,Combined capsule | Conventional therapy,Myocardial Infarction,
NCT00124748,Imatinib mesylate,"Leukemia, Myeloid, Chronic Phase",PHASE3,RANDOMIZED,476,2010,효능,no improvement,This study was prematurely discontinued because no improvement was observed in the 800mg dose compared to 400mg dose,Imatinib mesylate,"Leukemia, Myeloid, Chronic Phase",
NCT02140112,Trichuris suis ova,Autism,PHASE2,RANDOMIZED,23,2015,효능,failed to demonstrate,A preliminary analysis of data from this trial failed to demonstrate any signal of activity.,Trichuris suis ova,Autism,
NCT01455116,Mild Induced Hypothermia,Septic Shock,"PHASE2,PHASE3",RANDOMIZED,433,2016,효능,Futilit,Futility,Mild Induced Hypothermia,Septic Shock,
NCT00718965,AVE5530,Hypercholesterolemia,PHASE3,RANDOMIZED,826,2009,효능,insufficient efficacy,AVE5530 in hypercholesterolemia was stopped due to insufficient efficacy,AVE5530,Hypercholesterolemia,
NCT03281304,"CP-690,500 5 mg",Ulcerative Colitis,PHASE4,RANDOMIZED,140,2022,효능,efficacy concerns,"The study terminated early due to business reasons, with the study already meeting its primary objective. The decision to terminate the trial was not based on any safety and/or efficacy concerns.","CP-690,500 5 mg | CP-690,550 10 mg",Ulcerative Colitis,
NCT00243828,Total Face Mask,Respiratory Insufficiency,PHASE4,RANDOMIZED,300,2007,효능,futilit,Very low rate of recruitment anticipated futility of pursuing the study,Total Face Mask,Respiratory Insufficiency,
NCT02644525,Imatinib Mesylate,Loiasis,PHASE2,RANDOMIZED,20,2021,효능,futilit,Planned interim analysis demonstrated futility of intervention,Imatinib Mesylate | Imatinib Mesylate | Imatinib Mesylate,Loiasis,
NCT02985879,ABBV-8E12,Progressive Supranuclear Palsy,PHASE2,RANDOMIZED,378,2019,효능,lack of efficacy,This study was prematurely discontinued because the program for progressive supranuclear palsy was discontinued due to lack of efficacy of study drug.,ABBV-8E12,Progressive Supranuclear Palsy,
NCT05123586,LY3361237,Systemic Lupus Erythematosus,PHASE2,RANDOMIZED,85,2023,효능,lack of efficacy,Study terminated due to lack of efficacy,LY3361237,Systemic Lupus Erythematosus,
NCT00633061,Enoxaparin,Childhood Cancer,PHASE2,RANDOMIZED,136,2011,효능,Futilit,Futility; unable to complete screening due to clinical practice change,Enoxaparin,Childhood Cancer | Central Venous Catheters | Deep Vein Thrombosis | Catheter-related Infection | Catheter-related Occlusion,
NCT03630055,Rivaroxaban 15 MG Oral Tablet [Xarelto],Radial Artery Occlusion,PHASE3,RANDOMIZED,930,2025,효능,futilit,Assessment for futility,Rivaroxaban 15 MG Oral Tablet [Xarelto],Radial Artery Occlusion,
NCT02960217,UX007,Glucose Transporter Type 1 Deficiency Syndrome (Glut1 DS),PHASE3,RANDOMIZED,44,2019,효능,lack of efficacy,Study was halted prematurely due to lack of efficacy.,UX007,Glucose Transporter Type 1 Deficiency Syndrome (Glut1 DS),
NCT00741715,AVE5530,Hypercholesterolemia,PHASE3,RANDOMIZED,1736,2009,효능,insufficient efficacy,AVE5530 in hypercholesterolemia was stopped due to insufficient efficacy,AVE5530 | atorvastatin,Hypercholesterolemia,
NCT04552899,PRM-151 (Zinpentraxin Alfa),Idiopathic Pulmonary Fibrosis,PHASE3,RANDOMIZED,665,2023,효능,futilit,The study was terminated by Sponsor as the futility analysis outcome indicated that the study was unlikely to meet the predefined primary objective of the study. No new safety concerns were identified.,PRM-151 (Zinpentraxin Alfa),Idiopathic Pulmonary Fibrosis,
NCT02817906,ITI-007,"Agitation in Dementia, Including Alzheimer's Disease",PHASE3,RANDOMIZED,177,2019,효능,Futilit,Pre-specified Interim Analysis Indicated Futility,ITI-007,"Agitation in Dementia, Including Alzheimer's Disease",
NCT03151408,Pracinostat,Acute Myeloid Leukemia,PHASE3,RANDOMIZED,406,2020,효능,lack of efficacy,The IDMC recommended to stop the study prematurely due to a lack of efficacy.,Pracinostat | Placebos | Azacitidine,Acute Myeloid Leukemia,
NCT01897519,ABT-719,Cardiothoracic Surgery,PHASE2,RANDOMIZED,56,2014,효능,lack of efficacy,Topline results from study M13-796 showed an overall lack of efficacy. There were no safety concerns.,ABT-719,Cardiothoracic Surgery | Vascular Surgery,
NCT05193994,"Dolutegravir, Abacavir and Lamivudine",Amyotrophic Lateral Sclerosis,PHASE3,RANDOMIZED,419,2025,효능,no benefit,"A planned interim analysis resulted in the recommendation that the trial be stopped. The results showed no benefit of Triumeq for people with ALS compared with placebo on survival, the primary outcome measure.","Dolutegravir, Abacavir and Lamivudine",Amyotrophic Lateral Sclerosis,
NCT03715166,Bumetanide Oral Solution,Autism Spectrum Disorder (ASD),PHASE3,RANDOMIZED,211,2021,효능,did not show,The 6-month efficacy analysis did not show any significant difference between bumetanide versus placebo in the treatment of ASD in the overall studied population. No unexpected safety concerns were identified.,Bumetanide Oral Solution,Autism Spectrum Disorder (ASD),
NCT05079230,Magrolimab,Acute Myeloid Leukemia,PHASE3,RANDOMIZED,378,2024,효능,futilit,Study was terminated due to futility,Magrolimab | Venetoclax | Azacitidine,Acute Myeloid Leukemia,
NCT02932475,Metformin,Diabetes,PHASE3,RANDOMIZED,831,2022,효능,futilit,Recommendation by the DSMB that the study be stopped for futility,Metformin,Diabetes | Pregnancy,약물
NCT00250965,intravenous magnesium,Coronary Artery Disease,PHASE3,RANDOMIZED,927,2009,효능,futilit,Terminated by DSMB; futility analysis showing Mg treatment not efficacious,intravenous magnesium,Coronary Artery Disease | Valvular Heart Disease,
NCT02450331,Atezolizumab,"Carcinoma, Transitional Cell",PHASE3,RANDOMIZED,809,2022,효능,did not meet,Sponsor decided to terminate the study early because the study did not meet its primary endpoint and because the study had met its goals of providing safety and additional exploratory efficacy information for atezolizumab monotherapy in MIBC.,Atezolizumab,"Carcinoma, Transitional Cell",
NCT04669288,Azithromycin,Asthma,PHASE3,RANDOMIZED,840,2025,효능,futilit,"The AZ-SWED trial was stopped by the National Heart, Lung, and Blood Institute (NHLBI) due to futility",Azithromycin,Asthma | Wheezing,약물
NCT01895127,Eculizumab,Antibody-mediated Rejection,PHASE2,RANDOMIZED,11,2016,효능,Lack of efficacy,Lack of efficacy,Eculizumab | Immunoglobulin | Plasmapheresis,Antibody-mediated Rejection | Humoral Rejection,
NCT00076804,Directly Observed Therapy,HIV Infections,PHASE2,RANDOMIZED,274,2008,효능,futilit,DSMB stopped trial for futility,Directly Observed Therapy,HIV Infections,
NCT00418782,naproxen,Osteoarthritis,PHASE2,RANDOMIZED,212,2007,효능,lack of efficacy,Results of interim analysis indicate lack of efficacy when compared to placebo.,naproxen | CE-224535,Osteoarthritis,
NCT04181762,secukinumab,Lupus Nephritis,PHASE3,RANDOMIZED,275,2023,효능,futilit,Study terminated by sponsor due to futility analysis,secukinumab,Lupus Nephritis,
NCT01318642,Gemcitabine,Adenocarcinoma of the Pancreas,PHASE2,RANDOMIZED,10,2012,효능,futilit,NCT01318642: Planned independent DMC Interim review: ended for futility,Gemcitabine | AMG 479,Adenocarcinoma of the Pancreas | Locally Advanced | Unresectable,
NCT04539483,HDIT101 (blinded therapy),Herpes Labialis,PHASE2,RANDOMIZED,761,2023,효능,futilit,stopped for futility in interim analysis,HDIT101 (blinded therapy) | Photo documentation of orolabial herpes lesions | Completion of questionnaires (patient-reported outcomes) | 28-day swabbing of orolabial region | Blood drawings,Herpes Labialis,
NCT03008616,AMAG-423 (digoxin immune fab),Severe Preeclampsia,"PHASE2,PHASE3",RANDOMIZED,58,2020,효능,futilit,"Following a recommendation from the Data and Safety Monitoring Board (DSMB), the study was stopped early for futility. There were no safety concerns raised.",AMAG-423 (digoxin immune fab),Severe Preeclampsia,
NCT04826484,Exparel 133 miligrams per 10 milliliter injection,Urologic Diseases,PHASE3,RANDOMIZED,104,2023,효능,futilit,Met futility threshold at interim analysis,Exparel 133 miligrams per 10 milliliter injection | Bupivacaine Hydrochloride,Urologic Diseases | Hypospadias | Undescended Testes | Chordee | Hydrocele | Orchiectomy,
NCT03386240,"Vicryl-plus, monocryl-plus, PDS-plus (Triclosan-coated Sutures)",Surgical Site Infection,PHASE4,RANDOMIZED,1169,2024,효능,Futilit,Futility,"Vicryl-plus, monocryl-plus, PDS-plus (Triclosan-coated Sutures) | Vicryl, monocryl, PDS (not coated with triclosan)",Surgical Site Infection | Surgical Wound Infection | Cesarean Section; Infection | Cesarean Section Complications,
NCT04421508,INOpulse,COVID-19,PHASE3,RANDOMIZED,191,2021,효능,Futilit,Futility,INOpulse,COVID-19 | Coronavirus | Coronavirus Infection,
NCT04004117,Fentanyl citrate solution sublingual,Copd,"PHASE2,PHASE3",RANDOMIZED,40,2026,효능,lack of efficacy,Clinical trial discontinued for reason pertaining to lack of efficacy.,Fentanyl citrate solution sublingual,Copd,
NCT00160563,LEVOCETIRIZINE,Asthma,PHASE3,RANDOMIZED,207,2006,효능,did not show,The predecessor study A00309 (NCT00152464) did not show statistical significance in time to onset of asthma between the levocetirizine and placebo groups.,LEVOCETIRIZINE,Asthma,
NCT06418711,Clofazimine Inhalation Suspension,MAC Lung Disease,PHASE3,RANDOMIZED,132,2025,효능,Futilit,Futility,Clofazimine Inhalation Suspension,"MAC Lung Disease | Treatment Refractory MAC Lung Disease | Mycobacterium Infections, Nontuberculous",
NCT00097344,Atamestane,Breast Neoplasms,PHASE3,RANDOMIZED,842,2006,효능,did not meet,Identical study Biomed 777-CLP-029 did not meet superiority endpoint,Atamestane | Toremifene | Letrozole | Aromatase inhibition | Estrogen receptor blocker | Hormone therapy | Endocrine therapy | Antiestrogen therapy,"Breast Neoplasms | Neoplasms, Hormone-Dependent",
NCT00432328,Avotermin,Mammaplasty,PHASE2,RANDOMIZED,39,,효능,Futilit,"Futility analysis undertaken, determined that study was underpowered.",Avotermin,Mammaplasty | Cicatrix,
NCT03472326,GS-9131,HIV-1-infection,PHASE2,RANDOMIZED,21,2019,효능,did not meet,GS-9131 did not meet the targeted antiviral response,GS-9131 | BIC | TAF | ARV regimen | DRV | RTV,HIV-1-infection,
NCT00120289,Extended release niacin,Cardiovascular Diseases,PHASE3,RANDOMIZED,3414,2012,효능,lack of efficacy,AIM-HIGH was stopped on the recommendation of the DSMB because of lack of efficacy of niacin in preventing primary outcome events.,Extended release niacin | Simvastatin,Cardiovascular Diseases | Heart Diseases | Cerebrovascular Accident | Coronary Disease | Atherosclerosis | Myocardial Infarction,
NCT02508649,selepressin,Septic Shock,"PHASE2,PHASE3",RANDOMIZED,868,2018,효능,futilit,Terminated due to futility,selepressin,Septic Shock,
NCT00407147,Procalcitonin assay - B.R.A.H.M.S PCT sensitive Kryptor,Infection,PHASE4,RANDOMIZED,11,2009,효능,futilit,termination due to futility (very slow patient enrollment),Procalcitonin assay - B.R.A.H.M.S PCT sensitive Kryptor,Infection | Bacterial Infection | Sepsis,
NCT04545385,TEV-48574,Asthma,PHASE2,RANDOMIZED,65,2022,효능,futilit,Met pre-specified criteria for futility at interim analysis,TEV-48574,Asthma,
NCT02993783,Vedolizumab,Allogeneic Hematopoietic Stem Cell Transplantation,PHASE2,RANDOMIZED,17,2018,효능,Lack of efficacy,Lack of efficacy of the drug; no safety concern,Vedolizumab,Allogeneic Hematopoietic Stem Cell Transplantation,
NCT03523728,Venglustat,"Polycystic Kidney, Autosomal Dominant","PHASE2,PHASE3",RANDOMIZED,478,2021,효능,futilit,Interim analysis for futility of the Stage 1 of the EFC15392 study met the protocol specified stopping rule based on the primary endpoint. EFC15392 study was stopped for futility based on prespecified criteria and recommendation from DMC,Venglustat,"Polycystic Kidney, Autosomal Dominant",
NCT00089804,abetimus sodium (LJP 394) and/or placebo solution,"Lupus Erythematosus, Systemic",PHASE3,RANDOMIZED,943,2009,효능,futile,Interim efficacy analysis indicated it would be futile to continue study.,abetimus sodium (LJP 394) and/or placebo solution | abetimus sodium (LJP 394) | Phosphate-buffered saline,"Lupus Erythematosus, Systemic | Lupus Nephritis",
NCT04931862,WVE-004,ALS,"PHASE1,PHASE2",RANDOMIZED,35,2023,효능,no clinical benefit,"Despite robust, sustained reductions in poly(GP), no clinical benefit was seen at 24 weeks, and reductions in poly(GP) were not associated with stabilization in functional outcomes. Based on these data, Wave decided to stop development of WVE-004.",WVE-004,ALS | FTD,
NCT01285310,Apremilast 30 mg,Rheumatoid Arthritis,PHASE2,RANDOMIZED,237,2012,효능,lack of efficacy,Study is terminated due to lack of efficacy,Apremilast 30 mg | Apremilast 20 mg,Rheumatoid Arthritis,
NCT02033278,Infusion of autologous mononuclear bone marrow cells,Idiopathic Dilated Cardiomyopathy,PHASE2,RANDOMIZED,27,2020,효능,lack of efficacy,"Low recruitment rate, bibliographic evidence of lack of efficacy",Infusion of autologous mononuclear bone marrow cells,Idiopathic Dilated Cardiomyopathy,
NCT03391765,ABBV-8E12,Progressive Supranuclear Palsy (PSP),PHASE2,RANDOMIZED,142,2019,효능,lack of efficacy,This study was prematurely discontinued because the program for progressive supranuclear palsy was discontinued due to lack of efficacy.,ABBV-8E12,Progressive Supranuclear Palsy (PSP),
NCT03981744,Ustekinumab 6 mg/kg,Polymyositis,PHASE3,RANDOMIZED,51,2022,효능,did not meet,The study did not meet the primary endpoint.,Ustekinumab 6 mg/kg | Ustekinumab 90 mg,Polymyositis | Dermatomyositis,
NCT04790916,RO7049665,Autoimmune Hepatitis,PHASE2,RANDOMIZED,2,2021,효능,lack of efficacy,A lack of efficacy was seen with RO7049665 in a study of ulcerative colitis. This reduces the likelihood that the drug is effective in autoimmune hepatitis.,RO7049665,Autoimmune Hepatitis | Autoimmune Chronic Hepatitis,
NCT00101361,Oxandrolone,Pressure Ulcer,PHASE3,RANDOMIZED,212,2008,효능,futilit,futility analysis showed low probability of detecting a significant difference,Oxandrolone,Pressure Ulcer,
NCT00792740,ITF2357,Crohn's Disease,"PHASE1,PHASE2",RANDOMIZED,51,2009,효능,futilit,"As no safety warnings were detected, Interim analysis from the first 40 patients recommends to stop the trial for futility",ITF2357,Crohn's Disease,
NCT05938023,ATL1102 25mg,Duchenne Muscular Dystrophy,PHASE2,RANDOMIZED,48,2025,효능,failed to meet,"The study failed to meet its primary or secondary efficacy endpoints. In consultation with investigators, the sponsor determined that it is not in the best interests of patients for the study to continue.",ATL1102 25mg | ATL1102 50mg,Duchenne Muscular Dystrophy,
NCT03340727,Caffeine Citrate,Apnea of Prematurity,PHASE3,RANDOMIZED,827,2023,효능,Futilit,Futility,Caffeine Citrate,Apnea of Prematurity,
NCT02952586,Avelumab,Squamous Cell Carcinoma of the Head and Neck,PHASE3,RANDOMIZED,697,2020,효능,futilit,The trial prematurely terminated as recommended by the E-DMC because the boundary for futility has been crossed.,Avelumab | Chemoradiation,Squamous Cell Carcinoma of the Head and Neck,
NCT03422523,Atezolizumab,Diffuse Large B Cell Lymphoma,PHASE2,RANDOMIZED,53,2021,효능,futilit,Failure to reach pre-specified futility boundary,Atezolizumab | Rituximab | Gemcitabine 1000 mg | Oxaliplatin 100 MG,Diffuse Large B Cell Lymphoma | Relapsed Diffuse Large B-Cell Lymphoma | Refractory Diffuse Large B-Cell Lymphoma,
NCT02603146,Hydroxychloroquine,Healthy Participants,PHASE2,RANDOMIZED,144,2022,효능,futilit,"Enrollment was closed before reaching the target. In the 1st interim analysis after enrollment closure, the follow up \& treatment of active participants were stopped early due to evidence of futility.",Hydroxychloroquine | HCQ Placebo,Healthy Participants | Rheumatoid Arthritis (RA) Prevention,약물
NCT06514742,Aticaprant,"Depressive Disorder, Major",PHASE3,RANDOMIZED,101,2025,효능,insufficient efficacy,Early study termination due to insufficient efficacy.,Aticaprant,"Depressive Disorder, Major | Anhedonia",
NCT00389675,Darusentan,Hypertension,PHASE3,RANDOMIZED,661,2010,효능,did not meet,Study DAR-312 did not meet its primary co-endpoints.,Darusentan | Guanfacine,Hypertension,
NCT03599622,BMS-986165,Granulomatous Colitis,PHASE2,RANDOMIZED,239,2023,효능,lack of efficacy,Trial terminated because of lack of efficacy in the short term acute phase,BMS-986165,Granulomatous Colitis | Crohn's Disease | Crohn's Enteritis | Granulomatous Enteritis,
NCT04160468,Exebacase,Staphylococcus Aureus Bacteremia,PHASE3,RANDOMIZED,259,2022,효능,futilit,The independent DSMB recommended that the study be stopped for futility following interim efficacy analysis.,Exebacase,Staphylococcus Aureus Bacteremia | Staphylococcus Aureus Endocarditis,
NCT00353574,Darusentan,Hypertension,PHASE3,RANDOMIZED,282,2010,효능,did not meet,Study DAR-312 did not meet primary co-endpoints,Darusentan,Hypertension,
NCT04345289,Convalescent anti-SARS-CoV-2 plasma,COVID,PHASE3,RANDOMIZED,147,2021,효능,futilit,DSMB advise due to high probability of futility,Convalescent anti-SARS-CoV-2 plasma | Infusion placebo,COVID | Corona Virus Infection | Viral Pneumonia,
NCT01902290,Brodalumab,Asthma,PHASE2,RANDOMIZED,421,2015,효능,lack of efficacy,Study terminated early due to lack of efficacy observed following interim analysis in Q2 2015. Study Closed once all sites were closed in eClinical,Brodalumab,Asthma,
NCT01852110,MK-7622,Alzheimer's Disease,PHASE2,RANDOMIZED,240,2016,효능,futilit,Stage 1 interim analysis of efficacy met the criteria for early trial termination (futility). The trial was terminated at Stage 1; did not proceed to Stage 2.,MK-7622 | AChEI,Alzheimer's Disease,
NCT01244191,Tivantinib,"Non Squamous, Non-small-cell Lung Cancer",PHASE3,RANDOMIZED,1048,2012,효능,futilit,Sponsor decision due to the protocol-defined stopping boundary for futility was met based on the interim OS data.,Tivantinib | Erlotinib,"Non Squamous, Non-small-cell Lung Cancer",
NCT01664637,10 mg TZP-102,Diabetic Gastroparesis,PHASE2,RANDOMIZED,120,2013,효능,Insufficient efficacy,Insufficient efficacy in planned interim futility analysis,10 mg TZP-102,Diabetic Gastroparesis,
NCT03439514,ARRY-371797 (PF-07265803),Dilated Cardiomyopathy,PHASE3,RANDOMIZED,77,2022,효능,futilit,The Sponsor terminated the study due to futility. The decision to stop the study was not based on safety concerns.,ARRY-371797 (PF-07265803),Dilated Cardiomyopathy | Lamin A/C Gene Mutation,
NCT02612428,ELAD System,Acute Alcoholic Hepatitis,PHASE3,RANDOMIZED,151,2018,효능,failed to meet,"VTL-308 failed to meet its primary endpoint, all follow up studies were terminated",ELAD System,Acute Alcoholic Hepatitis,
NCT02374853,Vancomycin,INFECTION,PHASE2,RANDOMIZED,1037,2019,효능,did not show,the preliminary analysis of study result did not show significant benefit that was anticipate,Vancomycin | No Vancomycin,INFECTION,
NCT04641273,BAY1817080,Neuropathic Pain Associated With Diabetic Peripheral Neuropathy,PHASE2,RANDOMIZED,154,2021,효능,Lack of efficacy,Lack of efficacy,BAY1817080 | Pregabalin,Neuropathic Pain Associated With Diabetic Peripheral Neuropathy,
NCT03940690,Anti-VEGF injections of bevacizumab,Retinal Telangiectasis,PHASE3,RANDOMIZED,18,2023,효능,futilit,Study futility based on the interim analysis,Anti-VEGF injections of bevacizumab | Laser,Retinal Telangiectasis | Coats Disease,
NCT05953688,ESK-001,Uveitis Posterior Non-Infectious,PHASE2,RANDOMIZED,36,2024,효능,did not meet,Terminated based on interim efficacy data that did not meet the Sponsor's criteria.,ESK-001,"Uveitis Posterior Non-Infectious | Uveitis, Intermediate | Noninfectious Panuveitis",
NCT05543707,PBI-0451 (Pomotrelvir),COVID-19,PHASE2,RANDOMIZED,242,2023,효능,primary endpoint was not met,Interim analysis concluded primary endpoint was not met,PBI-0451 (Pomotrelvir),COVID-19,
NCT00326911,cetuximab,Metastatic Pancreatic Cancer,PHASE2,RANDOMIZED,61,2008,효능,lack of efficacy,The planned enrollment was 130 patients and the study was halted prematurely due to lack of efficacy in both arms. Enrolled patients continued treatment.,cetuximab | bevacizumab | gemcitabine | cetuximab,Metastatic Pancreatic Cancer,약물
NCT03388164,Escitalopram + RT2CK17,Depression,PHASE2,RANDOMIZED,23,2019,효능,did not meet,The study was terminated early based on the planned interim analysis that did not meet criteria for continuation.,Escitalopram + RT2CK17 | Escitalopram + Placebo,Depression,
NCT01836809,nesiritide,Congestive Heart Failure,PHASE4,RANDOMIZED,2,2014,효능,Futilit,Futility for enrollment,nesiritide,Congestive Heart Failure | Cardiorenal Syndrome,
NCT03738800,CD5789 Cream 200 µg/g,Lamellar Ichthyosis,PHASE2,RANDOMIZED,65,2021,효능,Futilit,Futility,CD5789 Cream 200 µg/g | CD5789 Cream 100 µg/g | CD5789 Cream Vehicle,Lamellar Ichthyosis,
NCT00537602,miglustat,Cystic Fibrosis,PHASE2,RANDOMIZED,6,2008,효능,did not meet,Methodology applied did not meet all criteria required per guidelines,miglustat,Cystic Fibrosis,
NCT01227512,tolvaptan,Hyponatremia,PHASE3,RANDOMIZED,124,2013,효능,futilit,"Recruitment challenges and results of interim futility analysis, which showed less than likely to achieve primary endpoint goal-length of hospital stay.",tolvaptan | Fluid Restriction,Hyponatremia | Dilutional Hyponatremia | Inappropriate ADH Syndrome,
NCT01033019,LDE225 0.75%,Sporadic Superficial and Nodular Skin Basal Cell Carcinomas,PHASE2,RANDOMIZED,25,2011,효능,insufficient efficacy,The data from participants with sBCCs showed insufficient efficacy with current formulation and treatment conditions.,LDE225 0.75%,Sporadic Superficial and Nodular Skin Basal Cell Carcinomas,
NCT01216241,Daptomycin,Febrile Neutropenia,PHASE3,RANDOMIZED,36,2013,효능,futilit,The study has shown futility and the objectives could not be reached without enrolling a very large number of subjects.,Daptomycin | Daptomycin,Febrile Neutropenia,
NCT03345901,Pemafibrate,Diabetic Retinopathy,PHASE3,RANDOMIZED,18,2019,효능,did not meet,recruitment for the substudy did not meet the goals,Pemafibrate,Diabetic Retinopathy | Diabetic Macular Edema,
NCT04347226,BMS-986253,Solid Tumor,PHASE2,RANDOMIZED,43,2021,효능,futilit,Interim analysis indicated that futility boundary was reached.,BMS-986253,Solid Tumor | Sars-CoV2 | Hematological Malignancy,
NCT04504032,Rivaroxaban,COVID-19,PHASE2,RANDOMIZED,497,2021,효능,futilit,"Based on Data Monitoring Committee''s recommendation on 3 February 2021, the study was stopped on 4 February 2021 due to futility.",Rivaroxaban,COVID-19,약물
NCT04981717,REGN1908-1909,Allergic Rhinitis Due to Cat Allergy,PHASE3,RANDOMIZED,446,2023,효능,Lack of efficacy,Lack of efficacy,REGN1908-1909 | Matching Placebo,Allergic Rhinitis Due to Cat Allergy,
NCT00166712,Tacrolimus (TAC),Kidney Transplant Failure and Rejection,PHASE4,RANDOMIZED,40,2010,효능,lack of efficacy,Study stopped due to lack of efficacy \& funding.,Tacrolimus (TAC) | Sirolimus | Alemtuzumab | Mycophenolate mofetil (MMF),Kidney Transplant Failure and Rejection,
NCT01798836,Oestradiol pre-treatment and combination of GnRH agonist/antagonist protocol,Infertility,"PHASE2,PHASE3",RANDOMIZED,17,2015,효능,ineffective,Obtained results were not good. Protocol was proved ineffective.,Oestradiol pre-treatment and combination of GnRH agonist/antagonist protocol | GnRH agonist or antagonist protocol without oestradiol pre-treatment,Infertility,
NCT04344444,Hydroxychloroquine,COVID-19,PHASE3,RANDOMIZED,22,2022,효능,Lack of efficacy,Lack of efficacy data from other studies,Hydroxychloroquine | Azithromycin,COVID-19,약물
NCT04876716,Azole,Invasive Aspergillosis,PHASE3,RANDOMIZED,66,2024,효능,futilit,futility,Azole | Anidulafungin,Invasive Aspergillosis,
NCT00566462,perampanel,Parkinson's Disease,PHASE2,RANDOMIZED,1,2008,효능,lack of efficacy,Study stopped due to lack of efficacy.,perampanel,Parkinson's Disease,
NCT03626545,Canakinumab,Non-Small-Cell Lung,PHASE3,RANDOMIZED,245,2021,효능,lack of efficacy,The study was early terminated due to the lack of efficacy of study treatment observed in the analysis of the primary endpoint of the randomized part,Canakinumab | Docetaxel,Non-Small-Cell Lung,
NCT02842021,S2G6T-1,Tinea Pedis,PHASE2,RANDOMIZED,283,2017,효능,Failed to meet,Failed to meet success criteria,S2G6T-1 | S2G6T-2 | S2G6T-3 | S2G6T-4,Tinea Pedis,
NCT00958776,Peramivir+SOC,Cough,PHASE3,RANDOMIZED,405,2013,효능,futilit,This study was terminated for futility,Peramivir+SOC,Cough | Sore Throat | Nasal Congestion | Headache | Fever | Seasonal Influenza,
NCT05605093,Shionogi Protease Inhibitor (S-217622),COVID-19,PHASE3,RANDOMIZED,602,2025,효능,futilit,DSMB closed due to futility.,Shionogi Protease Inhibitor (S-217622),COVID-19,
NCT04516811,COVID-19 convalescent plasma (CCP) plus standard of care (SOC),COVID-19,PHASE3,RANDOMIZED,102,2022,효능,No benefit,No benefit seen in 2 published inpatient RCTs (but had limitations). Press release from inpatient Recovery trial with large number of endpoints showed no benefit. CCP collected from survivors of original strain infection had no neutralisation,COVID-19 convalescent plasma (CCP) plus standard of care (SOC),COVID-19 | SARS-CoV-2 Infection | Severe Acute Respiratory Syndrome Coronavirus 2,
NCT04303572,Eloctate ITI,Hemophilia A With Inhibitor,PHASE3,RANDOMIZED,1,2022,효능,futilit,"The INHIBIT Trials IDSMB, in a letter dated 05-18-22, recommended, given the slow enrollment, that the INHIBIT Trials be discontinued due to futility.",Eloctate ITI | Emicizumab,Hemophilia A With Inhibitor,
NCT03689244,Selexipag,Chronic Thromboembolic Pulmonary Hypertension,PHASE3,RANDOMIZED,128,2022,효능,did not demonstrate,"The study did not demonstrate efficacy on the primary endpoint, PVR vs. placebo at wk 20 at a planned interim analysis.",Selexipag,Chronic Thromboembolic Pulmonary Hypertension,
NCT03896945,AVP-786,Schizophrenia,"PHASE2,PHASE3",RANDOMIZED,136,2023,효능,futilit,"Based on the Interim Analysis outcome and recommendation by the DMC, Otsuka approved termination of the study based on futility.",AVP-786,Schizophrenia,
NCT02074007,AR01,Acute Otitis Media,PHASE3,RANDOMIZED,178,2014,효능,primary outcome measure not met,primary outcome measure not met,AR01,Acute Otitis Media,
NCT06108739,Cyclophosphamid,Hematologic Malignancy,PHASE3,RANDOMIZED,66,2024,효능,futilit,DSMB recommended halting the study owing to futility after the first interim analysis in August 2024.,Cyclophosphamid | ATG,Hematologic Malignancy,
NCT03395288,D-Mannose,Urinary Tract Infections,"PHASE2,PHASE3",RANDOMIZED,61,2020,효능,futilit,Performed a futility analysis and determined that study objectives could not be met.,D-Mannose,Urinary Tract Infections,
NCT00089856,Immunotherapy with allogeneic prostate vaccine,Prostate Cancer,PHASE3,RANDOMIZED,626,2008,효능,futilit,Based on futility analysis showing \<30% chance of meeting primary endpoint.,Immunotherapy with allogeneic prostate vaccine | Chemotherapy (Taxotere and prednisone),Prostate Cancer,
NCT03871829,Carfilzomib 20 mg/m^2,Multiple Myeloma,PHASE2,RANDOMIZED,88,2023,효능,futilit,The decision was made to discontinue the 54767414MMY2065 study as the Data Review Committee recommendation was early stop of the study for futility.,Carfilzomib 20 mg/m^2 | Carfilzomib 70 mg/m^2 | Dexamethasone 40 mg | Dara-SC 1800 mg | Dexamethasone 20 mg,Multiple Myeloma,
NCT02245737,Lanabecestat,Alzheimer´s Disease,"PHASE2,PHASE3",RANDOMIZED,2218,2018,효능,futilit,"An independent assessment concluded the trial was not likely to meet the primary endpoint upon completion and therefore, trial stopped for futility",Lanabecestat,Alzheimer´s Disease,
NCT03354637,ATI-50002 high dose,Alopecia Areata,PHASE2,RANDOMIZED,129,2019,효능,primary endpoint was not met,The double-blind primary endpoint was not met. Open Label Extension period halted as a result.,ATI-50002 high dose | ATI-50002 low dose,Alopecia Areata,
NCT01834235,Gemcitabine,"Pancreatic Cancer, Adult","PHASE1,PHASE2",RANDOMIZED,81,2019,효능,futilit,DSMB terminated the trial for futility.,Gemcitabine | nab-paclitaxel | NPC-1C,"Pancreatic Cancer, Adult",
NCT02095717,Curcumin,Prostate Cancer Metastatic Castration Resistant,PHASE2,RANDOMIZED,50,2018,효능,futilit,The trial was stopped for futility in view of the results of the interim analysis,Curcumin | Taxotere,Prostate Cancer Metastatic Castration Resistant,
NCT03222973,BIIB033 (opicinumab),Multiple Sclerosis,PHASE2,RANDOMIZED,263,2021,효능,did not meet,The top-line results from the Part 1 did not meet the pre-specified primary endpoint nor the key secondary endpoints. The decision to discontinue study 215MS202 Part 2 was not based on safety concerns.,BIIB033 (opicinumab),Multiple Sclerosis,
NCT05491317,GEN1042,Non-CNS Tumor,"PHASE1,PHASE2",RANDOMIZED,13,2025,효능,lack of efficacy,"After reviewing all available data from Part 1 of the trial, the Sponsor has decided not to proceed to Part 2 (randomized Phase 2) of the trial due to lack of efficacy",GEN1042 | Pembrolizumab | Radiotherapy,Non-CNS Tumor,
NCT01032070,erlotinib,Recurrent or Refractory Pediatric Ependymoma,PHASE2,RANDOMIZED,25,2012,효능,futilit,"In a pre-planned interim analysis, OSI-774-205 met futility for efficacy with no safety concerns. As a result, it has been stopped.",erlotinib | etoposide,Recurrent or Refractory Pediatric Ependymoma,약물
NCT00584740,AIN457,Crohn's Disease,PHASE2,RANDOMIZED,59,2010,효능,futilit,The study was terminated prematurely after futility criterion was met at planned interim analysis of 41 patients.,AIN457,Crohn's Disease,
NCT03267680,Cyclophosphamide,Cervical Squamous Cell Carcinoma In Situ,PHASE2,RANDOMIZED,10,2024,효능,Lack of efficacy,Lack of efficacy,Cyclophosphamide | Indomethacin | IRX-2 | Laboratory Biomarker Analysis | Multivitamin | Omeprazole | Therapeutic Conventional Surgery,Cervical Squamous Cell Carcinoma In Situ | Vulvar High Grade Squamous Intraepithelial Lesion,약물
NCT03075163,Acupressure,Vomiting,PHASE4,RANDOMIZED,300,2018,효능,futilit,recruitment futility,Acupressure | Ondansetron,Vomiting | Nausea,
NCT02080364,Azeliragon,Alzheimer's Disease,PHASE3,RANDOMIZED,880,2018,효능,lack of efficacy,Not due to safety but due to a lack of efficacy at the 5 mg azeliragon dose.,Azeliragon,Alzheimer's Disease,
NCT04173273,Etrasimod,Crohn's Disease,"PHASE2,PHASE3",RANDOMIZED,379,2025,효능,lack of efficacy,The study was prematurely discontinued due to a lack of efficacy in sub-study 1,Etrasimod | Etrasimod,Crohn's Disease,
NCT01849874,"MEK162, MEK inhibitor; oral",Low-grade Serous Ovarian Cancer,PHASE3,RANDOMIZED,341,2022,효능,futilit,"Per recommendation of the DMC, enrollment into the study was discontinued in April 2016 after the planned interim efficacy analysis showed the hazard ratio for PFS crossed the predefined futility boundary.","MEK162, MEK inhibitor; oral | Physician's choice chemotherapy",Low-grade Serous Ovarian Cancer | Low-grade Serous Fallopian Tube Cancer | Low-grade Serous Peritoneal Cancer,
NCT01130246,"A-002, varespladib methyl",Acute Coronary Syndrome,PHASE3,RANDOMIZED,5189,2012,효능,Lack of efficacy,Lack of efficacy,"A-002, varespladib methyl",Acute Coronary Syndrome,
NCT03263091,Roxadustat,"Primary MDS (Very Low, Low or Intermediate IPSS-R With <5% Blasts)",PHASE3,RANDOMIZED,184,2023,효능,did not meet,Study did not meet its primary efficacy endpoint.,Roxadustat,"Primary MDS (Very Low, Low or Intermediate IPSS-R With <5% Blasts) | Anemia",
NCT01467076,Aerosolized Normal Saline,Prematurity,PHASE2,RANDOMIZED,7,2012,효능,futilit,The study was halted due to futility concerns based on the unmet benchmarks as specified in the pilot study protocol.,Aerosolized Normal Saline | Inhaled PGE1,"Prematurity | Respiratory Insufficiency | Pulmonary Hypertension | Respiratory Distress Syndrome, Newborn",
NCT04447235,Ivermectin,Cancer,PHASE2,RANDOMIZED,77,2022,효능,futilit,futility analysis has demonstrated no difference between arms,Ivermectin | Losartan,Cancer | COVID | Coronavirus Infection,
NCT02089425,K-103-IP,Acute Pain From Ankle Sprain or Strain,PHASE3,RANDOMIZED,384,2014,효능,futilit,Interim futility analysis,K-103-IP,Acute Pain From Ankle Sprain or Strain,
NCT04305184,ASP0598,Chronic Tympanic Membrane Perforation,"PHASE1,PHASE2",RANDOMIZED,36,2023,효능,Lack of Efficacy,Lack of Efficacy,ASP0598,Chronic Tympanic Membrane Perforation,
NCT01127633,Solanezumab,Alzheimer's Disease,PHASE3,RANDOMIZED,1457,2017,효능,did not meet,Solanezumab did not meet the primary endpoint in study H8A-MC-LZAX.,Solanezumab,Alzheimer's Disease,
NCT04985968,Cobitolimod 250 mg,Ulcerative Colitis,PHASE3,RANDOMIZED,171,2023,효능,futilit,Due to futility,Cobitolimod 250 mg | Cobitolimod 500 mg,Ulcerative Colitis,
NCT01709968,MAGNOX 520®,Nocturnal Leg Cramps,PHASE4,RANDOMIZED,94,2014,효능,futilit,"Blinded interim analysis Recommendation, submitted April 1, 2014, was early termination for futility.",MAGNOX 520®,Nocturnal Leg Cramps | Quality of Life,
NCT05338450,Clemastine Fumarate,Multiple Sclerosis,PHASE3,RANDOMIZED,47,2025,효능,futilit,"In line with the study protocol, due to slow recruitment, a futility analysis has been performed in the first quarter of 2025 by an independent statistician. The result of the analysis was restricted to a ""no-go"".",Clemastine Fumarate,Multiple Sclerosis | Internuclear Ophthalmoplegia,
NCT01939548,PF-02545920,Schizophrenia,PHASE2,RANDOMIZED,240,2014,효능,efficacy criteria,A pre-planned interim analysis indicated the trial was unlikely to meet the pre-specified efficacy criteria. The decision was not based on any safety concerns.,PF-02545920 | PF-02545920,Schizophrenia,
NCT00514917,Docetaxel,Prostatic Neoplasms,PHASE3,RANDOMIZED,413,2012,효능,efficacy concerns,"Company decision to discontinue the study, not due to any safety or efficacy concerns",Docetaxel | Leuprolide | Bicalutamide,Prostatic Neoplasms,약물
NCT04266301,Sabatolimab,Myelodysplastic Syndromes,PHASE3,RANDOMIZED,530,2024,효능,failed to meet,"In December 2023, Novartis decided to terminate the sabatolimab clinical development program early after Phase II (MDS1) and Phase III (MDS2) studies failed to meet their primary objectives. The termination was not due to safety concerns.",Sabatolimab | Azacitidine,"Myelodysplastic Syndromes | Leukemia, Myelomonocytic, Chronic",
NCT00946712,Bevacizumab,Recurrent Large Cell Lung Carcinoma,PHASE3,RANDOMIZED,1333,2022,효능,futilit,terminated at pre-planned futility analysis,Bevacizumab | Carboplatin | Cetuximab | Laboratory Biomarker Analysis | Paclitaxel,Recurrent Large Cell Lung Carcinoma | Recurrent Lung Adenocarcinoma | Recurrent Squamous Cell Lung Carcinoma | Stage IV Large Cell Lung Carcinoma | Stage IV Lung Adenocarcinoma | Stage IV Squamous Cell Lung Carcinoma,약물
NCT03431337,Amoxicillin 875 mg,"Sinusitis, Acute",PHASE4,RANDOMIZED,157,2020,효능,Futilit,Futility found by interim analysis,Amoxicillin 875 mg,"Sinusitis, Acute",
NCT04933695,Sotorasib,Non-small Cell Lung Cancer,PHASE2,RANDOMIZED,42,2025,효능,Futilit,Futility,Sotorasib,Non-small Cell Lung Cancer,
NCT02217982,Simethicone,Relapsing Remitting Multiple Sclerosis,PHASE4,RANDOMIZED,5,2015,효능,did not meet,Study did not meet required enrollment numbers,Simethicone | Loperamide | Peanut Butter,Relapsing Remitting Multiple Sclerosis,
NCT00963872,cyclophosphamide,Leukemia,"PHASE1,PHASE2",RANDOMIZED,31,2013,효능,Lack of efficacy,Lack of efficacy after interim analysis,cyclophosphamide | fludarabine phosphate | Total body irradiation | Umbilical cord blood unit with C3a fragment | Unmanipulated UCB Unit,Leukemia | Lymphoma | Multiple Myeloma | Myelodysplastic Syndromes,약물
NCT03447730,SYNB1020,Cirrhosis,"PHASE1,PHASE2",RANDOMIZED,23,2019,효능,futilit,Interim futility analyses identified a lack of SYNB1020 efficacy.,SYNB1020,Cirrhosis,
NCT04336332,Hydroxychloroquine Sulfate + Azithromycin,SARS-CoV-2,PHASE2,RANDOMIZED,75,2020,효능,Ineffective,Ineffectiveness of treatment,Hydroxychloroquine Sulfate + Azithromycin | Hydroxychloroquine Sulfate,SARS-CoV-2 | COVID-19,
NCT03530293,Valbenazine,Tourette Syndrome,PHASE2,RANDOMIZED,81,2019,효능,Futilit,Futility,Valbenazine,Tourette Syndrome,
NCT05983367,Ompenaclid,Colorectal Cancer,PHASE2,RANDOMIZED,76,2025,효능,did not meet,"At the time of the primary analysis, results did not meet the primary endpoint",Ompenaclid | Bevacizumab | FOLFIRI regimen,Colorectal Cancer | Metastatic Colon Cancer,
NCT01687478,Olanzapine,Treatment Resistant Depression,PHASE3,RANDOMIZED,176,2015,효능,Lack of efficacy,Interim assessment: Lack of efficacy,Olanzapine | Fluoxetine,Treatment Resistant Depression,
NCT00385827,Mitoxantrone,"Cancer, Prostate",PHASE2,RANDOMIZED,106,2008,효능,lack of efficacy,Prematurely stopped after Independent Data Monitoring Committee (IDMC) evaluation for lack of efficacy.,Mitoxantrone | Siltuximab | Prednisone,"Cancer, Prostate",
NCT00059202,Ursodeoxycholic Acid,Primary Sclerosing Cholangitis,"PHASE2,PHASE3",RANDOMIZED,150,2008,효능,futilit,DSMB reviewed interim analysis and terminated the study due to futility.,Ursodeoxycholic Acid,Primary Sclerosing Cholangitis,
NCT01585129,Postpartum Antibiotics,The Primary Outcome of This Study Will be the Rate of Endometritis,PHASE4,RANDOMIZED,80,2014,효능,Futilit,Futility in patient enrollment,Postpartum Antibiotics | No postpartum antibiotics,The Primary Outcome of This Study Will be the Rate of Endometritis,
NCT03720717,Baclofen 10mg,Pain,PHASE4,RANDOMIZED,34,2022,효능,Futilit,Futility analysis at midpoint analysis,Baclofen 10mg,Pain,
NCT00418574,Abagovomab,Ovarian Cancer,"PHASE2,PHASE3",RANDOMIZED,888,2011,효능,No benefit,No benefit on primary end point (RFS); no rationale to collect survival data,Abagovomab,Ovarian Cancer,
NCT05785390,NP-101,COVID-19,PHASE2,RANDOMIZED,170,2025,효능,futilit,The interim analysis results met protocol and SAP predetermined criteria for stopping early due to futility or efficacy.,NP-101,COVID-19,
NCT01202773,LY2127399,Rheumatoid Arthritis,PHASE3,RANDOMIZED,456,2014,효능,insufficient efficacy,"Terminated not based on safety concerns, but due to insufficient efficacy.",LY2127399,Rheumatoid Arthritis,
NCT00222742,induced moderate hypothermia,Traumatic Brain Injury,PHASE3,RANDOMIZED,90,2012,효능,Futilit,Futility,induced moderate hypothermia,Traumatic Brain Injury,
NCT03028740,Cenicriviroc,Nonalcoholic Steatohepatitis,PHASE3,RANDOMIZED,1778,2021,효능,lack of efficacy,This study was terminated early due to lack of efficacy based on the results of the planned interim analysis of Part 1 data.,Cenicriviroc,Nonalcoholic Steatohepatitis,
NCT05999799,GSK1070806,"Dermatitis, Atopic",PHASE2,RANDOMIZED,161,2025,효능,futilit,Sponsor decision to early terminate the study based on the pre-defined futility criterion for efficacy. No safety concerns were identified.,GSK1070806,"Dermatitis, Atopic",
NCT02515669,RO7239361,Muscular Dystrophy (DMD),"PHASE1,PHASE2",RANDOMIZED,43,2020,효능,futilit,A pre-planned futility analysis indicated lack of efficacy in study NCT03039686 and led to discontinuation of both ongoing studies in DMD.,RO7239361,Muscular Dystrophy (DMD),
NCT06470451,Hypericin,CTCL/ Mycosis Fungoides,PHASE3,RANDOMIZED,70,2026,효능,futilit,The Data Monitoring Committee conducted an interim analysis and recommended that the study be halted for futility,Hypericin,CTCL/ Mycosis Fungoides | CTCL | Mycosis Fungoides | Cutaneous T Cell Lymphoma,
NCT01954160,Symplicity Renal Denervation,Heart Failure,PHASE2,RANDOMIZED,5,2014,효능,lack of efficacy,DSMB decision based upon noted lack of efficacy in manufacturers pivotal trials.,Symplicity Renal Denervation,Heart Failure,
NCT04544410,Tildacerfont/Placebo,Congenital Adrenal Hyperplasia,PHASE2,RANDOMIZED,100,2025,효능,did not meet,Study did not meet its primary endpoint.,Tildacerfont/Placebo,Congenital Adrenal Hyperplasia,
NCT04495894,Preoperative Ketorolac,Non-small Cell Lung Cancer,PHASE2,RANDOMIZED,68,2024,효능,no benefit,This study was terminated after interim analyses showed no benefits.,Preoperative Ketorolac,Non-small Cell Lung Cancer | Renal Cell Carcinoma,
NCT03298802,Hydrochlorothiazide 50mg Tablet,Pre-Eclampsia,PHASE3,RANDOMIZED,453,2025,효능,Futilit,Futility of the study,Hydrochlorothiazide 50mg Tablet,"Pre-Eclampsia | Gestational Hypertension | Superimposed Pre-Eclampsia | Hypertension, Pregnancy-Induced | Postpartum Pregnancy-Induced Hypertension | Postpartum Preeclampsia",
NCT00940095,Clazosentan 5 m/h,Aneurysmal Subarachnoid Hemorrhage,PHASE3,RANDOMIZED,577,2011,효능,Lack of efficacy,Lack of efficacy data from the Phase 3 clinical study (AC-054-301; CONSCIOUS-2),Clazosentan 5 m/h | Clazosentan 15 mg/h,Aneurysmal Subarachnoid Hemorrhage,
NCT04579666,Pegcetacoplan (APL-2),Amyotrophic Lateral Sclerosis,PHASE2,RANDOMIZED,249,2023,효능,did not meet,"The study did not meet primary endpoint at Week 52. The study also did not meet key secondary efficacy endpoints. Pegcetacoplan (APL-2) was well tolerated in the study, and the data were consistent with the established safety profile.",Pegcetacoplan (APL-2),Amyotrophic Lateral Sclerosis | Motor Neuron Disease,
NCT02783573,Lanabecestat,Alzheimer's Disease,PHASE3,RANDOMIZED,1722,2018,효능,futilit,"An independent assessment concluded the trial was not likely to meet the primary endpoint upon completion and therefore, trial stopped for futility.",Lanabecestat,Alzheimer's Disease,
NCT03738423,REGN3500,Atopic Dermatitis,PHASE2,RANDOMIZED,129,2020,효능,Lack of efficacy,Lack of efficacy,REGN3500 | REGN3500-Matching Placebo,Atopic Dermatitis,
NCT04989413,Cannabidiol + Cannabigerol + Tetrahydrocannabinol 133/66/4mg,"Chronic Migraine, Headache","PHASE2,PHASE3",RANDOMIZED,110,2025,효능,futilit,"an interim analysis to rule out futility was positive, we completed active patients and stopped recruitment with 75 patients enrolled",Cannabidiol + Cannabigerol + Tetrahydrocannabinol 133/66/4mg,"Chronic Migraine, Headache | Overuse Headache Medication",
NCT02687542,PF-06649751 low dose (1 mg QD),Parkinson Disease,PHASE2,RANDOMIZED,108,2017,효능,insufficient efficacy,Terminated 25Sep17 due to insufficient efficacy. Not due to safety reasons.,PF-06649751 low dose (1 mg QD) | PF-06649751 middle dose 1 (3 mg QD) | PF-06649751 middle dose 2 (7 mg QD) | PF-06649751 high dose (15 mg QD),Parkinson Disease,
NCT04523090,Nitazoxanide,COVID-19,"PHASE2,PHASE3",RANDOMIZED,322,2022,효능,futilit,Signal of futility at interim analysis,Nitazoxanide,COVID-19,
NCT05292196,TQC3721 suspension for inhalation,Chronic Obstructive Pulmonary Disease (COPD),PHASE2,RANDOMIZED,59,2023,효능,efficacy concerns,Per sponsor request. Closure was not prompted by any safety or efficacy concerns.,TQC3721 suspension for inhalation | TQC3721 suspension placebo for inhalation,Chronic Obstructive Pulmonary Disease (COPD),
NCT00043355,interferon gamma-1b,Lung Infection,PHASE2,RANDOMIZED,100,2003,효능,Futilit,Futility,interferon gamma-1b,Lung Infection,
NCT01100515,normobaric oxygen therapy,Carbon Monoxide Poisoning,PHASE3,RANDOMIZED,179,2000,효능,futilit,this study was suspended for futility,normobaric oxygen therapy | Hyperbaric oxygen therapy,Carbon Monoxide Poisoning,
NCT01813019,AFQ056,Patient Diagnosed With OCD and Resistant to SSRI Treatment,PHASE2,RANDOMIZED,50,2014,효능,did not meet,Study was prematurely terminated at the time of the first Interim Analysis (IA) as the study did not meet its primary efficacy objective.,AFQ056,Patient Diagnosed With OCD and Resistant to SSRI Treatment | Failed SSRI Over 12 Weeks at Appropriate Doses,
NCT04791319,Bermekimab,"Dermatitis, Atopic",PHASE2,RANDOMIZED,199,2022,효능,futilit,Premature Termination due to Interim Analysis (100 patients at Week 16) meeting futility.,Bermekimab | Dupilumab,"Dermatitis, Atopic",
NCT05179057,Posoleucel,Adenovirus Infection,PHASE3,RANDOMIZED,57,2024,효능,futile,Study discontinued as DSMB determined it was futile. No safety concerns were noted.,Posoleucel,Adenovirus Infection,
NCT00471237,Ronacaleret,Osteoporosis,PHASE2,RANDOMIZED,564,2008,효능,futilit,Terminated for futility by sponsor after a pre-planned interim review of data,Ronacaleret | Teriparatide | Alendronate,Osteoporosis,
NCT04348656,Convalescent plasma,COVID-19,PHASE3,RANDOMIZED,940,2021,효능,futilit,Study was terminated after the planned interim analysis as the pre-defined futility threshold was met,Convalescent plasma,COVID-19,
NCT05838742,GSK3858279,Pain,PHASE2,RANDOMIZED,314,2024,효능,futilit,"The study met futility criteria at pre-planned interim analysis, showing no clinical efficacy of the investigational drug. Based on the lack of efficacy at the interim data review, the sponsor decided to terminate the study.",GSK3858279,"Pain | Osteoarthritis, Knee",
NCT04973137,Birtamimab,Light Chain (AL) Amyloidosis,PHASE3,RANDOMIZED,208,2025,효능,did not meet,The AFFIRM-AL clinical trial did not meet its primary endpoint.,Birtamimab,Light Chain (AL) Amyloidosis,
NCT00178711,Hypothermia,Traumatic Brain Injury,PHASE3,RANDOMIZED,232,2009,효능,Futilit,Futility,Hypothermia,Traumatic Brain Injury,
NCT00534937,Compression wrapping,Venous Stasis Ulcer,PHASE4,RANDOMIZED,89,2010,효능,Ineffective,Ineffective Recruitment (Business Decision),Compression wrapping | Flexitouch compression pump,Venous Stasis Ulcer,
NCT00991939,Dexamethasone USP Micronized,Immune Thrombocytopenic Purpura,PHASE3,RANDOMIZED,8,2013,효능,futilit,The study was closed due to accrual futility there were only a total of 8 subjects enrolled.,Dexamethasone USP Micronized | Prednisone,Immune Thrombocytopenic Purpura,
NCT01113801,LY2382770,Diabetic Kidney Disease,PHASE2,RANDOMIZED,417,2014,효능,Lack of Efficacy,Interim Assessment: Lack of Efficacy,LY2382770,Diabetic Kidney Disease | Diabetic Nephropathy | Diabetic Glomerulosclerosis,
NCT01061671,simvastatin,"Pulmonary Disease, Chronic Obstructive",PHASE3,RANDOMIZED,885,2014,효능,Futilit,Futility,simvastatin,"Pulmonary Disease, Chronic Obstructive",약물
NCT00090532,"AG-013,958",Age-Related Macular Degeneration,"PHASE1,PHASE2",RANDOMIZED,155,2006,효능,lack of efficacy,This study was terminated due to a lack of efficacy.,"AG-013,958",Age-Related Macular Degeneration,
NCT05727878,KPI-012,Persistent Corneal Epithelial Defect,PHASE2,RANDOMIZED,103,2025,효능,Lack of efficacy,Lack of efficacy,KPI-012 | KPI-012 Vehicle,Persistent Corneal Epithelial Defect,
NCT06964165,Niraparib,Ovarian Neoplasms,PHASE2,RANDOMIZED,36,2025,효능,futilit,The study stopped after meeting pre-specified futility criteria,Niraparib | Carboplatin | Paclitaxel,Ovarian Neoplasms,
NCT01806064,TRC105 and Axitinib,Renal Cell Carcinoma,"PHASE1,PHASE2",RANDOMIZED,173,2019,효능,did not meet,The study did not meet endpoint.,TRC105 and Axitinib | Axitinib,Renal Cell Carcinoma,
NCT01200212,"Taxane, Avastin",Breast Cancer,PHASE3,RANDOMIZED,432,2012,효능,no benefit,"A planed interim analysis shows no benefits, but higher adverse event rates for the experimental arm.","Taxane, Avastin | Taxane, Avastin, Xeloda",Breast Cancer,
NCT00729027,25 mg/day AVE5530,Hypercholesterolemia,PHASE3,RANDOMIZED,1015,2009,효능,insufficient efficacy,AVE5530 in hypercholesterolemia was stopped due to insufficient efficacy,25 mg/day AVE5530 | 50 mg/day AVE5530,Hypercholesterolemia,
NCT03630120,Lenvatinib,Thyroid Cancer,PHASE2,RANDOMIZED,6,2019,효능,Lack of efficacy,Lack of efficacy,Lenvatinib | Sorafenib | Cabozantinib | Vandetanib,"Thyroid Cancer | Thyroid Cancer, Medullary | Differentiated Thyroid Cancer | Papillary Thyroid Cancer | Follicular Thyroid Cancer | Poorly Differentiated Thyroid Gland Carcinoma",
NCT02855268,lademirsen (SAR339375),Alport Syndrome,PHASE2,RANDOMIZED,43,2022,효능,futilit,The results of the futility analysis led to the study termination. No unexpected safety findings were identified.,lademirsen (SAR339375),Alport Syndrome,
NCT02454855,melatonin,Cancer,PHASE3,RANDOMIZED,123,2022,효능,futilit,The study stopped for futility after the DSMB.,melatonin,Cancer,
NCT03762265,Rilzabrutinib,Pemphigus,PHASE3,RANDOMIZED,131,2021,효능,lack of efficacy,Sponsor decision based on lack of efficacy,Rilzabrutinib,Pemphigus,
NCT00920309,Rapamycin,Autosomal Dominant Polycystic Kidney Disease,"PHASE2,PHASE3",RANDOMIZED,21,2010,효능,failed to show,This study was stopped after larger studies published in the NEJM failed to show a benefit in treating ADPKD,Rapamycin,Autosomal Dominant Polycystic Kidney Disease,
NCT06881251,Dupilumab,"Dermatitis, Atopic",PHASE2,RANDOMIZED,256,2026,효능,futilit,Terminated: futility criteria met at interim efficacy analysis.,Dupilumab | JNJ-95475939,"Dermatitis, Atopic",
NCT00471809,Budesonide + Salmeterol + Azithromycin,Asthma,PHASE4,RANDOMIZED,210,2007,효능,futilit,"The CARE Network DSMB recommended to the NHLBI that the MARS trial be terminated, based on a futility analysis with 55 randomized children.",Budesonide + Salmeterol + Azithromycin | Budesonide + Salmeterol + Montelukast | Budesonide + Salmeterol + Placebo,Asthma,
NCT03736967,REGN3500,Atopic Dermatitis,PHASE2,RANDOMIZED,206,2020,효능,Lack of efficacy,Lack of efficacy,REGN3500 | Dupilumab | REGN3500 + Dupilumab Combo,Atopic Dermatitis,
NCT03763175,SYN-010 21 mg,Irritable Bowel Syndrome With Constipation,PHASE2,RANDOMIZED,59,2020,효능,Futilit,Interim Futility Analysis,SYN-010 21 mg | SYN-010 42 mg,Irritable Bowel Syndrome With Constipation,
NCT03062319,Oral Anticoagulant,Ischemic Stroke,PHASE4,RANDOMIZED,321,2023,효능,futilit,"The trial was terminated at the planned interim analysis for futility on July 18, 2023.",Oral Anticoagulant | Antiplatelet Drug,Ischemic Stroke | Atrial Fibrillation | Atherothrombosis,
NCT02688803,Dose dense AC-P,Breast Cancer,PHASE4,RANDOMIZED,2,2017,효능,did not meet,"The study did not meet the pilot feasibility endpoints and was formally closed to accrual prematurely on February 8, 2017.",Dose dense AC-P | Dose dense AC | FEC-D,Breast Cancer,
NCT04457336,Tildacerfont/Placebo,Congenital Adrenal Hyperplasia,PHASE2,RANDOMIZED,96,2024,효능,did not meet,Study SPR001-203 did not meet its primary and secondary endpoints therefore Spruce Biosciences has decided to terminate the study,Tildacerfont/Placebo,Congenital Adrenal Hyperplasia,
NCT01956812,IMMU-107,Metastatic Pancreatic Cancer,PHASE3,RANDOMIZED,334,2016,효능,did not demonstrate,"The DSMB conducted an interim analysis on overall survival, which showed that the treatment arm did not demonstrate a sufficient improvement in OS vs. placebo.",IMMU-107 | Gemcitabine,Metastatic Pancreatic Cancer | Pancreatic Cancer,
NCT01316939,GSK1605786A,Crohn's Disease,PHASE3,RANDOMIZED,229,2013,효능,lack of efficacy,This study was terminated due to the lack of efficacy of GSK1605786A in Crohn's disease based on the results of Study CCX114151.,GSK1605786A | GSK1605786A,Crohn's Disease,
NCT02978222,FRα peptide plus Adjuvant (GM-CSF),Platinum Sensitive Ovarian Cancer,PHASE2,RANDOMIZED,120,2020,효능,Futilit,Futility analysis did not support continuation of the trial,FRα peptide plus Adjuvant (GM-CSF) | Adjuvant (GM-CSF) Alone,Platinum Sensitive Ovarian Cancer | Ovarian Cancer,
NCT03055195,Mepolizumab 100 mg,"Dermatitis, Atopic",PHASE2,RANDOMIZED,34,2017,효능,futilit,Study reached pre-determined futility criteria following interim analysis. No safety concerns were noted.,Mepolizumab 100 mg,"Dermatitis, Atopic",
NCT01582672,Standard Treatment,Advanced Renal Cell Carcinoma,PHASE3,RANDOMIZED,462,2018,효능,Lack of efficacy,Lack of efficacy,Standard Treatment | AGS-003,Advanced Renal Cell Carcinoma | Renal Cell Carcinoma | Metastatic Renal Cell Carcinoma,
NCT05276830,BXCL501,Agitation,PHASE2,RANDOMIZED,5,2022,효능,efficacy concerns,Study was terminated for business reasons; not due to safety or efficacy concerns,BXCL501 | BXCL501,Agitation | Dementia,
NCT01133678,Everolimus,Head and Neck Cancer,PHASE2,RANDOMIZED,50,2015,효능,futilit,Primary endpoint reached futility boundary,Everolimus,Head and Neck Cancer,약물
NCT01989091,B-Lock,Dialysis Catheter Infections,PHASE3,RANDOMIZED,270,2014,효능,Did not meet,Did not meet predetermined primary endpoint,"B-Lock | Heparin 5,000 U/mL",Dialysis Catheter Infections,
NCT01303718,CardioFit® System,Left Ventricular Dysfunction,PHASE3,RANDOMIZED,730,2015,효능,Futilit,Futility of Primary Efficacy Endpoint,CardioFit® System,Left Ventricular Dysfunction | Heart Failure,
NCT05517668,Intravenous infusion of N-acetylcysteine,Acetaminophen,PHASE2,RANDOMIZED,29,2025,효능,Futilit,Futility,Intravenous infusion of N-acetylcysteine | Intravenous infusion of Fomepizole (4-MP),Acetaminophen | Drug Overdose | Acetaminophen Overdose | Acetaminophen Poisoning | Drug-induced Liver Injury | Liver Failure | Liver Toxicity,
NCT01814813,HSPPC-96,Recurrent Glioblastoma,PHASE2,RANDOMIZED,90,2023,효능,futilit,DSMB futility analysis,HSPPC-96 | bevacizumab,Recurrent Glioblastoma | Recurrent Adult Brain Tumor | Gliosarcoma,
NCT00890097,AL-8309B Ophthalmic Solution,Geographic Atrophy,PHASE3,RANDOMIZED,772,2012,효능,ineffective,Treatment ineffective,AL-8309B Ophthalmic Solution | AL-8309B Vehicle,Geographic Atrophy | Age-Related Macular Degeneration,
NCT05964413,vilobelimab,Pyoderma Gangrenosum,PHASE3,RANDOMIZED,54,2025,효능,futilit,Study stopped for futility,vilobelimab,Pyoderma Gangrenosum,
NCT04547140,Liquid Alpha1-Proteinase Inhibitor (Human),COVID-19,PHASE2,RANDOMIZED,57,2022,효능,Futilit,Study Stopped for Futility,Liquid Alpha1-Proteinase Inhibitor (Human) | Standard Medical Treatment,COVID-19,
NCT00824785,"epirubicin, oxaliplatin, capecitabine (EOX)",Oesophago-gastric Cancer,PHASE3,RANDOMIZED,574,2013,효능,Lack of efficacy,Lack of efficacy,"epirubicin, oxaliplatin, capecitabine (EOX) | EOX + panitumumab",Oesophago-gastric Cancer,
NCT00731692,FTY720,Primary Progressive Multiple Sclerosis,PHASE3,RANDOMIZED,970,2015,효능,did not meet,The extension study was terminated early after the results of the core study showed the study did not meet primary endpoint; confirmed disability progression,FTY720,Primary Progressive Multiple Sclerosis,
NCT04061798,ACT guided heparinization,Abdominal Aortic Aneurysm,PHASE4,RANDOMIZED,294,2024,효능,Futilit,Futility,ACT guided heparinization | 5 000 IU of heparin,Abdominal Aortic Aneurysm | Surgery | Arterial Disease,
NCT01403064,ALD518,Oral Mucositis,PHASE2,RANDOMIZED,76,2014,효능,lack of efficacy,due to lack of efficacy,ALD518 | 0.9% saline,Oral Mucositis,
NCT01077518,Ofatumumab,"Lymphoma, Follicular",PHASE3,RANDOMIZED,346,2018,효능,did not meet,The study was terminated early as it did not meet the Primary efficacy objective after primary analysis.,Ofatumumab | Bendamustine infusion | Ofatumumab and Bendamustine infusions (Arm A) | Bendamustine infusion (Arm B),"Lymphoma, Follicular",
NCT04925960,Epalrestat,Pmm2-CDG,PHASE3,RANDOMIZED,42,2025,효능,futilit,Due to futility,Epalrestat,Pmm2-CDG | Phosphomannomutase 2 Deficiency | Phosphomannomutase 2 Congenital Disorder of Glycosylation | Phosphomannomutase II Congenital Disorder of Glycosylation | Phosphomannomutase II Deficiency,
NCT00316017,7.5% hypertonic saline/6% Dextran-70 (HSD),"Shock, Traumatic",PHASE3,RANDOMIZED,895,2009,효능,Futilit,"Futility \& potential safety concern (increased early mortality in the HS/HSD arms for those with no PRBC in 1st 24 hr, post-randomization subgp)",7.5% hypertonic saline/6% Dextran-70 (HSD) | 7.5% hypertonic saline (HS) | 0.9% normal saline,"Shock, Traumatic",
NCT03965091,Fremanezumab,Fibromyalgia,PHASE2,RANDOMIZED,189,2022,효능,futilit,Met pre-specified criteria for futility at interim analysis,Fremanezumab,Fibromyalgia,
NCT03005379,Fecal Microbiota Therapy (FMT),Clostridium Difficile Infection,"PHASE2,PHASE3",RANDOMIZED,153,2023,효능,futilit,Study is terminated for futility per protocol-specified interim analysis and DMC recommendation.,Fecal Microbiota Therapy (FMT),Clostridium Difficile Infection,
NCT00372996,"CP-751,871",Breast Neoplasms,PHASE2,RANDOMIZED,219,2014,효능,efficacy concerns,This study was closed to enrollment as of 13 May 2011 due to business reasons. Premature closure was not prompted by any safety or efficacy concerns.,"CP-751,871 | exemestane | exemestane | Fulvestrant",Breast Neoplasms,
NCT02759120,Antimicrobial therapy: Co-trimoxazole or Doxycycline,Idiopathic Pulmonary Fibrosis,PHASE3,RANDOMIZED,513,2020,효능,futilit,Terminated for futility after review of first planned interim analysis.,Antimicrobial therapy: Co-trimoxazole or Doxycycline,Idiopathic Pulmonary Fibrosis,
NCT04303559,Eloctate Injectable Product,Hemophilia A Without Inhibitor,PHASE3,RANDOMIZED,1,2022,효능,futilit,"The INHIBIT Trials IDSMB, in a letter dated 05-18-22, recommended, given the slow enrollment, that the INHIBIT Trials be discontinued due to futility.",Eloctate Injectable Product | Emicizumab Injection [Hemlibra],Hemophilia A Without Inhibitor,
NCT01808261,GSK249320 100/mg,Cerebrovascular Accident,PHASE2,RANDOMIZED,134,2014,효능,futilit,This study was terminated for futility.,GSK249320 100/mg,Cerebrovascular Accident,
NCT02779777,Tipifarnib,Myelodysplastic Syndromes,PHASE2,RANDOMIZED,16,2018,효능,Lack of efficacy,Lack of efficacy,Tipifarnib,Myelodysplastic Syndromes,
NCT00855062,minocycline,HIV-associated Cognitive Impairment,"PHASE1,PHASE2",RANDOMIZED,73,2009,효능,futilit,The Neurologic AIDS Research Consortium Data Safety and Monitoring Board committee recommended to terminate the study early due to futility on 11/6/2009.,minocycline | minocycline placebo capsule,HIV-associated Cognitive Impairment | HIV Infections,
NCT01499355,BIIB023,Lupus Nephritis,PHASE2,RANDOMIZED,276,2015,효능,did not demonstrate,Results from pre-specified criteria did not demonstrate sufficient efficacy to warrant continuation of the study.,BIIB023 | mycophenolate mofetil | oral corticosteroids,Lupus Nephritis,
NCT03044249,MP-101,Psychosis,PHASE2,RANDOMIZED,81,2020,효능,futilit,Statistical futility; totality of evidence suggests study unlikely to meet endpoint,MP-101,Psychosis | Dementia | Aggression | Agitation | Alzheimer Dementia,
NCT02687815,vitamin D3 4000 IU,Asthma,PHASE2,RANDOMIZED,192,2019,효능,Futilit,Futility of vitamin D supplementation based on protocol threshold: \<30% conditional power to detect pre-specified effect- 16% reduction in severe exacerbations.,vitamin D3 4000 IU,Asthma,
NCT03577899,0.5 mg Conbercept Intravitreal Injection,Neovascular Age-related Macular Degeneration,PHASE3,RANDOMIZED,1157,2021,효능,primary endpoint was not met,desired primary endpoint was not met,0.5 mg Conbercept Intravitreal Injection | 1.0 mg Conbercept Intravitreal Injection | 2.0 mg Aflibercept Intravitreal Injection,Neovascular Age-related Macular Degeneration,
NCT03237182,Individualized TB treatment with multiple drugs,"Tuberculosis, Multidrug-Resistant",PHASE4,RANDOMIZED,205,2022,효능,futile,WHO 2022 guidelines for DR-TB treatment are set to change. These guidelines recommend the use of an all-oral short course BPAL regimen.Therefore ongoing implementation of the study is considered futile.,Individualized TB treatment with multiple drugs | Standardized TB treatment with multiple drugs,"Tuberculosis, Multidrug-Resistant",
NCT01387958,LCQ908,Hepatitis C,PHASE2,RANDOMIZED,32,2012,효능,futilit,Terminated early due to futility,LCQ908,Hepatitis C,
NCT02964338,Fremanezumab,Chronic Cluster Headache,PHASE3,RANDOMIZED,259,2018,효능,Futilit,Futility analysis revealed that the primary endpoint is unlikely to be met. There were no safety concerns observed with fremanezumab treatment in the trial.,Fremanezumab,Chronic Cluster Headache,
NCT03608033,OMS721,IgA Nephropathy,PHASE3,RANDOMIZED,360,2024,효능,did not meet,IA did not meet the prespecified primary endpoint.,OMS721,IgA Nephropathy,
NCT05630547,SAR443820,Multiple Sclerosis,PHASE2,RANDOMIZED,174,2024,효능,did not meet,The study was terminated as it did not meet its primary and key secondary endpoints,SAR443820,Multiple Sclerosis,
NCT00334685,"[S,S]-Reboxetine + Pregabalin",Pain,PHASE2,RANDOMIZED,136,2007,효능,futilit,The Data Monitoring Committee terminated the study on the basis of futility (insufficient clinical response).,"[S,S]-Reboxetine + Pregabalin | Pregabalin",Pain,
NCT02029274,BAF312,Active Dermatomyositis,PHASE2,RANDOMIZED,17,2016,효능,futilit,The study was terminated prematurely after an interim analysis for futility. The study did not provide any evidence for efficacy of BAF312 in dermatomyositis.,BAF312,Active Dermatomyositis,
NCT01352702,Dabigatran,Coronary Heart Disease,PHASE4,RANDOMIZED,46,2014,효능,futilit,Slow recruitment; Study was terminated for futility reasons,Dabigatran | Phenprocoumon,Coronary Heart Disease | Atrial Fibrillation | Acute Coronary Syndrome | Atherosclerosis,
NCT04329923,Hydroxychloroquine Sulfate 400 mg twice a day,COVID-19,PHASE2,RANDOMIZED,173,2020,효능,no benefit,Cohort 1: slow accrual Cohort 2: Other studies showed no benefit Cohort 3: Study met pre-specificied futility analysis at planned second interim analysis,Hydroxychloroquine Sulfate 400 mg twice a day | Hydroxychloroquine Sulfate 600 mg twice a day | Hydroxychloroquine Sulfate 600 mg once a day,COVID-19,
NCT03742973,Baricitinib,Primary Biliary Cholangitis,PHASE2,RANDOMIZED,2,2019,효능,futilit,Study was terminated due to enrollment futility.,Baricitinib,Primary Biliary Cholangitis,
NCT00573131,OncoGel (Paclitaxel gel),Esophageal Cancer,PHASE2,RANDOMIZED,137,2010,효능,did not show,OncoGel did not show any impact on overall tumor response,OncoGel (Paclitaxel gel) | cisplatin | 5-FU | esophageal resection,Esophageal Cancer | Adenocarcinoma of the Esophagus | Squamous Cell Carcinoma,
NCT03598777,Botulinum toxin type A,Vulvodynia,PHASE2,RANDOMIZED,60,2021,효능,lack of efficacy,lack of efficacy,Botulinum toxin type A,Vulvodynia,
NCT04370236,INB03,COVID-19,"PHASE2,PHASE3",RANDOMIZED,79,2021,효능,Futilit,Futility,INB03,COVID-19,
NCT01838863,Type AB plasma,Trauma,PHASE2,RANDOMIZED,144,2017,효능,Futilit,Futility,Type AB plasma | Crystalloid fluid (standard of care for resuscitation),Trauma | Hemorrhagic Shock,
NCT01287221,Rifampicin,Multiple System Atrophy,PHASE3,RANDOMIZED,100,2013,효능,futilit,DSMB recommended stopping the study after an interim analysis of the primary endpoint revealed that futility criteria were met.,Rifampicin,Multiple System Atrophy,
NCT02147834,Ranolazine,Angina,PHASE2,RANDOMIZED,5,2016,효능,futilit,due to futility,Ranolazine | Sugar pill,Angina,
NCT01687998,Evacetrapib,Cardiovascular Diseases,PHASE3,RANDOMIZED,12092,2016,효능,insufficient efficacy,Study termination due to insufficient efficacy.,Evacetrapib,Cardiovascular Diseases,
NCT04262193,Suvorexant,Opioid-use Disorder,PHASE2,RANDOMIZED,37,2024,효능,Did not meet,Did not meet enrollment goals.,Suvorexant | Suvorexant Placebo,Opioid-use Disorder | Sleep,
NCT03630224,Plasmalyte Viaflo,Severe Trauma Patients,PHASE3,RANDOMIZED,365,2023,효능,futilit,Premature termination due to futility following interim analysis,Plasmalyte Viaflo | NaCl 0.9%,Severe Trauma Patients | Acute Kidney Injury,
NCT00203996,continuous positive airway pressure (CPAP),Polycystic Ovary Syndrome,PHASE4,RANDOMIZED,37,2008,효능,Did not meet,Did not meet target patient accrual goals,continuous positive airway pressure (CPAP) | depot leuprolide plus estrogen/progestin replacement | pioglitazone | REM frag | SWS supp,Polycystic Ovary Syndrome | Obstructive Sleep Apnea,
NCT03053050,SEL,Nonalcoholic Steatohepatitis,PHASE3,RANDOMIZED,808,2019,효능,lack of efficacy,This study was terminated early due to lack of efficacy based on the results of the Week 48 analysis as prespecified in the clinical study protocol.,SEL,Nonalcoholic Steatohepatitis,
NCT00973024,JNJ-42160443 3 mg,Low Back Pain,PHASE2,RANDOMIZED,389,2011,효능,lack of efficacy,"Based on lack of efficacy in PAI2003, sponsor made the decision to discontinue the trial.",JNJ-42160443 3 mg | JNJ-42160443 1 mg | JNJ-42160443 6 mg/3mg | JNJ-42160443 10 mg | Matching Placebo,"Low Back Pain | Low Back Pain, Recurrent",
NCT01736358,Intranasal Ketoralac,Postoperative Pain Management,PHASE4,RANDOMIZED,50,2014,효능,futilit,Interim analysis showed futility of primary endpoint,Intranasal Ketoralac,Postoperative Pain Management | Urolithiasis,
NCT05222516,Broncho-Vaxom,Atopic Dermatitis,PHASE2,RANDOMIZED,63,2023,효능,futilit,Recommendation of DSMB (futility of Endpoints),Broncho-Vaxom,Atopic Dermatitis,
NCT01918306,cisplatin,Estrogen Receptor Negative Breast Cancer,"PHASE1,PHASE2",RANDOMIZED,11,2015,효능,lack of efficacy,"company stopped production of study drug due to excessive toxicities, lack of efficacy","cisplatin | laboratory biomarker analysis | pharmacological study | dynamic contrast-enhanced MRI, diffusion-weighted MRI & chemical exchange saturation transfer MRI | GDC -0941",Estrogen Receptor Negative Breast Cancer | Human Epidermal Growth Factor 2 Negative Carcinoma of Breast | Triple Negative Breast Cancer | Recurrent Breast Cancer | Stage IV Breast Cancer | Triple-negative Breast Cancer,약물
NCT04569084,MT-1186,ALS,PHASE3,RANDOMIZED,384,2023,효능,Futilit,Futility was met.,MT-1186,ALS,
NCT02332928,Melatonin,Breast Cancer - Female,PHASE3,RANDOMIZED,80,2021,효능,Lack of efficacy,Lack of efficacy,Melatonin,Breast Cancer - Female,
NCT01612975,Naproxen,Pleural Effusion,PHASE2,RANDOMIZED,7,2018,효능,futile,Recruitment futile,Naproxen,Pleural Effusion | Pleural Effusion Malignant,
NCT04271475,Macitentan,Chronic Thromboembolic Pulmonary Hypertension,PHASE3,RANDOMIZED,127,2023,효능,futilit,The Sponsor decided to stop the study for futility based on a recommendation by the IDMC following a pre-planned interim analysis,Macitentan,Chronic Thromboembolic Pulmonary Hypertension,
NCT01437605,MAGE-A3 ASCI injections without Poly IC:LC,Melanoma,PHASE2,RANDOMIZED,14,2018,효능,Ineffective,Treatment Ineffective,MAGE-A3 ASCI injections without Poly IC:LC | MAGE-A3 ASCI injections with Poly IC:LC,Melanoma,
NCT02497612,Ferroquine SSR97193,Plasmodium Falciparum Infection,PHASE2,RANDOMIZED,377,2019,효능,futilit,"All treatment arms met the futility criteria for efficacy during the pre-planned interim analysis, therefore the study was stopped.",Ferroquine SSR97193 | Artefenomel,Plasmodium Falciparum Infection,
NCT01629667,Tralokinumab,Idiopathic Pulmonary Fibrosis,PHASE2,RANDOMIZED,409,2016,효능,lack of efficacy,Early termination of the study due to lack of efficacy.,Tralokinumab | Tralokinumab,Idiopathic Pulmonary Fibrosis,
NCT05151471,MT-1186,ALS,PHASE3,RANDOMIZED,202,2023,효능,Futilit,Futility Analysis of parent study MT-1186-A02 was met.,MT-1186,ALS,
NCT01774604,Indomethacin,Post-ERCP Acute Pancreatitis,PHASE3,RANDOMIZED,449,2014,효능,Futilit,Futility,Indomethacin,Post-ERCP Acute Pancreatitis,
NCT00117884,851B,Papillomavirus Infections,PHASE2,RANDOMIZED,240,2008,효능,Lack of efficacy,Lack of efficacy,851B | 851B | 851B | 851B | 851B | 851B | 851B | 851B | 851B | 851B | 851B,Papillomavirus Infections,
NCT00900549,CRT on,Heart Failure,PHASE4,RANDOMIZED,120,2011,효능,Futilit,"Futility reason, no difference between study groups",CRT on | CRT off,Heart Failure,
NCT03959592,"Lutein, zeaxanthin and mesozeaxanthin",Glaucoma,"PHASE1,PHASE2",RANDOMIZED,8,2021,효능,no benefit,Preliminary analysis showed no benefit of the investigational supplement.,"Lutein, zeaxanthin and mesozeaxanthin",Glaucoma,
NCT00822900,Progesterone,Traumatic Brain Injury,PHASE3,RANDOMIZED,882,2014,효능,futilit,futility: low conditional power to demonstrate benefit of progesterone,Progesterone,Traumatic Brain Injury,
NCT00395161,Metoclopramide,Sepsis,PHASE3,RANDOMIZED,293,2009,효능,futilit,Terminated for futility on 11/30/09 based on the recommendation of the DSMB,Metoclopramide | Zinc | Glutamine | Selenium | sterile water | selenium | whey-protein,Sepsis,
NCT00308620,chloroquine phosphate,HIV Infections,"PHASE2,PHASE3",RANDOMIZED,13,2009,효능,lack of efficacy,Insufficient financial support; lack of efficacy for primary endpoint,chloroquine phosphate,HIV Infections,
NCT01113229,Misoprostol,Hemorrhage; Complicating Delivery,PHASE4,RANDOMIZED,1721,2014,효능,futilit,reason of halt prematurely: futility of the trial,Misoprostol,Hemorrhage; Complicating Delivery,
NCT00796445,GSK 2132231A,Melanoma,PHASE3,RANDOMIZED,1351,2016,효능,lack of efficacy,The study was terminated early following assessment of the two co-primary endpoints showing the lack of efficacy of the study product.,GSK 2132231A,Melanoma,
NCT05746559,Ravulizumab,Chronic Kidney Disease,PHASE3,RANDOMIZED,555,2026,효능,lack of efficacy,The ALXN1210-CSA-AKI-318 trial was discontinued on 29-Apr-2026 due to lack of efficacy in this overall study universe / patient population.,Ravulizumab,Chronic Kidney Disease | CKD | Cardiac Disease | Cardiopulmonary Bypass,
NCT04605094,Benralizumab,Atopic Dermatitis,PHASE2,RANDOMIZED,194,2022,효능,did not meet,The study did not meet the primary endpoint.,Benralizumab,Atopic Dermatitis,
NCT00414869,NCX-1000,Portal Hypertension,PHASE2,RANDOMIZED,11,2007,효능,did not demonstrate,Preliminary analysis of 11 patients did not demonstrate the efficacy required.,NCX-1000,Portal Hypertension,
NCT04680637,Efavaleukin Alfa,Active Systemic Lupus Erythematosus,PHASE2,RANDOMIZED,168,2023,효능,futilit,The trial was terminated prematurely as it met pre-defined criteria for futility at IA3.,Efavaleukin Alfa,Active Systemic Lupus Erythematosus,
NCT02975349,Evobrutinib,Relapsing-remitting Multiple Sclerosis,PHASE2,RANDOMIZED,267,2024,효능,did not meet,Results from the EVOLUTION clinical trials showed evobrutinib did not meet its primary endpoint of annualized relapse rate for up to 156 weeks compared to oral teriflunomide in both studies.,Evobrutinib | Evobrutinib | Evobrutinib | Tecfidera,Relapsing-remitting Multiple Sclerosis,
NCT03123393,TAK-659,Diffuse Large B-cell Lymphoma,PHASE2,RANDOMIZED,49,2019,효능,Lack of efficacy,Lack of efficacy of the drug; no safety concern,TAK-659,Diffuse Large B-cell Lymphoma,
NCT03735433,162mg aspirin dose,Preeclampsia,PHASE4,RANDOMIZED,152,2024,효능,futilit,futility,162mg aspirin dose,Preeclampsia,
NCT06317285,GSK3915393,Idiopathic Pulmonary Fibrosis,PHASE2,RANDOMIZED,158,2025,효능,futilit,"The study met futility criteria at pre-planned interim analysis, showing no clinical efficacy of the investigational drug. Based on the lack of efficacy at the interim data review, the sponsor decided to terminate the study.",GSK3915393,Idiopathic Pulmonary Fibrosis,
NCT02699385,Oral Rehydration Therapy,Gastroenteritis,PHASE3,RANDOMIZED,10,2017,효능,lack of efficacy,Study prematurely terminated upon recommendation of IDMC due to lack of efficacy.,Oral Rehydration Therapy | Domperidone,Gastroenteritis,
NCT05085366,mRNA-1647,Cytomegalovirus Infection,PHASE3,RANDOMIZED,7454,2025,효능,did not meet,"The Sponsor decided to terminate the study after it did not meet the primary efficacy endpoint at final analysis. The safety profile was consistent with prior studies, and no safety concerns were raised by the Data and Safety Monitoring Board.",mRNA-1647,Cytomegalovirus Infection,
NCT04193878,Inhaled budesonide and formoterol,Pneumonia,PHASE3,RANDOMIZED,465,2025,효능,futilit,"Per DSMB's review of interim analysis, the study has reached the pre-specified futility criteria",Inhaled budesonide and formoterol | Inhaled placebo,Pneumonia | Hypoxemia | Acute Respiratory Failure | COVID-19 Pneumonia,
NCT03890120,Cilofexor,Primary Sclerosing Cholangitis,PHASE3,RANDOMIZED,419,2022,효능,futilit,"Following recommendation of the external Data Monitoring Committee, after it reviewed the results of a planned interim futility analysis.",Cilofexor,Primary Sclerosing Cholangitis,
NCT01093846,AIN457,Uveitis,PHASE3,RANDOMIZED,59,2011,효능,did not meet,Core Study in Behcet's disease with mostly active uveitis did not meet its primary endpoint,AIN457 | AIN457,Uveitis,
NCT00090025,becatecarin,Biliary Tract Cancer,PHASE3,RANDOMIZED,248,2006,효능,Futilit,Futility reasons after Independent Data Monitoring Committee interim analysis,becatecarin | 5-Fluorouracil Plus Leucovorin,Biliary Tract Cancer,
NCT01921829,Protocolized Diuretic Strategy,Cardiac Failure,PHASE4,RANDOMIZED,19,2015,효능,futilit,Due to futility due to lower than expected recruitment,Protocolized Diuretic Strategy,Cardiac Failure | Renal Failure | Kidney Failure,
NCT04864392,LNA043,Osteoarthritis,PHASE2,RANDOMIZED,576,2025,효능,did not meet,Study early terminated due to lack of effect (did not meet primary/ secondary endpoints). This decision was not linked to safety concerns,LNA043,Osteoarthritis,
NCT01012414,paricalcitol,Coronary Artery Disease,PHASE3,RANDOMIZED,10,2011,효능,Futilit,"Futility in enrollment as of May 31, 2011",paricalcitol,Coronary Artery Disease | Chronic Kidney Disease | Hypovitaminosis D | Secondary Hyperparathyroidism,
NCT04493216,GSK3640254,HIV Infections,PHASE2,RANDOMIZED,161,2023,효능,efficacy concerns,Company decision to stop compound development. The decision is not based on any safety or efficacy concerns. It reflects the company strategy for portfolio progression.,GSK3640254 | ABC/3TC | FTC/TAF | Dolutegravir,HIV Infections,
NCT02484547,Aducanumab (BIIB037),Alzheimer's Disease,PHASE3,RANDOMIZED,1643,2019,효능,futilit,Study was discontinued based on futility analysis done and not based on safety concerns. Follow-up visits and closing out study activities are completed,Aducanumab (BIIB037) | Aducanumab (BIIB037),Alzheimer's Disease,
NCT00004465,SYNSORB Pk,Hemolytic Uremic Syndrome,PHASE3,RANDOMIZED,145,2001,효능,Lack of efficacy,Lack of efficacy at review by DSMB using pre-specified monitoring criteria,SYNSORB Pk,Hemolytic Uremic Syndrome,
NCT02609984,CMB305,Sarcoma,PHASE2,RANDOMIZED,89,2019,효능,did not meet,This study did not meet the efficacy objective,CMB305 | atezolizumab,Sarcoma | Myxoid/Round Cell Liposarcoma | Synovial Sarcoma | Metastatic Sarcoma | Recurrent Adult Soft Tissue Sarcoma | Locally Advanced Sarcoma | Liposarcoma,
NCT00304252,Interferon beta-1a,Crohn's Disease,PHASE2,RANDOMIZED,192,2003,효능,Lack of Efficacy,Lack of Efficacy,Interferon beta-1a,Crohn's Disease,약물
NCT03835728,Ocrelizumab,Autoimmune Encephalitis,PHASE2,RANDOMIZED,3,2020,효능,Failed to meet,Failed to meet target enrollment and study was discontinued,Ocrelizumab,Autoimmune Encephalitis,
NCT05019521,Danicopan,Geographic Atrophy,PHASE2,RANDOMIZED,365,2025,효능,Lack of efficacy,Lack of efficacy.,Danicopan,Geographic Atrophy,
NCT02151019,IMRT,Locally Advanced Rectal Cancer,"PHASE1,PHASE2",RANDOMIZED,94,2020,효능,futilit,Due to futility,IMRT,Locally Advanced Rectal Cancer,
NCT00434993,Albuterol Sulfate,"Respiratory Distress Syndrome, Adult","PHASE2,PHASE3",RANDOMIZED,282,2008,효능,futilit,Stopped for futility by DSMB,Albuterol Sulfate | Mini-Bronchoalveolar Lavage (BAL),"Respiratory Distress Syndrome, Adult",
NCT04968184,KBP-5074,Chronic Kidney Diseases,PHASE3,RANDOMIZED,652,2024,효능,futilit,Interim futility analysis showed primary endpoint not achieved,KBP-5074,Chronic Kidney Diseases,
NCT01237678,IMGN901,Small Cell Lung Cancer,"PHASE1,PHASE2",RANDOMIZED,181,2015,효능,lack of efficacy,Study was stopped early due to lack of efficacy signal and safety concerns,IMGN901 | Carboplatin and Etoposide,Small Cell Lung Cancer,
NCT04612725,Benralizumab,Chronic Spontaneous Urticaria,PHASE2,RANDOMIZED,159,2023,효능,did not meet,Study did not meet primary endpoint,Benralizumab,Chronic Spontaneous Urticaria,
NCT03926624,DFP-10917,"Leukemia, Myeloid, Acute",PHASE3,RANDOMIZED,167,2026,효능,futilit,The data met the protocol-specified criteria for futility of the investigational treatment.,DFP-10917 | Cytarabine | Azacitidine | Decitabine | Mitoxantrone | Etoposide | Fludarabine | Idarubicin | Venetoclax | Cladribine,"Leukemia, Myeloid, Acute",
NCT00658645,Bifeprunox,Schizophrenia,PHASE3,RANDOMIZED,227,2009,효능,inadequate efficacy,Interim analysis showed inadequate efficacy of bifeprunox,Bifeprunox | Quetiapine,Schizophrenia,
NCT03381833,LJPC-401,Beta-Thalassemia,PHASE2,RANDOMIZED,84,2020,효능,lack of efficacy,Terminated early for lack of efficacy as determined by interim endpoint analyses,LJPC-401 | LJPC-401,Beta-Thalassemia,
NCT03192215,Apixaban,Stroke,PHASE3,RANDOMIZED,1015,2023,효능,futilit,The DSMB halted the trial prematurely due to futility without any safety concerns.,Apixaban | Aspirin,Stroke,
NCT04698915,Drug GC4711,SBRT,PHASE2,RANDOMIZED,177,2023,효능,Futilit,Futility Analysis,Drug GC4711,SBRT | Borderline Resectable Pancreatic Cancer | Unresectable Pancreatic Cancer,
NCT05870748,Luveltamab tazevibulin,Ovarian Cancer,"PHASE2,PHASE3",RANDOMIZED,600,2025,효능,efficacy concerns,"Due to strategic business considerations, Sutro has deprioritized the development of luveltamab tazevibulin, leading to termination of the REFRaME program. This decision is not related to any safety or efficacy concerns associated with luvelta",Luveltamab tazevibulin | Pegfilgrastim | Gemcitabine | Paclitaxel | Pegylated liposomal doxorubicin | Topotecan,Ovarian Cancer | Epithelial Ovarian Cancer | Fallopian Tube Cancer | Primary Peritoneal Cancer | Platinum-resistant Ovarian Cancer,
NCT04342897,LY3127804,COVID-19,PHASE2,RANDOMIZED,95,2020,효능,futilit,Trial terminated for futility.,LY3127804,COVID-19 | Pneumonia,
NCT05860296,SLC-391,"Lung Cancer, Nonsmall Cell","PHASE1,PHASE2",RANDOMIZED,36,2025,효능,Lack of efficacy,Lack of efficacy and enrollment challenges,SLC-391 | pembrolizumab,"Lung Cancer, Nonsmall Cell | Lung Cancer Stage IV | Lung Cancer Metastatic",
NCT02547220,Cinryze®,Acute Antibody-Mediated Rejection (AMR),PHASE3,RANDOMIZED,39,2019,효능,futilit,"Following a pre-scheduled interim analysis performed by the DMC, it was determined that the study met the pre-specified criteria for futility.",Cinryze®,Acute Antibody-Mediated Rejection (AMR),
NCT01450696,Capecitabine,Gastric Cancer,PHASE3,RANDOMIZED,296,2015,효능,futilit,futility following planned interim analysis,Capecitabine | Cisplatin | Herceptin,Gastric Cancer,약물
NCT00359424,IV rt-PA alone,Stroke,PHASE3,RANDOMIZED,656,2013,효능,futilit,"NINDS/NIH-DSMB recommended halting trial due to futility, no safety concerns.",IV rt-PA alone | endovascular therapy,Stroke,
NCT00300196,Ancrod (Viprinex),Stroke,PHASE3,RANDOMIZED,311,2008,효능,Futilit,Futility,Ancrod (Viprinex),Stroke | Cerebral Ischemia | Brain Infarction,
NCT03866187,ChAd155-hIi-HBV low dose formulation,"Hepatitis B, Chronic","PHASE1,PHASE2",RANDOMIZED,236,2024,효능,endpoint was not met,Following the primary phase (24 weeks post last vaccination) the predefined efficacy endpoint was not met. Noting the lack of efficacy and with the objective to prioritize participants' safety GSK has decided on the early termination of the study.,ChAd155-hIi-HBV low dose formulation | ChAd155-hIi-HBV high dose formulation | HBc-HBs/AS01B-4 low dose formulation | HBc-HBs/AS01B-4 high dose formulation | MVA-HBV low dose formulation | MVA-HBV high dose formulation,"Hepatitis B, Chronic",
NCT03225833,WVE-120101,Huntington's Disease,"PHASE1,PHASE2",RANDOMIZED,61,2021,효능,Lack of Efficacy,Lack of Efficacy,WVE-120101,Huntington's Disease,
NCT02310763,PF-06252616,Duchenne Muscular Dystrophy,PHASE2,RANDOMIZED,121,2018,효능,Lack of Efficacy,Termination Date 30AUG2018: Reason for termination: Lack of Efficacy,PF-06252616,Duchenne Muscular Dystrophy,
NCT03628391,Haloperidol,Delirium,PHASE3,RANDOMIZED,142,2021,효능,futilit,The study was stopped because of futility of being able to reach a one-day difference between treatment groups in the primary outcome of DCFD in the intended sample size.,Haloperidol,Delirium | Critical Illness | Intensive Care Psychosis | Cognitive Impairment | Cognitive Decline,
NCT03852628,2mg Buprenex and 380mg Vivitrol,Post Traumatic Stress Disorder,PHASE2,RANDOMIZED,69,2023,효능,Futilit,Futility analysis,2mg Buprenex and 380mg Vivitrol,Post Traumatic Stress Disorder | Alcohol Abuse,
NCT00768300,Ambrisentan,Idiopathic Pulmonary Fibrosis,PHASE3,RANDOMIZED,494,2011,효능,Lack of efficacy,Lack of efficacy,Ambrisentan,Idiopathic Pulmonary Fibrosis,
NCT04163900,NUC-1031,Biliary Tract Cancer,PHASE3,RANDOMIZED,773,2022,효능,futilit,"A pre-planned futility analysis concluded that NUC-1031 plus cisplatin was unlikely to achieve its primary objective of improving overall survival. Based on the IDMC's recommendation, NuCana has closed the study.",NUC-1031 | Gemcitabine | Cisplatin,Biliary Tract Cancer,
NCT03170232,Danirixin 35 mg tablets,"Pulmonary Disease, Chronic Obstructive",PHASE2,RANDOMIZED,54,2018,효능,lack of efficacy,Terminated based on lack of efficacy seen in participants taking danirixin in dose ranging study and Sponsor decision to stop development of danirixin for COPD,Danirixin 35 mg tablets | Metered dose inhaler (MDI) sensor device | Rescue medication,"Pulmonary Disease, Chronic Obstructive",
NCT03870750,Supportive Palliative Care,Hematopoietic and Lymphoid Cell Neoplasm,"PHASE2,PHASE3",RANDOMIZED,458,2025,효능,futilit,Study terminated due to meeting interim analysis futility endpoint. No difference was found between two treatment arms at interim analysis of primary outcome.,Supportive Palliative Care | Clinical Management | Best Practice | Allogeneic Hematopoietic Stem Cell Transplantation | Quality-of-Life Assessment,Hematopoietic and Lymphoid Cell Neoplasm | Non-Neoplastic Hematologic and Lymphocytic Disorder,
NCT02555189,Enzalutamide,Castration-Resistant Prostate Carcinoma,"PHASE1,PHASE2",RANDOMIZED,52,2023,효능,did not demonstrate,"Sponsor-PI decision. An analysis of the primary endpoint concluded that the addition of ribociclib to standard of care enzalutamide did not demonstrate benefit, an all active subjects were removed from the study.",Enzalutamide | Ribociclib | Laboratory Biomarker Analysis | Pharmacological Study | Biospecimen Collection | Biopsy | Echocardiography | Multigated Acquisition Scan | Bone Scan | Computed Tomography | Magnetic Resonance Imaging,Castration-Resistant Prostate Carcinoma | Metastatic Prostate Carcinoma | Prostate Carcinoma Metastatic in the Bone | Stage IV Prostate Cancer AJCC v7,
NCT05237284,SAR443820,Amyotrophic Lateral Sclerosis,PHASE2,RANDOMIZED,305,2024,효능,did not meet,The study was terminated as its Part A did not meet the primary endpoint.,SAR443820,Amyotrophic Lateral Sclerosis,
NCT00979121,Rosuvastatin,Sepsis,PHASE3,RANDOMIZED,745,2013,효능,futilit,stopped for futility,Rosuvastatin,Sepsis | Acute Lung Injury,약물
NCT03445533,Ipilimumab,Metastatic Melanoma,PHASE3,RANDOMIZED,481,2021,효능,Lack of Efficacy,Lack of Efficacy,Ipilimumab | Tilsotolimod with Ipilimumab,Metastatic Melanoma,약물
NCT00881439,Aliskiren,Heart Failure,PHASE2,RANDOMIZED,41,2012,효능,Futilit,Futility,Aliskiren,Heart Failure | Kidney Failure,
NCT00066677,rhuMAB-VEGF,Pancreatic Cancer,PHASE2,RANDOMIZED,32,2009,효능,futilit,Stopped accordining to early stopping rule for futility,rhuMAB-VEGF | docetaxel,Pancreatic Cancer,
NCT00814372,MBX-102,Type 2 Diabetes Mellitus,PHASE2,RANDOMIZED,242,2010,효능,did not meet,MBX-102 did not meet the target efficacy profile of HbA1c change.,MBX-102 | Actos | Metformin,Type 2 Diabetes Mellitus,
NCT05665088,BXCL501,Agitation,PHASE3,RANDOMIZED,13,2023,효능,efficacy concerns,Study was terminated for business reasons; not due to safety or efficacy concerns,BXCL501 | Matching Placebo,Agitation | Dementia,
NCT04327505,Hyperbaric oxygen,SARS (Severe Acute Respiratory Syndrome),"PHASE2,PHASE3",RANDOMIZED,34,2022,효능,Futilit,"Futility, change of disease due to virus mutations and/or vaccination",Hyperbaric oxygen,"SARS (Severe Acute Respiratory Syndrome) | Cytokine Storm | ARDS, Human | COVID-19 | Sars-CoV2 | Acute Respiratory Failure",
NCT00482547,Hydrogel Silver Salts Coated Latex Urinary Catheter System,Catheterization,PHASE4,RANDOMIZED,1188,2008,효능,futilit,Terminated for futility reasons.,Hydrogel Silver Salts Coated Latex Urinary Catheter System | Bard silicone elastomer coated latex catheter system,Catheterization,
NCT02618499,Timing of administration of post partum Oxytocin,Placental Transfusion,PHASE3,RANDOMIZED,180,2016,효능,Futilit,Futility suggested by DSMC,Timing of administration of post partum Oxytocin,Placental Transfusion,
NCT02396732,Aspirin,Venous Thromboembolism,PHASE4,RANDOMIZED,31,2018,효능,futilit,Terminated due to futility and less subjects meeting entry criteria,Aspirin | Enoxaparin,Venous Thromboembolism | Thromboprophylaxis | Trauma,
NCT03184415,DWC20155,Gastritis,PHASE3,RANDOMIZED,230,2018,효능,lack of efficacy,lack of efficacy,DWC20155 | DWC20156,Gastritis,
NCT05838755,GSK3858279,Pain,PHASE2,RANDOMIZED,147,2025,효능,futilit,"The study met futility criteria at pre-planned interim analysis, showing no clinical efficacy of the investigational drug. Based on the lack of efficacy at the interim data review, the sponsor decided to terminate the study.",GSK3858279,Pain,
NCT00047632,Interferon gamma-1b,Ovarian Carcinoma,PHASE3,RANDOMIZED,847,2006,효능,futilit,futility,Interferon gamma-1b,Ovarian Carcinoma | Peritoneal Carcinoma,
NCT04491526,TAMSULOSIN Mepha Ret Depocaps 0.4 mg,Urinary Retention,PHASE4,RANDOMIZED,312,2026,효능,futilit,The study was terminated prematurely following a pre-planned interim analysis demonstrating futility,TAMSULOSIN Mepha Ret Depocaps 0.4 mg | Control Intervention,Urinary Retention | Inguinal Hernia,
NCT05608499,Duobrii,Acne Keloidalis Nuchae,PHASE3,RANDOMIZED,15,2024,효능,did not show,Interim analysis did not show any significant differences between groups,Duobrii | Bryhali,Acne Keloidalis Nuchae | AKN,
NCT04900038,GSK3640254,HIV Infections,PHASE2,RANDOMIZED,85,2023,효능,efficacy concerns,Company decision to stop compound development. The decision was not based on any safety or efficacy concerns. It reflected the company strategy for portfolio progression.,GSK3640254 | Dolutegravir | Lamivudine capsules | Lamivudine tablets,HIV Infections,
NCT05182476,Luvadaxistat,Schizophrenia,PHASE2,RANDOMIZED,216,2024,효능,Failed to meet,Failed to meet the primary endpoint,Luvadaxistat,Schizophrenia,
NCT01794000,Prasugrel,Sickle Cell Disease,PHASE3,RANDOMIZED,341,2015,효능,lack of efficacy,The study is being terminated for lack of efficacy.,Prasugrel,Sickle Cell Disease,
NCT01773395,GVAX,Myelodysplastic Syndrome,PHASE2,RANDOMIZED,123,2021,효능,efficacy concerns,Recommendation by the Data and Safety Monitoring Board due to efficacy concerns,GVAX | Allogeneic Hematopoietic Stem Cell Transplant | Busulfan | Fludarabine | Tacrolimus | Methotrexate,Myelodysplastic Syndrome | Acute Myeloid Leukemia | Chronic Myelomonocytic Leukemia,
NCT01037907,Pleneva TM BGC20-0134,Relapsing Remitting Multiple Sclerosis,PHASE2,RANDOMIZED,173,2011,효능,Lack of efficacy,Lack of efficacy,Pleneva TM BGC20-0134,Relapsing Remitting Multiple Sclerosis,
NCT00460317,AMG 706,Non-Small Cell Lung Cancer,PHASE3,RANDOMIZED,1450,2013,효능,did not meet,Amgen discontinued the development of AMG706 because 20050201 did not meet its primary objective.,AMG 706 | paclitaxel | carboplatin,Non-Small Cell Lung Cancer,
NCT02999854,ATIR101,Acute Myeloid Leukemia,PHASE3,RANDOMIZED,63,2021,효능,Insufficient efficacy,"Insufficient efficacy, terminated by Sponsor","ATIR101 | Cyclophosphamide | T-cell depleted HSCT from a related, haploidentical donor | T-cell replete HSCT from a related, haploidentical donor",Acute Myeloid Leukemia | Acute Lymphoblastic Leukemia | Myelodysplastic Syndrome,
