label,drug,indication,kind,phase,status,nct,drugbank,ind_id,why,near_approved,review,detail
TN,gabapentin,Pain,효능,Phase 3,Terminated,NCT01067144,DB00996,C0030193,futilit,,,Trial met futility stopping point
TN,gabapentin,Malignant neoplasm of breast,효능,Phase 3,Terminated,NCT01067144,DB00996,C0006142,futilit,,,Trial met futility stopping point
TN,ustekinumab,Dermatomyositis,효능,Phase 3,Terminated,NCT03981744,DB05679,C0011633,did not meet,,,The study did not meet the primary endpoint.
TN,fingolimod,"Multiple Sclerosis, Primary Progressive",효능,Phase 3,Terminated,NCT00731692,DB08868,C0751964,did not meet,"Multiple Sclerosis, Relapsing-Remitting",재발완화형(RRMS)과 일차진행형(PPMS)은 병태가 다르고 치료 반응도 다르다. 핀골리모드는 RRMS에 승인됐으나 PPMS 대상 INFORMS 3상은 1차 평가변수를 만족하지 못했다. 전형적인 진짜 TN이다.,The extension study was terminated early after the results of the core study showed the study did not meet primary endpoint; confirmed disability progression
TN,erlotinib,Glioblastoma Multiforme,안전성,Phase 1/Phase 2,Terminated,NCT01110876,DB00530,C1621958,Toxicit,,,Unanticipated Toxicities
TN,nitric oxide,COVID19 (disease),효능,Phase 1/Phase 2,Terminated,NCT04601077,DB00435,C5203670,futilit,,,The study stopped due to futility.
TN,cetirizine,Migraine Disorders,안전성,Phase 1,Terminated,NCT01981499,DB00341,C0149931,safety concern,,,The trial was prematurely terminated on 01April2014 due to safety concerns.
TN,hydroxycarbamide,Cerebrovascular accident,효능,Phase 3,Terminated,NCT00122980,DB01005,C0038454,futilit,,,The study has been stopped due to safety and futility concerns.
TN,pramipexole,Amyotrophic Lateral Sclerosis,효능,Phase 3,Terminated,NCT01622088,DB00413,C0002736,did not meet,,,The Initial Phase 3 Study (NCTO1281189) did not meet its primary efficacy endpoint.
TN,methotrexate,"Leukemia, Myelomonocytic, Chronic",효능,Phase 2,Terminated,NCT01773395,DB00563,C0023480,efficacy concerns,Acute lymphocytic leukemia,만성 골수단핵구성 백혈병(CMML)은 급성 림프모구성 백혈병(ALL)과 계통이 다른 질환이다.,Recommendation by the Data and Safety Monitoring Board due to efficacy concerns
TN,doxycycline,Idiopathic Pulmonary Fibrosis,효능,Phase 3,Terminated,NCT02759120,DB00254,C1800706,futilit,,,Terminated for futility after review of first planned interim analysis.
TN,teriparatide,Myelofibrosis,안전성,Phase 2,Terminated,NCT00393380,DB06285,C0026987,toxicit,,,Study stopped because of toxicity concerns.
TN,ivermectin,COVID19 (disease),효능,Phase 3,Terminated,NCT05231603,DB00602,C5203670,Poor response,,,Poor response
TN,cisplatin,Human epidermal growth factor 2 negative carcinoma of breast,효능,Phase 1/Phase 2,Terminated,NCT01918306,DB00515,C2316304,lack of efficacy,,,"company stopped production of study drug due to excessive toxicities, lack of efficacy"
TN,hydroxychloroquine,COVID19 (disease),효능,Phase 3,Terminated,NCT04344444,DB01611,C5203670,Lack of efficacy,,RECOVERY·WHO SOLIDARITY 모두 사망률 개선 없음. 명백한 효능 실패다. 다만 실패 자체가 세계적 뉴스였으므로 사전학습 누출 위험 최상급 — 폐쇄형 질의로 반드시 확인해야 한다.,Lack of efficacy data from other studies
TN,thalidomide,Rheumatoid Arthritis,효능,Phase 2,Terminated,NCT01285310,DB01041,C0003873,lack of efficacy,,,Study is terminated due to lack of efficacy
TN,metformin,Malignant neoplasm of breast,효능,Phase 2,Terminated,NCT02472353,DB00331,C0006142,did not meet,,,did not meet target accrual
TN,rosiglitazone,Malaria,안전성,Phase 1,Terminated,NCT00811356,DB00412,C0024530,safety issue,,,safety issues (toxicity)
TN,sunitinib,Malignant neoplasm of breast,안전성,Phase 2,Terminated,NCT00824538,DB01268,C0006142,toxicit,,,Closed prematurely due to emerging data on toxicity and competing trials.
TN,erlotinib,Neuroblastoma,안전성,Phase 2,Terminated,NCT00947167,DB00530,C0027819,toxicit,,,Extreme toxicity of Pertuzumab and Erlotinib combination
TN,pioglitazone,Asthma,안전성,Phase 2,Terminated,NCT00787644,DB01132,C0004096,safety concern,,,new safety concerns which emerged about pioglitazone during the trial
TN,pioglitazone,Obesity,안전성,Phase 2,Terminated,NCT00787644,DB01132,C0028754,safety concern,,,new safety concerns which emerged about pioglitazone during the trial
TN,alprostadil,Pulmonary Hypertension,효능,Phase 2,Terminated,NCT01467076,DB00770,C0020542,futilit,Congenital atresia of pulmonary valve,알프로스타딜의 승인 적응증은 선천성 심질환 신생아의 동맥관 개존 유지다. 폐고혈압 치료와는 목적이 다르다.,The study was halted due to futility concerns based on the unmet benchmarks as specified in the pilot study protocol.
TN,azithromycin,COVID19 (disease),효능,Phase 3,Terminated,NCT04332107,DB00207,C5203670,Futilit,,RECOVERY·PRINCIPLE에서 효능 없음. 누출 위험 높음.,Futility
TN,bevacizumab,Malignant neoplasm of breast,효능,Phase 3,Terminated,NCT01200212,DB00112,C0006142,no benefit,,"**이 벤치마크에서 가장 좋은 TN이다.** 아바스틴은 2008년 전이성 유방암에 신속승인됐으나 확증 시험이 효능을 입증하지 못해 FDA가 2011년 그 적응증을 철회했다. 자동 표시는 2008년 승인만 보고 제외하려 했는데, 철회 사유가 정확히 '효능 부족'이므로 반례로서 완벽하다. 자동 판정을 그대로 받았으면 지울 뻔했다.","A planed interim analysis shows no benefits, but higher adverse event rates for the experimental arm."
TN,rosuvastatin,Acute Lung Injury,효능,Phase 3,Terminated,NCT00979121,DB01098,C0242488,futilit,,,stopped for futility
TN,simvastatin,Pneumonia,효능,Phase 3,Terminated,NCT01057758,DB00641,C0032285,futilit,,,stopped for futility
TN,eplerenone,Malignant neoplasm of breast,효능,Phase 2/Phase 3,Terminated,NCT01708798,DB00700,C0006142,Futilit,,,Futility
TN,lisdexamfetamine,Major Depressive Disorder,효능,Phase 3,Terminated,NCT01436175,DB01255,C1269683,failed to demonstrate,,,SPD489 failed to demonstrate a benefit as adjunctive treatment to antidepressants. Termination was not related to any new safety findings.
TN,basiliximab,Ulcerative Colitis,효능,Phase 2,Terminated,NCT01061996,DB00074,C0009324,lack of efficacy,,,lack of efficacy
TN,interferon beta-1a,Crohn Disease,효능,Phase 2,Terminated,NCT00304252,DB00060,C0010346,Lack of Efficacy,,,Lack of Efficacy
TN,dasatinib,Polycythemia Vera,효능,Phase 2,Terminated,NCT00538980,DB01254,C0032463,lack of efficacy,,,This study was terminated due to lack of efficacy.
TN,perhexiline,Hypertrophic Cardiomyopathy,효능,Phase 3,Withdrawn,NCT02431221,DB01074,C0007194,Lack of efficacy,,,Lack of efficacy in a preceding study.
TN,azacitidine,Multiple Myeloma,효능,Phase 2,Terminated,NCT00412919,DB00928,C0026764,Lack of efficacy,,,Lack of efficacy
TN,rosuvastatin,Malignant neoplasm of breast,효능,Phase 1,Withdrawn,NCT02483871,DB01098,C0006142,did not meet,,,Enrollment did not meet anticipated goals. Eligibility was a challenge.
TN,dasatinib,Malignant neoplasm of breast,효능,Phase 2,Terminated,NCT00780676,DB01254,C0006142,futilit,,,Closed early for futility.
TN,enocitabine,Acute lymphoblastic leukemia - category,안전성,Phase 3,Terminated,NCT00187005,DB00773,C1531702,Toxicit,,에노시타빈은 일본에서 **급성 골수성**백혈병에 승인된 시타라빈 유도체다. 급성 림프모구성 백혈병은 다른 질환이다. 자동 표시의 'Sunpla 2007'은 근거를 확인할 수 없다.,Toxicity
TN,warfarin,Idiopathic Pulmonary Fibrosis,안전성,Phase 3,Terminated,NCT00957242,DB00682,C1800706,safety concern,Pulmonary Thromboembolisms,폐색전증(승인)과 특발성 폐섬유증은 별개 질환이다. IPF 대상 ACE-IPF 시험은 사망률 증가로 조기 중단됐다.,Excess of mortality in the treatment group created safety concerns.
TN,colecalciferol,Asthma,효능,Phase 2,Terminated,NCT02687815,DB00169,C0004096,Futilit,,,Futility of vitamin D supplementation based on protocol threshold: <30% conditional power to detect pre-specified effect- 16% reduction in severe exacerbations.
TN,dexmedetomidine,Dementia,효능,Phase 2,Terminated,NCT05276830,DB00633,C0497327,efficacy concerns,,,Study was terminated for business reasons; not due to safety or efficacy concerns
TN,sunitinib,Glioblastoma Multiforme,효능,Phase 2,Terminated,NCT00923117,DB01268,C1621958,futilit,,,The study was terminated based on results of an interim analysis for futility.
TN,ketamine,Status Epilepticus,효능,Phase 3,Terminated,NCT02431663,DB01221,C0038220,Futilit,,,Futility
TN,methotrexate,Malignant tumor of small intestine,효능,Phase 2,Withdrawn,NCT00621036,DB00563,C0153425,did not meet,Chronic small plaque psoriasis,건선(승인)과 소장 악성종양은 무관하다. 'small'이라는 흔한 토큰이 우연히 겹쳐 걸린 오탐이다.,MyVax did not meet its primary endpoints
TN,etofibrate,Cerebrovascular accident,효능,Phase 3,Terminated,NCT00120289,DB00641,C0038454,lack of efficacy,,,AIM-HIGH was stopped on the recommendation of the DSMB because of lack of efficacy of niacin in preventing primary outcome events.
TN,etofibrate,Atherosclerosis,효능,Phase 3,Terminated,NCT00120289,DB00641,C0004153,lack of efficacy,,,AIM-HIGH was stopped on the recommendation of the DSMB because of lack of efficacy of niacin in preventing primary outcome events.
TN,etofibrate,Myocardial Infarction,효능,Phase 3,Terminated,NCT00120289,DB00641,C0027051,lack of efficacy,,,AIM-HIGH was stopped on the recommendation of the DSMB because of lack of efficacy of niacin in preventing primary outcome events.
TN,benzocaine,Acute otitis media,효능,Phase 3,Terminated,NCT02074007,DB01086,C0271429,primary outcome measure not met,,,primary outcome measure not met
TN,etoposide,Multiple Myeloma,효능,Phase 2,Terminated,NCT02128230,DB00773,C0026764,Futilit,,에토포시드의 승인 적응증은 고환암·소세포폐암이다. 다발성 골수종에서는 구제요법 병용의 일부로 쓰일 뿐 1차 표준이 아니다.,Low enrollment and Futility as determined by Amgen's Carfilzomib NASCR program.
TN,rivaroxaban,COVID19 (disease),효능,Phase 2,Terminated,NCT04504032,DB06228,C5203670,futilit,,데이터모니터링위원회 권고로 중단. 누출 위험 중간.,"Based on Data Monitoring Committee''s recommendation on 3 February 2021, the study was stopped on 4 February 2021 due to futility."
TN,bevacizumab,Myelofibrosis,안전성,Phase 2,Terminated,NCT00667277,DB00112,C0026987,unacceptable,,,lack of response activity in the setting of an unacceptable toxicity profile
TN,colecalciferol,Malignant neoplasm of breast,효능,Phase 2,Terminated,NCT01988090,DB00169,C0006142,no benefit,,,An interim analysis demonstrated no benefit of high dose vitamin D when compared to standard dose vitamin D in the reduction or prevention of arthralgia
TN,nitroprusside,Malignant neoplasm of breast,효능,Phase 1/Phase 2,Terminated,NCT03953326,DB00325,C0006142,Futilit,,,Futility in recruitment
TP,ajmaline,Ventricular arrhythmia,승인,NA,Approved,,DB01426,C0085612,,,,
TP,ajmaline,Supraventricular arrhythmia,승인,NA,Approved,,DB01426,C0428974,,,,
TP,ajmaline,Cardiac Arrhythmia,승인,NA,Approved,,DB01426,C0003811,,,,
TP,emtricitabine,HIV Infections,승인,NA,Approved,,DB00879,C0019693,,,,
TP,enalapril,Asymptomatic left ventricular systolic dysfunction,승인,NA,Approved,,DB00584,C3698411,,,,
TP,enalapril,Hypertensive disease,승인,NA,Approved,,DB00584,C0020538,,,,
TP,enalapril,Congestive heart failure,승인,NA,Approved,,DB00584,C0018802,,,,
TP,enalaprilat,Hypertensive disease,승인,NA,Approved,,DB09477,C0020538,,,,
TP,enalaprilat,Congestive heart failure,승인,NA,Approved,,DB09477,C0018802,,,,
TP,enalaprilat,Asymptomatic left ventricular systolic dysfunction,승인,NA,Approved,,DB09477,C3698411,,,,
TP,encainide,Premature ventricular contractions,승인,NA,Approved,,DB01228,C0151636,,,,
TP,endralazine,Hypertensive disease,승인,NA,Approved,,DB13435,C0020538,,,,
TP,alacepril,Essential Hypertension,승인,NA,Approved,,DB01197,C0085580,,,,
TP,enfuvirtide,HIV Infections,승인,NA,Approved,,DB00109,C0019693,,,,
TP,enoxacin,Acute gonococcal cervicitis,승인,NA,Approved,,DB00467,C0153195,,,,
TP,enoxacin,Gonorrhea,승인,NA,Approved,,DB00467,C0018081,,,,
TP,enoxacin,Acute gonococcal urethritis,승인,NA,Approved,,DB00467,C0275652,,,,
TP,enoxacin,Gonorrhea of rectum,승인,NA,Approved,,DB00467,C0275665,,,,
TP,enoxacin,Gonorrhea of pharynx,승인,NA,Approved,,DB00467,C0149966,,,,
TP,enoxacin,Urinary tract infection,승인,NA,Approved,,DB00467,C0042029,,,,
TP,entacapone,Parkinson Disease,승인,NA,Approved,,DB00494,C0030567,,,,
TP,entecavir,"Hepatitis B, Chronic",승인,NA,Approved,,DB00442,C0524909,,,,
TP,alatrofloxacin,Acute bacterial bronchitis,승인,NA,Approved,,DB09335,C0339933,,,,
TP,alatrofloxacin,Female genital tract infection,승인,NA,Approved,,DB09335,C1263758,,,,
TP,alatrofloxacin,Postoperative infection,승인,NA,Approved,,DB09335,C0392618,,,,
TP,alatrofloxacin,Urinary tract infection,승인,NA,Approved,,DB09335,C0042029,,,,
TP,alatrofloxacin,Abdominal Infection,승인,NA,Approved,,DB09335,C1112209,,,,
TP,alatrofloxacin,Haemophilus influenzae pneumonia,승인,NA,Approved,,DB09335,C0276026,,,,
TP,alatrofloxacin,Pneumonia due to Pseudomonas,승인,NA,Approved,,DB09335,C0155860,,,,
TP,alatrofloxacin,Streptococcal pneumonia,승인,NA,Approved,,DB09335,C0155862,,,,
TP,alatrofloxacin,Acute Moraxella catarrhalis bronchitis,승인,NA,Approved,,DB09335,C0339932,,,,
TP,alatrofloxacin,Mycoplasma pneumonia,승인,NA,Approved,,DB09335,C0032302,,,,
TP,alatrofloxacin,Acute gonococcal cervicitis,승인,NA,Approved,,DB09335,C0153195,,,,
TP,alatrofloxacin,Gonorrhea of rectum,승인,NA,Approved,,DB09335,C0275665,,,,
TP,alatrofloxacin,Acute gonococcal urethritis,승인,NA,Approved,,DB09335,C0275652,,,,
TP,alatrofloxacin,Staphylococcal Pneumonia,승인,NA,Approved,,DB09335,C0032308,,,,
TP,alatrofloxacin,Acute gonococcal endometritis,승인,NA,Approved,,DB09335,C0153196,,,,
TP,alatrofloxacin,Bacterial infection due to Klebsiella pneumoniae,승인,NA,Approved,,DB09335,C0343402,,,,
TP,alatrofloxacin,Acute bacterial sinusitis,승인,NA,Approved,,DB09335,C0275556,,,,
TP,alatrofloxacin,Pneumonia due to Escherichia coli,승인,NA,Approved,,DB09335,C0276089,,,,
TP,alatrofloxacin,Chlamydial pneumonia,승인,NA,Approved,,DB09335,C0339959,,,,
TP,alatrofloxacin,Chlamydial pelvic inflammatory disease,승인,NA,Approved,,DB09335,C0520777,,,,
TP,epalrestat,Diabetic Neuropathies,승인,NA,Approved,,DB15293,C0011882,,,,
TP,eperisone,Spasm,승인,NA,Approved,,DB08992,C0037763,,,,
TP,ephedrine,Sinus headache,승인,NA,Approved,,DB01364,C0037195,,,,
TP,ephedrine,Bronchitis,승인,NA,Approved,,DB01364,C0006277,,,,
TP,ephedrine,Headache Disorders,승인,NA,Approved,,DB01364,C0393735,,,,
TP,ephedrine,Allergic Conjunctivitis,승인,NA,Approved,,DB01364,C0009766,,,,
TP,ephedrine,Rhinorrhea,승인,NA,Approved,,DB01364,C1260880,,,,
TP,ephedrine,Influenza-like symptoms,승인,NA,Approved,,DB01364,C0392171,,,,
TP,ephedrine,Allergic rhinitis (disorder),승인,NA,Approved,,DB01364,C2607914,,,,
TP,ephedrine,Hay fever,승인,NA,Approved,,DB01364,C0018621,,,,
TP,ephedrine,Bronchospasm,승인,NA,Approved,,DB01364,C0006266,,,,
TP,ephedrine,"Rhinitis, Vasomotor",승인,NA,Approved,,DB01364,C0035460,,,,
TP,ephedrine,Rhinitis,승인,NA,Approved,,DB01364,C0035455,,,,
TP,ephedrine,Nasal congestion (finding),승인,NA,Approved,,DB01364,C0027424,,,,
TP,ephedrine,Sneezing,승인,NA,Approved,,DB01364,C0037383,,,,
TP,ephedrine,Common Cold,승인,NA,Approved,,DB01364,C0009443,,,,
TP,epinastine,Allergic Conjunctivitis,승인,NA,Approved,,DB00751,C0009766,,,,
TP,epinephrine,anaphylaxis,승인,NA,Approved,,DB00668,C0002792,,,,
TP,epinephrine,Hypotension,승인,NA,Approved,,DB00668,C0020649,,,,
TP,epinephrine,Bronchiectasis,승인,NA,Approved,,DB00668,C0006267,,,,
TP,epinephrine,Asthma attack,승인,NA,Approved,,DB00668,C0347950,,,,
TP,epinephrine,"Glaucoma, Open-Angle",승인,NA,Approved,,DB00668,C0017612,,,,
TP,epinephrine,Dyspnea,승인,NA,Approved,,DB00668,C0013404,,,,
TP,epinephrine,Bronchitis,승인,NA,Approved,,DB00668,C0006277,,,,
TP,epinephrine,Wheezing,승인,NA,Approved,,DB00668,C0043144,,,,
TP,epinephrine,Exacerbation of asthma,승인,NA,Approved,,DB00668,C0349790,,,,
TP,epinephrine,Pulmonary Emphysema,승인,NA,Approved,,DB00668,C0034067,,,,
TP,epinephrine,Septic Shock,승인,NA,Approved,,DB00668,C0036983,,,,
TP,albendazole,Echinococcus granulosus infection of liver,승인,NA,Approved,,DB00518,C0153289,,,,
TP,albendazole,Echinococcus granulosus infection of lung,승인,NA,Approved,,DB00518,C0153290,,,,
TP,albendazole,Neurocysticercosis,승인,NA,Approved,,DB00518,C0338437,,,,
TP,albendazole,Echinococcus granulosus infection,승인,NA,Approved,,DB00518,C0152068,,,,
TP,epirubicin,Breast Carcinoma,승인,NA,Approved,,DB00445,C0678222,,,,
TP,epitizide,Hypertensive disease,승인,NA,Approved,,DB13989,C0020538,,,,
TP,eplerenone,Hypertensive disease,승인,NA,Approved,,DB00700,C0020538,,,,
TP,epoprostenol,Pulmonary arterial hypertension,승인,NA,Approved,,DB01240,C2973725,,,,
TP,epoprostenol,Pulmonary Hypertension,승인,NA,Approved,,DB01240,C0020542,,,,
TP,epoprostenol,Rhinorrhea,승인,NA,Approved,,DB01240,C1260880,,,,
TP,epoprostenol,Coughing,승인,NA,Approved,,DB01240,C0010200,,,,
TP,epoprostenol,Nasal congestion (finding),승인,NA,Approved,,DB01240,C0027424,,,,
TP,epoprostenol,Allergic rhinitis (disorder),승인,NA,Approved,,DB01240,C2607914,,,,
TP,epoprostenol,Rhinitis,승인,NA,Approved,,DB01240,C0035455,,,,
TP,epoprostenol,Common Cold,승인,NA,Approved,,DB01240,C0009443,,,,
TP,eprosartan,Hypertensive disease,승인,NA,Approved,,DB00876,C0020538,,,,
TP,eptifibatide,Acute Coronary Syndrome,승인,NA,Approved,,DB00063,C0948089,,,,
TP,erdosteine,Accidental poisoning by lead and its compounds and fumes,승인,NA,Approved,,DB05057,C0261486,,,,
TP,ergometrine,Postpartum Hemorrhage,승인,NA,Approved,,DB01253,C0032797,,,,
TP,ergotamine,Migraine Disorders,승인,NA,Approved,,DB00696,C0149931,,,,
TP,ergotamine,Vascular Headaches,승인,NA,Approved,,DB00696,C0042376,,,,
TP,ergotamine,Cluster Headache,승인,NA,Approved,,DB00696,C0009088,,,,
TP,erlotinib,Non-Small Cell Lung Carcinoma,승인,NA,Approved,,DB00530,C0007131,,,,
TP,erlotinib,Adenocarcinoma of pancreas,승인,NA,Approved,,DB00530,C0281361,,,,
TP,ertapenem,Miscarriage with sepsis,승인,NA,Approved,,DB00303,C0269398,,,,
TP,ertapenem,Acute bacterial peritonitis,승인,NA,Approved,,DB00303,C0275550,,,,
TP,ertapenem,Haemophilus influenzae pneumonia,승인,NA,Approved,,DB00303,C0276026,,,,
TP,ertapenem,Peptostreptococcus infection,승인,NA,Approved,,DB00303,C1096562,,,,
TP,ertapenem,Abdominal Abscess,승인,NA,Approved,,DB00303,C0243001,,,,
TP,ertapenem,Abdominal Infection,승인,NA,Approved,,DB00303,C1112209,,,,
TP,ertapenem,Female genital tract infection,승인,NA,Approved,,DB00303,C1263758,,,,
TP,ertapenem,Urinary tract infection caused by Escherichia coli,승인,NA,Approved,,DB00303,C0577708,,,,
TP,ertapenem,Urinary tract infection caused by Klebsiella,승인,NA,Approved,,DB00303,C4076057,,,,
TP,ertapenem,"Pneumonia, Bacterial",승인,NA,Approved,,DB00303,C0004626,,,,
TP,ertapenem,Community acquired pneumonia,승인,NA,Approved,,DB00303,C0694549,,,,
TP,erythromycin,Diphtheria,승인,NA,Approved,,DB00199,C0012546,,,,
TP,erythromycin,Ophthalmia Neonatorum,승인,NA,Approved,,DB00199,C0029076,,,,
TP,erythromycin,Infective otitis media,승인,NA,Approved,,DB00199,C0729586,,,,
TP,erythromycin,Acute bacterial sinusitis,승인,NA,Approved,,DB00199,C0275556,,,,
TP,erythromycin,Acute gonococcal endometritis,승인,NA,Approved,,DB00199,C0153196,,,,
TP,erythromycin,Neonatal pneumonia,승인,NA,Approved,,DB00199,C0339968,,,,
TP,erythromycin,"Pneumonia, Bacterial",승인,NA,Approved,,DB00199,C0004626,,,,
TP,erythromycin,Chlamydial urethritis,승인,NA,Approved,,DB00199,C1278807,,,,
TP,erythromycin,Gonorrhea of rectum,승인,NA,Approved,,DB00199,C0275665,,,,
TP,erythromycin,Pneumococcal pharyngitis,승인,NA,Approved,,DB00199,C0275761,,,,
TP,erythromycin,Acute gonococcal urethritis,승인,NA,Approved,,DB00199,C0275652,,,,
TP,erythromycin,Staphylococcus aureus infection,승인,NA,Approved,,DB00199,C1318973,,,,
TP,erythromycin,non-gonococcal urethritis (NGU),승인,NA,Approved,,DB00199,C1112709,,,,
TP,erythromycin,Group A Streptococcal Infections,승인,NA,Approved,,DB00199,C0554628,,,,
TP,erythromycin,Listeriosis,승인,NA,Approved,,DB00199,C0023860,,,,
TP,erythromycin,Inclusion conjunctivitis,승인,NA,Approved,,DB00199,C0009770,,,,
TP,erythromycin,Pertussis,승인,NA,Approved,,DB00199,C0043167,,,,
TP,erythromycin,Erythrasma,승인,NA,Approved,,DB00199,C0014752,,,,
TP,erythromycin,Syphilis,승인,NA,Approved,,DB00199,C0039128,,,,
TP,erythromycin,Chlamydial pneumonia,승인,NA,Approved,,DB00199,C0339959,,,,
TP,erythromycin,Acute gonococcal cervicitis,승인,NA,Approved,,DB00199,C0153195,,,,
TP,erythromycin,Acne Vulgaris,승인,NA,Approved,,DB00199,C0001144,,,,
TP,erythromycin,Acute otitis media,승인,NA,Approved,,DB00199,C0271429,,,,
TP,erythromycin,Mycoplasma pneumonia,승인,NA,Approved,,DB00199,C0032302,,,,
TP,erythromycin,Gonorrhea,승인,NA,Approved,,DB00199,C0018081,,,,
TP,salbutamol,Bronchospasm,승인,NA,Approved,,DB01001,C0006266,,,,
TP,salbutamol,Asthma attack,승인,NA,Approved,,DB01001,C0347950,,,,
TP,erythromycin ethyl succinate,Abdominal Infection,승인,NA,Approved,,DB00199,C1112209,,,,
TP,erythromycin ethyl succinate,Meningitis,승인,NA,Approved,,DB00199,C0025289,,,,
TP,erythromycin ethyl succinate,Cholangitis,승인,NA,Approved,,DB00199,C0008311,,,,
TP,erythromycin ethyl succinate,Bacterial sepsis,승인,NA,Approved,,DB00199,C0684256,,,,
TP,erythromycin ethyl succinate,Hepatic Coma,승인,NA,Approved,,DB00199,C0019147,,,,
TP,erythromycin ethyl succinate,"Pneumonia, Bacterial",승인,NA,Approved,,DB00199,C0004626,,,,
TP,erythromycin ethyl succinate,Infection of bone,승인,NA,Approved,,DB00199,C2242472,,,,
TP,erythromycin ethyl succinate,Urinary tract infection,승인,NA,Approved,,DB00199,C0042029,,,,
TP,erythromycin ethyl succinate,Arthropathy associated with infection,승인,NA,Approved,,DB00199,C0157749,,,,
TP,escitalopram,Major Depressive Disorder,승인,NA,Approved,,DB01175,C1269683,,,,
TP,escitalopram,Generalized Anxiety Disorder,승인,NA,Approved,,DB01175,C0270549,,,,
TP,esmolol,Atrial Fibrillation,승인,NA,Approved,,DB00187,C0004238,,,,
TP,esmolol,Supraventricular tachycardia,승인,NA,Approved,,DB00187,C0039240,,,,
TP,esmolol,Perioperative hypertension,승인,NA,Approved,,DB00187,C3661921,,,,
TP,esomeprazole,Erosive esophagitis,승인,NA,Approved,,DB00736,C0267055,,,,
TP,esomeprazole,Zollinger-Ellison syndrome,승인,NA,Approved,,DB00736,C0043515,,,,
TP,esomeprazole,Peptic Esophagitis,승인,NA,Approved,,DB00736,C0014869,,,,
TP,esomeprazole,Gastroesophageal reflux disease,승인,NA,Approved,,DB00736,C0017168,,,,
TP,esomeprazole,Peptic Ulcer,승인,NA,Approved,,DB00736,C0030920,,,,
TP,estradiol,Atrophic Vaginitis,승인,NA,Approved,,DB00783,C0221392,,,,
TP,estradiol,Urethral atrophy,승인,NA,Approved,,DB00783,C0520577,,,,
TP,estradiol,Premenstrual Dysphoric Disorder,승인,NA,Approved,,DB00783,C0520676,,,,
TP,estradiol,Acne Vulgaris,승인,NA,Approved,,DB00783,C0001144,,,,
TP,estradiol,Atrophy of vulva,승인,NA,Approved,,DB00783,C0156393,,,,
TP,estradiol,"Osteoporosis, Postmenopausal",승인,NA,Approved,,DB00783,C0029458,,,,
TP,estradiol,Female hypogonadism syndrome,승인,NA,Approved,,DB00783,C0271578,,,,
TP,estradiol,Hot flushes,승인,NA,Approved,,DB00783,C0600142,,,,
TP,estradiol,Menopausal syndrome,승인,NA,Approved,,DB00783,C0025319,,,,
TP,estradiol,Ovarian failure,승인,NA,Approved,,DB00783,C0747102,,,,
TP,estradiol cypionate,Hot flushes,승인,NA,Approved,,DB13954,C0600142,,,,
TP,estradiol cypionate,Female hypogonadism syndrome,승인,NA,Approved,,DB13954,C0271578,,,,
TP,estradiol valerate,Female hypogonadism syndrome,승인,NA,Approved,,DB13956,C0271578,,,,
TP,estradiol valerate,Hot flushes,승인,NA,Approved,,DB13956,C0600142,,,,
TP,estramustine,Prostatic Neoplasms,승인,NA,Approved,,DB01196,C0033578,,,,
TP,eszopiclone,Sleeplessness,승인,NA,Approved,,DB00402,C0917801,,,,
TP,alclofenac,Rheumatoid Arthritis,승인,NA,Approved,,DB13167,C0003873,,,,
TP,alclofenac,Pain,승인,NA,Approved,,DB13167,C0030193,,,,
TP,alclofenac,Ankylosing spondylitis,승인,NA,Approved,,DB13167,C0038013,,,,
TP,ethacrynic acid,Edema,승인,NA,Approved,,DB00903,C0013604,,,,
TP,ethadione,Absence Epilepsy,승인,NA,Approved,,DB13799,C0014553,,,,
TP,ethadione,Epilepsy,승인,NA,Approved,,DB13799,C0014544,,,,
TP,ethambutol,Acute tuberculosis,승인,NA,Approved,,DB00330,C0275959,,,,
TP,ethambutol,"Tuberculosis, Pulmonary",승인,NA,Approved,,DB00330,C0041327,,,,
TP,ethchlorvynol,Sleeplessness,승인,NA,Approved,,DB00189,C0917801,,,,
TP,ethinamate,Sleeplessness,승인,NA,Approved,,DB01031,C0917801,,,,
TP,ethinylestradiol,Premenstrual Dysphoric Disorder,승인,NA,Approved,,DB00977,C0520676,,,,
TP,ethinylestradiol,Atrophy of vulva,승인,NA,Approved,,DB00977,C0156393,,,,
TP,ethinylestradiol,Hot flushes,승인,NA,Approved,,DB00977,C0600142,,,,
TP,ethinylestradiol,Acne Vulgaris,승인,NA,Approved,,DB00977,C0001144,,,,
TP,ethinylestradiol,"Osteoporosis, Postmenopausal",승인,NA,Approved,,DB00977,C0029458,,,,
TP,ethinylestradiol,Dysmenorrhea,승인,NA,Approved,,DB00977,C0013390,,,,
TP,ethinylestradiol,Atrophic Vaginitis,승인,NA,Approved,,DB00977,C0221392,,,,
TP,ethionamide,Acute tuberculosis,승인,NA,Approved,,DB00609,C0275959,,,,
TP,ethionamide,Pulmonary Mycobacterium avium complex infection,승인,NA,Approved,,DB00609,C2733595,,,,
TP,ethionamide,"Tuberculosis, Pulmonary",승인,NA,Approved,,DB00609,C0041327,,,,
TP,ethosuximide,Absence Epilepsy,승인,NA,Approved,,DB00593,C0014553,,,,
TP,ethotoin,Tonic-Clonic Epilepsy,승인,NA,Approved,,DB00754,C0014549,,,,
TP,ethotoin,Epilepsy characterized by intractable complex partial seizures,승인,NA,Approved,,DB00754,C2711653,,,,
TP,ethyl loflazepate,Anxiety,승인,NA,Approved,,DB01545,C0003467,,,,
TP,ethyl loflazepate,Depressive disorder,승인,NA,Approved,,DB01545,C0011581,,,,
TP,etidronic acid,Osteitis Deformans,승인,NA,Approved,,DB01077,C0029401,,,,
TP,etidronic acid,Humoral hypercalcemia of malignancy (disorder),승인,NA,Approved,,DB01077,C0149911,,,,
TP,etidronic acid,Heterotopic Ossification,승인,NA,Approved,,DB01077,C0029396,,,,
TP,etizolam,Anxiety,승인,NA,Approved,,DB09166,C0003467,,,,
TP,etodolac,Pain,승인,NA,Approved,,DB00749,C0030193,,,,
TP,etodolac,Degenerative polyarthritis,승인,NA,Approved,,DB00749,C0029408,,,,
TP,etodolac,Juvenile arthritis,승인,NA,Approved,,DB00749,C3495559,,,,
TP,etodolac,Rheumatoid Arthritis,승인,NA,Approved,,DB00749,C0003873,,,,
TP,etoposide,Small cell carcinoma of lung,승인,NA,Approved,,DB00773,C0149925,,,,
TP,etoposide,Malignant neoplasm of testis,승인,NA,Approved,,DB00773,C0153594,,,,
TP,etravirine,HIV Infections,승인,NA,Approved,,DB06414,C0019693,,,,
TP,etretinate,Psoriasis,승인,NA,Approved,,DB00926,C0033860,,,,
TP,everolimus,Angiomyolipoma of kidney,승인,NA,Approved,,DB01590,C0241961,,,,
TP,everolimus,Breast Carcinoma,승인,NA,Approved,,DB01590,C0678222,,,,
TP,everolimus,Hormone receptor positive malignant neoplasm of breast,승인,NA,Approved,,DB01590,C1562029,,,,
TP,everolimus,Neuroendocrine tumor of pancreas,승인,NA,Approved,,DB01590,C4305467,,,,
TP,everolimus,Renal Cell Carcinoma,승인,NA,Approved,,DB01590,C0007134,,,,
TP,everolimus,Tuberous Sclerosis,승인,NA,Approved,,DB01590,C0041341,,,,
TP,alendronic acid,"Osteoporosis, Postmenopausal",승인,NA,Approved,,DB00630,C0029458,,,,
TP,alendronic acid,Osteitis Deformans,승인,NA,Approved,,DB00630,C0029401,,,,
TP,exemestane,Hormone receptor positive malignant neoplasm of breast,승인,NA,Approved,,DB00990,C1562029,,,,
TP,ezetimibe,"Hyperlipidemia, Familial Combined",승인,NA,Approved,,DB00973,C0020474,,,,
TP,ezetimibe,Homozygous Familial Hypercholesterolemia,승인,NA,Approved,,DB00973,C0342881,,,,
TP,ezetimibe,Hypercholesterolemia,승인,NA,Approved,,DB00973,C0020443,,,,
TP,ezetimibe,Familial hypercholesterolemia - heterozygous,승인,NA,Approved,,DB00973,C0342882,,,,
TP,ezetimibe,Hyperlipidemia,승인,NA,Approved,,DB00973,C0020473,,,,
TP,ezetimibe,Sitosterolemia,승인,NA,Approved,,DB00973,C0342907,,,,
TP,famciclovir,Herpes zoster disease,승인,NA,Approved,,DB00426,C0019360,,,,
TP,famciclovir,Recurrent genital herpes simplex,승인,NA,Approved,,DB00426,C1274323,,,,
TP,famciclovir,Recurrent herpes simplex labialis,승인,NA,Approved,,DB00426,C1274321,,,,
TP,famciclovir,Herpes simplex infection,승인,NA,Approved,,DB00426,C0019348,,,,
TP,faropenem,"Skin Diseases, Bacterial",승인,NA,Approved,,DB12190,C0162627,,,,
TP,faropenem,Respiratory Tract Infections,승인,NA,Approved,,DB12190,C0035243,,,,
TP,fasudil,Cerebral Ischemia,승인,NA,Approved,,DB08162,C0917798,,,,
TP,fasudil,Cerebral Vasospasm,승인,NA,Approved,,DB08162,C0265110,,,,
TP,febuxostat,Hyperuricemia,승인,NA,Approved,,DB04854,C0740394,,,,
TP,felbamate,Simple Partial Seizures,승인,NA,Approved,,DB00949,C0234974,,,,
TP,felbamate,Lennox-Gastaut syndrome,승인,NA,Approved,,DB00949,C0238111,,,,
TP,felbamate,Epilepsy,승인,NA,Approved,,DB00949,C0014544,,,,
TP,felbinac,Degenerative polyarthritis,승인,NA,Approved,,DB07477,C0029408,,,,
TP,felbinac,Pain,승인,NA,Approved,,DB07477,C0030193,,,,
TP,felodipine,Hypertensive disease,승인,NA,Approved,,DB01023,C0020538,,,,
TP,fendiline,Myocardial Ischemia,승인,NA,Approved,,DB08980,C0151744,,,,
TP,alfuzosin,Prostatic Hypertrophy,승인,NA,Approved,,DB00346,C1739363,,,,
TP,fenfluramine,Obesity,승인,NA,Approved,,DB00574,C0028754,,,,
TP,fenofibrate,Hypercholesterolemia,승인,NA,Approved,,DB01039,C0020443,,,,
TP,fenofibrate,Hyperlipidemia,승인,NA,Approved,,DB01039,C0020473,,,,
TP,fenofibrate,Hypertriglyceridemia,승인,NA,Approved,,DB01039,C0020557,,,,
TP,fenofibrate,"Hyperlipidemia, Familial Combined",승인,NA,Approved,,DB01039,C0020474,,,,
TP,fenofibrate,Hypoalphalipoproteinemias,승인,NA,Approved,,DB01039,C0473527,,,,
TP,fenofibrate,Familial hypercholesterolemia - heterozygous,승인,NA,Approved,,DB01039,C0342882,,,,
TP,fenoldopam,Hypertensive urgency,승인,NA,Approved,,DB00800,C0745138,,,,
TP,fenoldopam,Malignant essential hypertension,승인,NA,Approved,,DB00800,C0024588,,,,
TP,fenoprofen,Rheumatoid Arthritis,승인,NA,Approved,,DB00573,C0003873,,,,
TP,fenoprofen,Degenerative polyarthritis,승인,NA,Approved,,DB00573,C0029408,,,,
TP,fenoprofen,Pain,승인,NA,Approved,,DB00573,C0030193,,,,
TP,fenproporex,Obesity,승인,NA,Approved,,DB01550,C0028754,,,,
TP,fentiazac,Pain,승인,NA,Approved,,DB13217,C0030193,,,,
TP,fenticonazole,"Candidiasis, Vulvovaginal",승인,NA,Approved,,DB13434,C0700345,,,,
TP,fexofenadine,Chronic Spontaneous Urticaria,승인,NA,Approved,,DB00950,C0578870,,,,
TP,fexofenadine,Hay fever,승인,NA,Approved,,DB00950,C0018621,,,,
TP,fexofenadine,Allergic Conjunctivitis,승인,NA,Approved,,DB00950,C0009766,,,,
TP,fexofenadine,Allergic rhinitis (disorder),승인,NA,Approved,,DB00950,C2607914,,,,
TP,fexofenadine,Sneezing,승인,NA,Approved,,DB00950,C0037383,,,,
TP,finasteride,Prostatic Hypertrophy,승인,NA,Approved,,DB01216,C1739363,,,,
TP,flavoxate,Urgency of micturition,승인,NA,Approved,,DB01148,C0085606,,,,
TP,flavoxate,Nocturia,승인,NA,Approved,,DB01148,C0028734,,,,
TP,flavoxate,Urinary Incontinence,승인,NA,Approved,,DB01148,C0042024,,,,
TP,flavoxate,Suprapubic pain,승인,NA,Approved,,DB01148,C0241310,,,,
TP,flavoxate,Dysuria,승인,NA,Approved,,DB01148,C0013428,,,,
TP,flecainide,Atrial Fibrillation,승인,NA,Approved,,DB01195,C0004238,,,,
TP,flecainide,Paroxysmal atrial flutter,승인,NA,Approved,,DB01195,C0741292,,,,
TP,flecainide,Paroxysmal atrial fibrillation,승인,NA,Approved,,DB01195,C0235480,,,,
TP,floctafenine,Acute onset pain,승인,NA,Approved,,DB08976,C0184567,,,,
TP,floxuridine,Malignant neoplasm of liver,승인,NA,Approved,,DB00322,C0345904,,,,
TP,floxuridine,Primary malignant neoplasm of gastrointestinal tract,승인,NA,Approved,,DB00322,C1306632,,,,
TP,fluconazole,Septicemia candida,승인,NA,Approved,,DB00196,C0349009,,,,
TP,fluconazole,"Candidiasis, Vulvovaginal",승인,NA,Approved,,DB00196,C0700345,,,,
TP,fluconazole,Oral candidiasis,승인,NA,Approved,,DB00196,C0006849,,,,
TP,fluconazole,Mucocutaneous candidiasis,승인,NA,Approved,,DB00196,C0006848,,,,
TP,fluconazole,Candidiasis of the esophagus,승인,NA,Approved,,DB00196,C0239295,,,,
TP,fluconazole,"Meningitis, Cryptococcal",승인,NA,Approved,,DB00196,C0085436,,,,
TP,fluconazole,Candidemia,승인,NA,Approved,,DB00196,C0877445,,,,
TP,fluconazole,Systemic candidiasis,승인,NA,Approved,,DB00196,C0153252,,,,
TP,fludarabine phosphate,Chronic Lymphocytic Leukemia,승인,NA,Approved,,DB01073,C0023434,,,,
TP,fludarabine phosphate,"Lymphoma, Non-Hodgkin",승인,NA,Approved,,DB01073,C0024305,,,,
TP,fludarabine phosphate,"Leukemia, Myelocytic, Acute",승인,NA,Approved,,DB01073,C0023467,,,,
TP,aliskiren,Hypertensive disease,승인,NA,Approved,,DB09026,C0020538,,,,
TP,fludrocortisone acetate,Adrenogenital disorder,승인,NA,Approved,,DB00687,C0701163,,,,
TP,fludrocortisone acetate,Addison Disease,승인,NA,Approved,,DB00687,C0001403,,,,
TP,flufenamic acid,Pain,승인,NA,Approved,,DB02266,C0030193,,,,
TP,alizapride,Nausea and vomiting,승인,NA,Approved,,DB01425,C0027498,,,,
TP,alizapride,Postoperative Nausea and Vomiting,승인,NA,Approved,,DB01425,C0520909,,,,
TP,flunisolide,Allergic rhinitis (disorder),승인,NA,Approved,,DB00180,C2607914,,,,
TP,flunisolide,Asthma,승인,NA,Approved,,DB00180,C0004096,,,,
TP,flunoxaprofen,Rheumatoid Arthritis,승인,NA,Approved,,DB13317,C0003873,,,,
TP,fluocinolone acetonide,"Lymphoma, T-Cell, Cutaneous",승인,NA,Approved,,DB00591,C0079773,,,,
TP,fluocinolone acetonide,Exanthema,승인,NA,Approved,,DB00591,C0015230,,,,
TP,fluocinolone acetonide,Pruritus Ani,승인,NA,Approved,,DB00591,C0033775,,,,
TP,fluocinolone acetonide,Chronic discoid lupus erythematosus,승인,NA,Approved,,DB00591,C0024138,,,,
TP,fluocinolone acetonide,Contact Dermatitis,승인,NA,Approved,,DB00591,C0011616,,,,
TP,fluocinolone acetonide,Lichen Simplex Chronicus,승인,NA,Approved,,DB00591,C0149922,,,,
TP,fluocinolone acetonide,Granuloma Annulare,승인,NA,Approved,,DB00591,C0085074,,,,
TP,fluocinolone acetonide,Chloasma,승인,NA,Approved,,DB00591,C0025218,,,,
TP,fluocinolone acetonide,"Dermatitis, Atopic",승인,NA,Approved,,DB00591,C0011615,,,,
TP,fluocinolone acetonide,Chronic small plaque psoriasis,승인,NA,Approved,,DB00591,C0406317,,,,
TP,fluocinolone acetonide,Psoriasis of scalp,승인,NA,Approved,,DB00591,C0406326,,,,
TP,fluocinolone acetonide,Choroiditis,승인,NA,Approved,,DB00591,C0008526,,,,
TP,fluocinolone acetonide,Seborrheic dermatitis,승인,NA,Approved,,DB00591,C0036508,,,,
TP,fluocinolone acetonide,Pruritus of genital organs,승인,NA,Approved,,DB00591,C0033777,,,,
TP,fluocinolone acetonide,Scurfiness of scalp,승인,NA,Approved,,DB00591,C0423775,,,,
TP,fluocinonide,Lichen Simplex Chronicus,승인,NA,Approved,,DB01047,C0149922,,,,
TP,fluocinonide,Seborrheic dermatitis,승인,NA,Approved,,DB01047,C0036508,,,,
TP,fluocinonide,Psoriasis of scalp,승인,NA,Approved,,DB01047,C0406326,,,,
TP,fluocinonide,Contact Dermatitis,승인,NA,Approved,,DB01047,C0011616,,,,
TP,fluocinonide,Chronic small plaque psoriasis,승인,NA,Approved,,DB01047,C0406317,,,,
TP,fluocinonide,Pruritus of genital organs,승인,NA,Approved,,DB01047,C0033777,,,,
TP,fluocinonide,Inflammatory dermatosis,승인,NA,Approved,,DB01047,C3875321,,,,
TP,fluocinonide,Pruritus Ani,승인,NA,Approved,,DB01047,C0033775,,,,
TP,fluocinonide,"Dermatitis, Atopic",승인,NA,Approved,,DB01047,C0011615,,,,
TP,fluocinonide,Granuloma Annulare,승인,NA,Approved,,DB01047,C0085074,,,,
TP,fluocinonide,Exanthema,승인,NA,Approved,,DB01047,C0015230,,,,
TP,fluocinonide,Chronic discoid lupus erythematosus,승인,NA,Approved,,DB01047,C0024138,,,,
TP,fluocinonide,"Lymphoma, T-Cell, Cutaneous",승인,NA,Approved,,DB01047,C0079773,,,,
TP,fluorometholone,Uveitis,승인,NA,Approved,,DB00324,C0042164,,,,
TP,fluorometholone,Herpes zoster keratitis,승인,NA,Approved,,DB00324,C1275687,,,,
TP,fluorometholone,Cyclitis,승인,NA,Approved,,DB00324,C0010543,,,,
TP,fluorometholone,Iridocyclitis,승인,NA,Approved,,DB00324,C0022073,,,,
TP,fluorometholone,Punctate keratopathy,승인,NA,Approved,,DB00324,C0423234,,,,
TP,fluorometholone,Corneal Ulcer,승인,NA,Approved,,DB00324,C0010043,,,,
TP,fluorometholone,Corneal Abrasions,승인,NA,Approved,,DB00324,C0010032,,,,
TP,fluorometholone,Rosacea,승인,NA,Approved,,DB00324,C0035854,,,,
TP,fluorometholone,Allergic Conjunctivitis,승인,NA,Approved,,DB00324,C0009766,,,,
TP,fluorometholone,Iritis,승인,NA,Approved,,DB00324,C0022081,,,,
TP,fluoxetine,Depressive disorder,승인,NA,Approved,,DB00472,C0011581,,,,
TP,fluoxetine,Bulimia Nervosa,승인,NA,Approved,,DB00472,C2267227,,,,
TP,fluoxetine,Obsessive-Compulsive Disorder,승인,NA,Approved,,DB00472,C0028768,,,,
TP,fluoxetine,Major Depressive Disorder,승인,NA,Approved,,DB00472,C1269683,,,,
TP,fluoxetine,Premenstrual Dysphoric Disorder,승인,NA,Approved,,DB00472,C0520676,,,,
TP,fluoxetine,Panic Disorder,승인,NA,Approved,,DB00472,C0030319,,,,
TP,fluoxetine,"Depression, Bipolar",승인,NA,Approved,,DB00472,C0005587,,,,
TP,fluoxymesterone,Noonan Syndrome,승인,NA,Approved,,DB01185,C0028326,,,,
TP,fluoxymesterone,Hormone receptor positive malignant neoplasm of breast,승인,NA,Approved,,DB01185,C1562029,,,,
TP,fluoxymesterone,Testicular hypogonadism,승인,NA,Approved,,DB01185,C0151721,,,,
TP,fluoxymesterone,Cryptorchidism,승인,NA,Approved,,DB01185,C0010417,,,,
TP,fluoxymesterone,Klinefelter Syndrome,승인,NA,Approved,,DB01185,C0022735,,,,
TP,fluoxymesterone,Deficiency of testosterone biosynthesis,승인,NA,Approved,,DB01185,C0342527,,,,
TP,fluoxymesterone,Delayed Puberty,승인,NA,Approved,,DB01185,C0034012,,,,
TP,fluoxymesterone,Generalized Myotonia of Thomsen,승인,NA,Approved,,DB01185,C2936781,,,,
TP,flupentixol,Schizophrenia,승인,NA,Approved,,DB00875,C0036341,,,,
TP,fluphenazine,Psychotic Disorders,승인,NA,Approved,,DB00623,C0033975,,,,
TP,fluphenazine,Schizophrenia,승인,NA,Approved,,DB00623,C0036341,,,,
TP,fluphenazine decanoate,Schizophrenia,승인,NA,Approved,,DB00623,C0036341,,,,
TP,fluphenazine decanoate,Psychotic Disorders,승인,NA,Approved,,DB00623,C0033975,,,,
TP,fluphenazine enanthate,Schizophrenia,승인,NA,Approved,,DB00623,C0036341,,,,
TP,fluphenazine enanthate,Psychotic Disorders,승인,NA,Approved,,DB00623,C0033975,,,,
TP,fludroxycortide,Chronic discoid lupus erythematosus,승인,NA,Approved,,DB00846,C0024138,,,,
TP,fludroxycortide,Pruritus of genital organs,승인,NA,Approved,,DB00846,C0033777,,,,
TP,fludroxycortide,Chronic small plaque psoriasis,승인,NA,Approved,,DB00846,C0406317,,,,
TP,fludroxycortide,Psoriasis of scalp,승인,NA,Approved,,DB00846,C0406326,,,,
TP,fludroxycortide,Exanthema,승인,NA,Approved,,DB00846,C0015230,,,,
TP,fludroxycortide,Contact Dermatitis,승인,NA,Approved,,DB00846,C0011616,,,,
TP,fludroxycortide,Granuloma Annulare,승인,NA,Approved,,DB00846,C0085074,,,,
TP,fludroxycortide,Lichen Simplex Chronicus,승인,NA,Approved,,DB00846,C0149922,,,,
TP,fludroxycortide,Seborrheic dermatitis,승인,NA,Approved,,DB00846,C0036508,,,,
TP,fludroxycortide,Pruritus Ani,승인,NA,Approved,,DB00846,C0033775,,,,
TP,fludroxycortide,"Lymphoma, T-Cell, Cutaneous",승인,NA,Approved,,DB00846,C0079773,,,,
TP,fludroxycortide,"Dermatitis, Atopic",승인,NA,Approved,,DB00846,C0011615,,,,
TP,flurazepam,Sleeplessness,승인,NA,Approved,,DB00690,C0917801,,,,
TP,flurbiprofen,Degenerative polyarthritis,승인,NA,Approved,,DB00712,C0029408,,,,
TP,flurbiprofen,Rheumatoid Arthritis,승인,NA,Approved,,DB00712,C0003873,,,,
TP,fluspirilene,Schizophrenia,승인,NA,Approved,,DB04842,C0036341,,,,
TP,flutamide,Prostatic Neoplasms,승인,NA,Approved,,DB00499,C0033578,,,,
TP,fluticasone propionate,Seborrheic dermatitis,승인,NA,Approved,,DB00588,C0036508,,,,
TP,fluticasone propionate,Pruritus of genital organs,승인,NA,Approved,,DB00588,C0033777,,,,
TP,fluticasone propionate,Exanthema,승인,NA,Approved,,DB00588,C0015230,,,,
TP,fluticasone propionate,Allergic rhinitis (disorder),승인,NA,Approved,,DB00588,C2607914,,,,
TP,fluticasone propionate,Allergic asthma,승인,NA,Approved,,DB00588,C0155877,,,,
TP,fluticasone propionate,Granuloma Annulare,승인,NA,Approved,,DB00588,C0085074,,,,
TP,fluticasone propionate,Chronic small plaque psoriasis,승인,NA,Approved,,DB00588,C0406317,,,,
TP,fluticasone propionate,"Lymphoma, T-Cell, Cutaneous",승인,NA,Approved,,DB00588,C0079773,,,,
TP,fluticasone propionate,Lichen Simplex Chronicus,승인,NA,Approved,,DB00588,C0149922,,,,
TP,fluticasone propionate,Intrinsic asthma,승인,NA,Approved,,DB00588,C0155880,,,,
TP,fluticasone propionate,Psoriasis of scalp,승인,NA,Approved,,DB00588,C0406326,,,,
TP,fluticasone propionate,"Dermatitis, Atopic",승인,NA,Approved,,DB00588,C0011615,,,,
TP,fluticasone propionate,Chronic discoid lupus erythematosus,승인,NA,Approved,,DB00588,C0024138,,,,
TP,fluticasone propionate,Pruritus Ani,승인,NA,Approved,,DB00588,C0033775,,,,
TP,fluticasone propionate,Contact Dermatitis,승인,NA,Approved,,DB00588,C0011616,,,,
TP,fluticasone propionate,Pulmonary Emphysema,승인,NA,Approved,,DB00588,C0034067,,,,
TP,fluvastatin,"Hyperlipidemia, Familial Combined",승인,NA,Approved,,DB01095,C0020474,,,,
TP,fluvastatin,Familial hypercholesterolemia - heterozygous,승인,NA,Approved,,DB01095,C0342882,,,,
TP,fluvastatin,Hypercholesterolemia,승인,NA,Approved,,DB01095,C0020443,,,,
TP,fluvastatin,Arteriosclerosis,승인,NA,Approved,,DB01095,C0003850,,,,
TP,fluvoxamine,Obsessive-Compulsive Disorder,승인,NA,Approved,,DB00176,C0028768,,,,
TP,fluvoxamine,"Phobia, Social",승인,NA,Approved,,DB00176,C0031572,,,,
TP,fomepizole,Accidental poisoning by methyl alcohol,승인,NA,Approved,,DB01213,C0261439,,,,
TP,fondaparinux,Pulmonary Thromboembolisms,승인,NA,Approved,,DB00569,C0524702,,,,
TP,fondaparinux,Deep Vein Thrombosis,승인,NA,Approved,,DB00569,C0149871,,,,
TP,formestane,Malignant epithelial neoplasm of female breast,승인,NA,Approved,,DB08905,C3163805,,,,
TP,formoterol,Intrinsic asthma,승인,NA,Approved,,DB00983,C0155880,,,,
TP,formoterol,Pulmonary Emphysema,승인,NA,Approved,,DB00983,C0034067,,,,
TP,formoterol,Allergic asthma,승인,NA,Approved,,DB00983,C0155877,,,,
TP,formoterol,Severe chronic obstructive pulmonary disease,승인,NA,Approved,,DB00983,C0730607,,,,
TP,fosamprenavir,HIV Infections,승인,NA,Approved,,DB01319,C0019693,,,,
TP,foscarnet,Human Herpesvirus 6 encephalitis,승인,NA,Approved,,DB00529,C1955629,,,,
TP,fosfomycin,Urinary tract infection caused by Escherichia coli,승인,NA,Approved,,DB00828,C0577708,,,,
TP,fosfomycin,Urinary tract infection,승인,NA,Approved,,DB00828,C0042029,,,,
TP,fosinopril,Chronic heart failure,승인,NA,Approved,,DB00492,C0264716,,,,
TP,fosinopril,Hypertensive disease,승인,NA,Approved,,DB00492,C0020538,,,,
TP,fosphenytoin,Status Epilepticus,승인,NA,Approved,,DB01320,C0038220,,,,
TP,fosphenytoin,Epilepsy characterized by intractable complex partial seizures,승인,NA,Approved,,DB01320,C2711653,,,,
TP,fosphenytoin,Epilepsy,승인,NA,Approved,,DB01320,C0014544,,,,
TP,frovatriptan,Migraine Disorders,승인,NA,Approved,,DB00998,C0149931,,,,
TP,furosemide,Decompensated cardiac failure,승인,NA,Approved,,DB00695,C0581377,,,,
TP,furosemide,Edema,승인,NA,Approved,,DB00695,C0013604,,,,
TP,furosemide,Acute pulmonary edema,승인,NA,Approved,,DB00695,C0155919,,,,
TP,furosemide,Hypertensive disease,승인,NA,Approved,,DB00695,C0020538,,,,
TP,fusidic acid,Pneumonia due to Escherichia coli,승인,NA,Approved,,DB02703,C0276089,,,,
TP,fusidic acid,Furunculosis,승인,NA,Approved,,DB02703,C0016867,,,,
TP,fusidic acid,Bacterial keratitis,승인,NA,Approved,,DB02703,C0854211,,,,
TP,fusidic acid,Gingivostomatitis,승인,NA,Approved,,DB02703,C0149704,,,,
TP,fusidic acid,Endemic Flea-Borne Typhus,승인,NA,Approved,,DB02703,C0041472,,,,
TP,fusidic acid,Pharyngitis,승인,NA,Approved,,DB02703,C0031350,,,,
TP,fusidic acid,Rosacea,승인,NA,Approved,,DB02703,C0035854,,,,
TP,fusidic acid,Keratoconjunctivitis,승인,NA,Approved,,DB02703,C0022573,,,,
TP,fusidic acid,Acute gonococcal endometritis,승인,NA,Approved,,DB02703,C0153196,,,,
TP,fusidic acid,Herpes zoster keratitis,승인,NA,Approved,,DB02703,C1275687,,,,
TP,fusidic acid,Escherichia coli septicemia,승인,NA,Approved,,DB02703,C0276088,,,,
TP,fusidic acid,Anthrax disease,승인,NA,Approved,,DB02703,C0003175,,,,
TP,fusidic acid,Peritonitis,승인,NA,Approved,,DB02703,C0031154,,,,
TP,fusidic acid,Osteomyelitis due to Staphylococcus aureus,승인,NA,Approved,,DB02703,C1997728,,,,
TP,fusidic acid,Tularemia,승인,NA,Approved,,DB02703,C0041351,,,,
TP,fusidic acid,Infection of bone,승인,NA,Approved,,DB02703,C2242472,,,,
TP,fusidic acid,Bacterial conjunctivitis,승인,NA,Approved,,DB02703,C0009768,,,,
TP,fusidic acid,Brucellosis,승인,NA,Approved,,DB02703,C0006309,,,,
TP,fusidic acid,Staphylococcal Pneumonia,승인,NA,Approved,,DB02703,C0032308,,,,
TP,fusidic acid,Acute gonococcal urethritis,승인,NA,Approved,,DB02703,C0275652,,,,
TP,fusidic acid,non-gonococcal urethritis (NGU),승인,NA,Approved,,DB02703,C1112709,,,,
TP,fusidic acid,Abdominal Infection,승인,NA,Approved,,DB02703,C1112209,,,,
TP,fusidic acid,Sinusitis,승인,NA,Approved,,DB02703,C0037199,,,,
TP,fusidic acid,Gonorrhea,승인,NA,Approved,,DB02703,C0018081,,,,
TP,fusidic acid,Actinomycosis,승인,NA,Approved,,DB02703,C0001261,,,,
TP,fusidic acid,Sepsis due to Pseudomonas,승인,NA,Approved,,DB02703,C2887096,,,,
TP,fusidic acid,Pneumonia due to Pseudomonas,승인,NA,Approved,,DB02703,C0155860,,,,
TP,fusidic acid,Granuloma Inguinale,승인,NA,Approved,,DB02703,C0018190,,,,
TP,fusidic acid,Rickettsia Infections,승인,NA,Approved,,DB02703,C0035585,,,,
TP,fusidic acid,Yaws,승인,NA,Approved,,DB02703,C0043388,,,,
TP,fusidic acid,Boutonneuse Fever,승인,NA,Approved,,DB02703,C0006060,,,,
TP,fusidic acid,Corneal Perforation,승인,NA,Approved,,DB02703,C0339293,,,,
TP,fusidic acid,Serratia sepsis,승인,NA,Approved,,DB02703,C0152973,,,,
TP,fusidic acid,Q Fever,승인,NA,Approved,,DB02703,C0034362,,,,
TP,fusidic acid,Bacterial sepsis,승인,NA,Approved,,DB02703,C0684256,,,,
TP,fusidic acid,"Skin Diseases, Bacterial",승인,NA,Approved,,DB02703,C0162627,,,,
TP,fusidic acid,Q fever endocarditis,승인,NA,Approved,,DB02703,C0340354,,,,
TP,fusidic acid,Pneumococcal Infections,승인,NA,Approved,,DB02703,C0032269,,,,
TP,fusidic acid,"Meningitis, Bacterial",승인,NA,Approved,,DB02703,C0085437,,,,
TP,fusidic acid,Sepsis of the newborn,승인,NA,Approved,,DB02703,C0456103,,,,
TP,fusidic acid,Mycoplasma pneumonia,승인,NA,Approved,,DB02703,C0032302,,,,
TP,fusidic acid,Inhalational anthrax,승인,NA,Approved,,DB02703,C0155866,,,,
TP,fusidic acid,Dacryocystitis,승인,NA,Approved,,DB02703,C0010930,,,,
TP,fusidic acid,Bacterial urinary infection,승인,NA,Approved,,DB02703,C0729524,,,,
TP,fusidic acid,Rhinoscleroma,승인,NA,Approved,,DB02703,C0035468,,,,
TP,fusidic acid,Bacterial infection due to Klebsiella pneumoniae,승인,NA,Approved,,DB02703,C0343402,,,,
TP,fusidic acid,Urinary tract infection,승인,NA,Approved,,DB02703,C0042029,,,,
TP,fusidic acid,Sepsis caused by Gram negative bacteria,승인,NA,Approved,,DB02703,C3163829,,,,
TP,fusidic acid,Gonorrhea of pharynx,승인,NA,Approved,,DB02703,C0149966,,,,
TP,fusidic acid,Listeriosis,승인,NA,Approved,,DB02703,C0023860,,,,
TP,fusidic acid,Cholangitis,승인,NA,Approved,,DB02703,C0008311,,,,
TP,fusidic acid,Allergic Conjunctivitis,승인,NA,Approved,,DB02703,C0009766,,,,
TP,fusidic acid,Anterior uveitis,승인,NA,Approved,,DB02703,C0042165,,,,
TP,fusidic acid,Relapsing Fever,승인,NA,Approved,,DB02703,C0035021,,,,
TP,fusidic acid,Acne Vulgaris,승인,NA,Approved,,DB02703,C0001144,,,,
TP,fusidic acid,Cutaneous anthrax,승인,NA,Approved,,DB02703,C0003177,,,,
TP,fusidic acid,Infective otitis media,승인,NA,Approved,,DB02703,C0729586,,,,
TP,fusidic acid,Acute bacterial sinusitis,승인,NA,Approved,,DB02703,C0275556,,,,
TP,fusidic acid,Meibomianitis,승인,NA,Approved,,DB02703,C0549398,,,,
TP,fusidic acid,Trachoma,승인,NA,Approved,,DB02703,C0040592,,,,
TP,fusidic acid,Staphylococcal Infections,승인,NA,Approved,,DB02703,C0038160,,,,
TP,fusidic acid,Rocky Mountain Spotted Fever,승인,NA,Approved,,DB02703,C0035793,,,,
TP,fusidic acid,Gonorrhea of rectum,승인,NA,Approved,,DB02703,C0275665,,,,
TP,fusidic acid,Paronychia Inflammation,승인,NA,Approved,,DB02703,C0030578,,,,
TP,fusidic acid,Folliculitis,승인,NA,Approved,,DB02703,C0016436,,,,
TP,fusidic acid,Chancroids,승인,NA,Approved,,DB02703,C0007947,,,,
TP,fusidic acid,Escherichia coli Infections,승인,NA,Approved,,DB02703,C0014836,,,,
TP,fusidic acid,Brill-Zinsser Disease,승인,NA,Approved,,DB02703,C0006181,,,,
TP,fusidic acid,Urinary tract infection caused by Klebsiella,승인,NA,Approved,,DB02703,C4076057,,,,
TP,fusidic acid,Infection due to Pseudomonas aeruginosa,승인,NA,Approved,,DB02703,C0276075,,,,
TP,fusidic acid,Neonatal meningitis,승인,NA,Approved,,DB02703,C0456107,,,,
TP,fusidic acid,Cholera,승인,NA,Approved,,DB02703,C0008354,,,,
TP,fusidic acid,Bacterial peritonitis,승인,NA,Approved,,DB02703,C0341503,,,,
TP,fusidic acid,Neonatal pneumonia,승인,NA,Approved,,DB02703,C0339968,,,,
TP,fusidic acid,"Typhus, Epidemic Louse-Borne",승인,NA,Approved,,DB02703,C0041473,,,,
TP,fusidic acid,Enterobacteriaceae Infections,승인,NA,Approved,,DB02703,C0014347,,,,
TP,fusidic acid,Bronchitis,승인,NA,Approved,,DB02703,C0006277,,,,
TP,fusidic acid,Acute gonococcal cervicitis,승인,NA,Approved,,DB02703,C0153195,,,,
TP,fusidic acid,Acute gonococcal epididymo-orchitis,승인,NA,Approved,,DB02703,C0153193,,,,
TP,fusidic acid,Syphilis,승인,NA,Approved,,DB02703,C0039128,,,,
TP,fusidic acid,Psittacosis,승인,NA,Approved,,DB02703,C0029291,,,,
TP,fusidic acid,Blepharoconjunctivitis,승인,NA,Approved,,DB02703,C0005743,,,,
TP,fusidic acid,Lymphogranuloma Venereum,승인,NA,Approved,,DB02703,C0024286,,,,
TP,fusidic acid,Chlamydia Infections,승인,NA,Approved,,DB02703,C0008149,,,,
TP,fusidic acid,Gastrointestinal anthrax,승인,NA,Approved,,DB02703,C0152945,,,,
TP,fusidic acid,Proteus pneumonia,승인,NA,Approved,,DB02703,C1260917,,,,
TP,fusidic acid,Uveitis,승인,NA,Approved,,DB02703,C0042164,,,,
TP,fusidic acid,Arthropathy associated with infection,승인,NA,Approved,,DB02703,C0157749,,,,
TP,fusidic acid,Chlamydia trachomatis infection of genital structure,승인,NA,Approved,,DB02703,C1997322,,,,
TP,fusidic acid,Rickettsialpox,승인,NA,Approved,,DB02703,C0035597,,,,
TP,fusidic acid,"Pneumonia, Bacterial",승인,NA,Approved,,DB02703,C0004626,,,,
TP,fusidic acid,Infective blepharitis,승인,NA,Approved,,DB02703,C0729587,,,,
TP,fusidic acid,Hospital acquired pneumonia,승인,NA,Approved,,DB02703,C0949083,,,,
TP,fusidic acid,Proteus septicemia,승인,NA,Approved,,DB02703,C0577690,,,,
TP,fusidic acid,Punctate keratitis,승인,NA,Approved,,DB02703,C0259799,,,,
TP,fusidic acid,Streptococcal Infections,승인,NA,Approved,,DB02703,C0038395,,,,
TP,fusidic acid,Bartonella Infections,승인,NA,Approved,,DB02703,C0004771,,,,
TP,fusidic acid,Pneumonia,승인,NA,Approved,,DB02703,C0032285,,,,
TP,fusidic acid,Scrub Typhus,승인,NA,Approved,,DB02703,C0036472,,,,
TP,fusidic acid,Staphylococcus aureus infection,승인,NA,Approved,,DB02703,C1318973,,,,
TP,fusidic acid,Serratia Infections,승인,NA,Approved,,DB02703,C0085394,,,,
TP,fusidic acid,Corneal Abrasions,승인,NA,Approved,,DB02703,C0010032,,,,
TP,fusidic acid,Urinary tract infection caused by Escherichia coli,승인,NA,Approved,,DB02703,C0577708,,,,
TP,aminohydroxybutyric acid,Epilepsy,승인,NA,Approved,,DB15985,C0014544,,,,
TP,gabapentin,Postherpetic neuralgia,승인,NA,Approved,,DB00996,C0032768,,,,
TP,gabapentin,Restless Legs Syndrome,승인,NA,Approved,,DB00996,C0035258,,,,
TP,almitrine,Chronic Obstructive Airway Disease,승인,NA,Approved,,DB01430,C0024117,,,,
TP,galantamine,Alzheimer's Disease,승인,NA,Approved,,DB00674,C0002395,,,,
TP,ganciclovir,"Keratitis, Dendritic",승인,NA,Approved,,DB01004,C0022570,,,,
TP,ganciclovir,Paroxysmal supraventricular tachycardia,승인,NA,Approved,,DB01004,C0030590,,,,
TP,ganciclovir,Cytomegalovirus Retinitis,승인,NA,Approved,,DB01004,C0206178,,,,
TP,almotriptan,Migraine Disorders,승인,NA,Approved,,DB00918,C0149931,,,,
TP,gatifloxacin,Streptococcal pneumonia,승인,NA,Approved,,DB01044,C0155862,,,,
TP,gatifloxacin,Acute exacerbation of chronic bronchitis,승인,NA,Approved,,DB01044,C0856695,,,,
TP,gatifloxacin,Bacterial urinary infection,승인,NA,Approved,,DB01044,C0729524,,,,
TP,gatifloxacin,Acute bacterial sinusitis,승인,NA,Approved,,DB01044,C0275556,,,,
TP,gatifloxacin,Bacterial conjunctivitis,승인,NA,Approved,,DB01044,C0009768,,,,
TP,gatifloxacin,Urinary tract infection caused by Escherichia coli,승인,NA,Approved,,DB01044,C0577708,,,,
TP,gatifloxacin,Chlamydial pneumonia,승인,NA,Approved,,DB01044,C0339959,,,,
TP,gatifloxacin,Acute gonococcal urethritis,승인,NA,Approved,,DB01044,C0275652,,,,
TP,gatifloxacin,Haemophilus influenzae pneumonia,승인,NA,Approved,,DB01044,C0276026,,,,
TP,gatifloxacin,Staphylococcal Pneumonia,승인,NA,Approved,,DB01044,C0032308,,,,
TP,gatifloxacin,Gonorrhea of rectum,승인,NA,Approved,,DB01044,C0275665,,,,
TP,gatifloxacin,Staphylococcus aureus infection,승인,NA,Approved,,DB01044,C1318973,,,,
TP,gatifloxacin,Acute gonococcal cervicitis,승인,NA,Approved,,DB01044,C0153195,,,,
TP,gatifloxacin,Urinary tract infection caused by Klebsiella,승인,NA,Approved,,DB01044,C4076057,,,,
TP,gatifloxacin,"Pneumonia, Bacterial",승인,NA,Approved,,DB01044,C0004626,,,,
TP,gatifloxacin,Mycoplasma pneumonia,승인,NA,Approved,,DB01044,C0032302,,,,
TP,gatifloxacin,Klebsiella cystitis,승인,NA,Approved,,DB01044,C0520775,,,,
TP,gatifloxacin,Proteus urinary tract infection,승인,NA,Approved,,DB01044,C0577709,,,,
TP,gefitinib,Non-Small Cell Lung Carcinoma,승인,NA,Approved,,DB00317,C0007131,,,,
TP,gefitinib,Epidermal growth factor receptor positive non-small cell lung cancer,승인,NA,Approved,,DB00317,C1960925,,,,
TP,gemcitabine,Non-Small Cell Lung Carcinoma,승인,NA,Approved,,DB00441,C0007131,,,,
TP,gemcitabine,Adenocarcinoma of pancreas,승인,NA,Approved,,DB00441,C0281361,,,,
TP,gemcitabine,Malignant neoplasm of ovary,승인,NA,Approved,,DB00441,C1140680,,,,
TP,gemfibrozil,Hypertriglyceridemia,승인,NA,Approved,,DB01241,C0020557,,,,
TP,gemifloxacin,Pneumonia due to Klebsiella pneumoniae,승인,NA,Approved,,DB01155,C0519030,,,,
TP,gemifloxacin,Acute bacterial bronchitis,승인,NA,Approved,,DB01155,C0339933,,,,
TP,gemifloxacin,Mycoplasma pneumonia,승인,NA,Approved,,DB01155,C0032302,,,,
TP,gemifloxacin,"Pneumonia, Bacterial",승인,NA,Approved,,DB01155,C0004626,,,,
TP,gemifloxacin,Haemophilus influenzae pneumonia,승인,NA,Approved,,DB01155,C0276026,,,,
TP,gemifloxacin,Chlamydial pneumonia,승인,NA,Approved,,DB01155,C0339959,,,,
TP,gemifloxacin,Acute exacerbation of chronic bronchitis,승인,NA,Approved,,DB01155,C0856695,,,,
TP,alosetron,Irritable bowel syndrome with diarrhea,승인,NA,Approved,,DB00969,C0348898,,,,
TP,gimeracil,Malignant neoplasm of stomach,승인,NA,Approved,,DB09257,C0024623,,,,
TP,glibornuride,"Diabetes Mellitus, Non-Insulin-Dependent",승인,NA,Approved,,DB08962,C0011860,,,,
TP,gliclazide,"Diabetes Mellitus, Non-Insulin-Dependent",승인,NA,Approved,,DB01120,C0011860,,,,
TP,alfacalcidol,Renal Osteodystrophy,승인,NA,Approved,,DB01436,C0035086,,,,
TP,alfacalcidol,Hyperparathyroidism,승인,NA,Approved,,DB01436,C0020502,,,,
TP,alfacalcidol,Hypoparathyroidism,승인,NA,Approved,,DB01436,C0020626,,,,
TP,alfacalcidol,Neonatal hypocalcemia,승인,NA,Approved,,DB01436,C0342634,,,,
TP,glimepiride,"Diabetes Mellitus, Non-Insulin-Dependent",승인,NA,Approved,,DB00222,C0011860,,,,
TP,glipizide,"Diabetes Mellitus, Non-Insulin-Dependent",승인,NA,Approved,,DB01067,C0011860,,,,
TP,gliquidone,"Diabetes Mellitus, Non-Insulin-Dependent",승인,NA,Approved,,DB01251,C0011860,,,,
TP,glisoxepide,"Diabetes Mellitus, Non-Insulin-Dependent",승인,NA,Approved,,DB01289,C0011860,,,,
TP,glutamine,Short Bowel Syndrome,승인,NA,Approved,,DB00130,C0036992,,,,
TP,glutethimide,Sleeplessness,승인,NA,Approved,,DB01437,C0917801,,,,
TP,glibenclamide,"Diabetes Mellitus, Non-Insulin-Dependent",승인,NA,Approved,,DB01016,C0011860,,,,
TP,glycerol,Constipation,승인,NA,Approved,,DB09462,C0009806,,,,
TP,sodium glycerophosphate,Hypophosphatemia,승인,NA,Approved,,DB09561,C0085682,,,,
TP,glycine,Rhinorrhea,승인,NA,Approved,,DB00145,C1260880,,,,
TP,glycine,Coughing,승인,NA,Approved,,DB00145,C0010200,,,,
TP,glycine,Nasal congestion (finding),승인,NA,Approved,,DB00145,C0027424,,,,
TP,glycine,Allergic rhinitis (disorder),승인,NA,Approved,,DB00145,C2607914,,,,
TP,glycine,Rhinitis,승인,NA,Approved,,DB00145,C0035455,,,,
TP,glycine,Common Cold,승인,NA,Approved,,DB00145,C0009443,,,,
TP,glymidine,"Diabetes Mellitus, Non-Insulin-Dependent",승인,NA,Approved,,DB01382,C0011860,,,,
TP,goserelin,Hormone receptor positive malignant neoplasm of breast,승인,NA,Approved,,DB00014,C1562029,,,,
TP,goserelin,Endometriosis,승인,NA,Approved,,DB00014,C0014175,,,,
TP,grepafloxacin,Streptococcal pneumonia,승인,NA,Approved,,DB00365,C0155862,,,,
TP,grepafloxacin,Mycoplasma pneumonia,승인,NA,Approved,,DB00365,C0032302,,,,
TP,grepafloxacin,Chlamydial urethritis,승인,NA,Approved,,DB00365,C1278807,,,,
TP,grepafloxacin,Acute gonococcal cervicitis,승인,NA,Approved,,DB00365,C0153195,,,,
TP,grepafloxacin,Acute bacterial bronchitis,승인,NA,Approved,,DB00365,C0339933,,,,
TP,grepafloxacin,Gonorrhea,승인,NA,Approved,,DB00365,C0018081,,,,
TP,grepafloxacin,Haemophilus influenzae pneumonia,승인,NA,Approved,,DB00365,C0276026,,,,
TP,grepafloxacin,Acute Moraxella catarrhalis bronchitis,승인,NA,Approved,,DB00365,C0339932,,,,
TP,griseofulvin,Tinea corporis (disorder),승인,NA,Approved,,DB00400,C0040252,,,,
TP,griseofulvin,Tinea cruris,승인,NA,Approved,,DB00400,C1384589,,,,
TP,griseofulvin,Tinea Capitis,승인,NA,Approved,,DB00400,C0040250,,,,
TP,griseofulvin,Onychomycosis,승인,NA,Approved,,DB00400,C0040261,,,,
TP,griseofulvin,Tinea barbae,승인,NA,Approved,,DB00400,C2349994,,,,
TP,griseofulvin,Tinea Pedis,승인,NA,Approved,,DB00400,C0040259,,,,
TP,guaiacol,Rhinorrhea,승인,NA,Approved,,DB11359,C1260880,,,,
TP,guaiacol,Common Cold,승인,NA,Approved,,DB11359,C0009443,,,,
TP,guaiacol,Coughing,승인,NA,Approved,,DB11359,C0010200,,,,
TP,guaiacol,Nasal congestion (finding),승인,NA,Approved,,DB11359,C0027424,,,,
TP,guaiacol,Rhinitis,승인,NA,Approved,,DB11359,C0035455,,,,
TP,guaifenesin,Headache Disorders,승인,NA,Approved,,DB00874,C0393735,,,,
TP,guaifenesin,Fever,승인,NA,Approved,,DB00874,C0015967,,,,
TP,guaifenesin,Rhinitis,승인,NA,Approved,,DB00874,C0035455,,,,
TP,guaifenesin,Common Cold,승인,NA,Approved,,DB00874,C0009443,,,,
TP,guaifenesin,Influenza-like symptoms,승인,NA,Approved,,DB00874,C0392171,,,,
TP,guaifenesin,Allergic rhinitis (disorder),승인,NA,Approved,,DB00874,C2607914,,,,
TP,guaifenesin,Nasal congestion (finding),승인,NA,Approved,,DB00874,C0027424,,,,
TP,guaifenesin,Rhinorrhea,승인,NA,Approved,,DB00874,C1260880,,,,
TP,guaifenesin,Sinus headache,승인,NA,Approved,,DB00874,C0037195,,,,
TP,guaifenesin,Coughing,승인,NA,Approved,,DB00874,C0010200,,,,
TP,guanadrel,Hypertensive disease,승인,NA,Approved,,DB00226,C0020538,,,,
TP,guanethidine,Hypertensive disease,승인,NA,Approved,,DB01170,C0020538,,,,
TP,guanfacine,Hypertensive disease,승인,NA,Approved,,DB01018,C0020538,,,,
TP,guanfacine,Attention deficit hyperactivity disorder,승인,NA,Approved,,DB01018,C1263846,,,,
TP,guanidine,Lambert-Eaton Myasthenic Syndrome,승인,NA,Approved,,DB00536,C0022972,,,,
TP,halazepam,Anxiety,승인,NA,Approved,,DB00801,C0003467,,,,
TP,ulobetasol propionate,Granuloma Annulare,승인,NA,Approved,,DB00596,C0085074,,,,
TP,ulobetasol propionate,Seborrheic dermatitis,승인,NA,Approved,,DB00596,C0036508,,,,
TP,ulobetasol propionate,Lichen Simplex Chronicus,승인,NA,Approved,,DB00596,C0149922,,,,
TP,ulobetasol propionate,Chronic small plaque psoriasis,승인,NA,Approved,,DB00596,C0406317,,,,
TP,ulobetasol propionate,Psoriasis of scalp,승인,NA,Approved,,DB00596,C0406326,,,,
TP,ulobetasol propionate,Chronic discoid lupus erythematosus,승인,NA,Approved,,DB00596,C0024138,,,,
TP,ulobetasol propionate,"Lymphoma, T-Cell, Cutaneous",승인,NA,Approved,,DB00596,C0079773,,,,
TP,ulobetasol propionate,"Dermatitis, Atopic",승인,NA,Approved,,DB00596,C0011615,,,,
TP,ulobetasol propionate,Pruritus of genital organs,승인,NA,Approved,,DB00596,C0033777,,,,
TP,ulobetasol propionate,Contact Dermatitis,승인,NA,Approved,,DB00596,C0011616,,,,
TP,ulobetasol propionate,Exanthema,승인,NA,Approved,,DB00596,C0015230,,,,
TP,ulobetasol propionate,Pruritus Ani,승인,NA,Approved,,DB00596,C0033775,,,,
TP,halofantrine,"Malaria, Vivax",승인,NA,Approved,,DB01218,C0024537,,,,
TP,halofantrine,"Malaria, Falciparum",승인,NA,Approved,,DB01218,C0024535,,,,
TP,haloperidol,Gilles de la Tourette syndrome,승인,NA,Approved,,DB00502,C0040517,,,,
TP,haloperidol,Schizophrenia,승인,NA,Approved,,DB00502,C0036341,,,,
TP,haloperidol,Psychotic Disorders,승인,NA,Approved,,DB00502,C0033975,,,,
TP,haloperidol,Chronic schizophrenia,승인,NA,Approved,,DB00502,C0221765,,,,
TP,haloprogin,Tinea cruris,승인,NA,Approved,,DB00793,C1384589,,,,
TP,haloprogin,Tinea corporis (disorder),승인,NA,Approved,,DB00793,C0040252,,,,
TP,haloprogin,Tinea Pedis,승인,NA,Approved,,DB00793,C0040259,,,,
TP,alprazolam,Anxiety,승인,NA,Approved,,DB00404,C0003467,,,,
TP,alprazolam,Mixed anxiety and depressive disorder,승인,NA,Approved,,DB00404,C0338908,,,,
TP,alprazolam,Generalized Anxiety Disorder,승인,NA,Approved,,DB00404,C0270549,,,,
TP,alprazolam,Panic Disorder,승인,NA,Approved,,DB00404,C0030319,,,,
TP,histamine,"Leukemia, Myelocytic, Acute",승인,NA,Approved,,DB05381,C0023467,,,,
TP,histamine,Degenerative polyarthritis,승인,NA,Approved,,DB05381,C0029408,,,,
TP,homatropine,Coughing,승인,NA,Approved,,DB11181,C0010200,,,,
TP,homatropine,Cycloplegia,승인,NA,Approved,,DB11181,C0235238,,,,
TP,homatropine,Peptic Ulcer,승인,NA,Approved,,DB11181,C0030920,,,,
TP,homatropine,Biliary Tract Diseases,승인,NA,Approved,,DB11181,C0005424,,,,
TP,homatropine,Uveitis,승인,NA,Approved,,DB11181,C0042164,,,,
TP,homatropine,Constipation,승인,NA,Approved,,DB11181,C0009806,,,,
TP,homatropine,Incomplete passage of stool,승인,NA,Approved,,DB11181,C0426639,,,,
TP,homatropine,Irritable Bowel Syndrome,승인,NA,Approved,,DB11181,C0022104,,,,
TP,alprostadil,Congenital atresia of pulmonary valve,승인,NA,Approved,,DB00770,C0242855,,,,
TP,alprostadil,Tricuspid Atresia,승인,NA,Approved,,DB00770,C0243002,,,,
TP,alprostadil,Aortic coarctation,승인,NA,Approved,,DB00770,C0003492,,,,
TP,alprostadil,Tetralogy of Fallot,승인,NA,Approved,,DB00770,C0039685,,,,
TP,alprostadil,Erectile dysfunction,승인,NA,Approved,,DB00770,C0242350,,,,
TP,methylhomatropine,Coughing,승인,NA,Approved,,DB00725,C0010200,,,,
TP,methylhomatropine,Irritable Bowel Syndrome,승인,NA,Approved,,DB00725,C0022104,,,,
TP,methylhomatropine,Peptic Ulcer,승인,NA,Approved,,DB00725,C0030920,,,,
TP,hydralazine,Chronic heart failure,승인,NA,Approved,,DB01275,C0264716,,,,
TP,hydralazine,Hypertensive disease,승인,NA,Approved,,DB01275,C0020538,,,,
TP,hydrochlorothiazide,Hypertensive urgency,승인,NA,Approved,,DB00999,C0745138,,,,
TP,hydrochlorothiazide,Hypertensive disease,승인,NA,Approved,,DB00999,C0020538,,,,
TP,hydrochlorothiazide,Edema,승인,NA,Approved,,DB00999,C0013604,,,,
TP,hydrochlorothiazide,Chronic heart failure,승인,NA,Approved,,DB00999,C0264716,,,,
TP,hydrocodone,Rhinorrhea,승인,NA,Approved,,DB00956,C1260880,,,,
TP,hydrocodone,Nasal congestion (finding),승인,NA,Approved,,DB00956,C0027424,,,,
TP,hydrocodone,Coughing,승인,NA,Approved,,DB00956,C0010200,,,,
TP,hydrocodone,Rhinitis,승인,NA,Approved,,DB00956,C0035455,,,,
TP,hydrocodone,Pain,승인,NA,Approved,,DB00956,C0030193,,,,
TP,hydrocodone,Allergic rhinitis (disorder),승인,NA,Approved,,DB00956,C2607914,,,,
TP,hydrocodone,Common Cold,승인,NA,Approved,,DB00956,C0009443,,,,
TP,hydrocortisone,Blepharoconjunctivitis,승인,NA,Approved,,DB00741,C0005743,,,,
TP,hydrocortisone,Bacterial keratitis,승인,NA,Approved,,DB00741,C0854211,,,,
TP,hydrocortisone,Uveitis,승인,NA,Approved,,DB00741,C0042164,,,,
TP,hydrocortisone,Cerebral Edema,승인,NA,Approved,,DB00741,C0006114,,,,
TP,hydrocortisone,Rheumatic Heart Disease,승인,NA,Approved,,DB00741,C0035439,,,,
TP,hydrocortisone,Laryngeal Edema,승인,NA,Approved,,DB00741,C0023052,,,,
TP,hydrocortisone,Nephrotic Syndrome,승인,NA,Approved,,DB00741,C0027726,,,,
TP,hydrocortisone,Recurrent herpes simplex labialis,승인,NA,Approved,,DB00741,C1274321,,,,
TP,hydrocortisone,Corneal Abrasions,승인,NA,Approved,,DB00741,C0010032,,,,
TP,hydrocortisone,Crohn Disease,승인,NA,Approved,,DB00741,C0010346,,,,
TP,hydrocortisone,Proctitis,승인,NA,Approved,,DB00741,C0033246,,,,
TP,hydrocortisone,Lichen Simplex Chronicus,승인,NA,Approved,,DB00741,C0149922,,,,
TP,hydrocortisone,"Lupus Erythematosus, Systemic",승인,NA,Approved,,DB00741,C0024141,,,,
TP,hydrocortisone,Rheumatoid Arthritis,승인,NA,Approved,,DB00741,C0003873,,,,
TP,hydrocortisone,Transplanted organ rejection,승인,NA,Approved,,DB00741,C0345468,,,,
TP,hydrocortisone,Inflammatory Bowel Diseases,승인,NA,Approved,,DB00741,C0021390,,,,
TP,hydrocortisone,Keratitis,승인,NA,Approved,,DB00741,C0022568,,,,
TP,hydrocortisone,Infective blepharitis,승인,NA,Approved,,DB00741,C0729587,,,,
TP,hydrocortisone,Exanthema,승인,NA,Approved,,DB00741,C0015230,,,,
TP,hydrocortisone,Synovitis,승인,NA,Approved,,DB00741,C0039103,,,,
TP,hydrocortisone,Herpes zoster keratitis,승인,NA,Approved,,DB00741,C1275687,,,,
TP,hydrocortisone,Aphthous Stomatitis,승인,NA,Approved,,DB00741,C0038363,,,,
TP,hydrocortisone,Angioedema,승인,NA,Approved,,DB00741,C0002994,,,,
TP,hydrocortisone,Humoral hypercalcemia of malignancy (disorder),승인,NA,Approved,,DB00741,C0149911,,,,
TP,hydrocortisone,Corneal Ulcer,승인,NA,Approved,,DB00741,C0010043,,,,
TP,hydrocortisone,"Anemia, Diamond-Blackfan",승인,NA,Approved,,DB00741,C1260899,,,,
TP,hydrocortisone,Multiple Sclerosis,승인,NA,Approved,,DB00741,C0026769,,,,
TP,hydrocortisone,Psoriasis,승인,NA,Approved,,DB00741,C0033860,,,,
TP,hydrocortisone,Aspiration pneumonitis,승인,NA,Approved,,DB00741,C1761609,,,,
TP,hydrocortisone,Adrenogenital disorder,승인,NA,Approved,,DB00741,C0701163,,,,
TP,hydrocortisone,Iridocyclitis,승인,NA,Approved,,DB00741,C0022073,,,,
TP,hydrocortisone,Chronic discoid lupus erythematosus,승인,NA,Approved,,DB00741,C0024138,,,,
TP,hydrocortisone,Pemphigus,승인,NA,Approved,,DB00741,C0030807,,,,
TP,hydrocortisone,Dermatitis Herpetiformis,승인,NA,Approved,,DB00741,C0011608,,,,
TP,hydrocortisone,Tenosynovitis,승인,NA,Approved,,DB00741,C0039520,,,,
TP,hydrocortisone,Acne Vulgaris,승인,NA,Approved,,DB00741,C0001144,,,,
TP,hydrocortisone,Trichinellosis,승인,NA,Approved,,DB00741,C0040896,,,,
TP,hydrocortisone,Acute lymphocytic leukemia,승인,NA,Approved,,DB00741,C0023449,,,,
TP,hydrocortisone,Tinea Pedis,승인,NA,Approved,,DB00741,C0040259,,,,
TP,hydrocortisone,Malignant otitis externa due to Pseudomonas aeruginosa,승인,NA,Approved,,DB00741,C0395818,,,,
TP,hydrocortisone,Allergic Conjunctivitis,승인,NA,Approved,,DB00741,C0009766,,,,
TP,hydrocortisone,Seborrheic dermatitis,승인,NA,Approved,,DB00741,C0036508,,,,
TP,hydrocortisone,Rosacea,승인,NA,Approved,,DB00741,C0035854,,,,
TP,hydrocortisone,Granuloma Annulare,승인,NA,Approved,,DB00741,C0085074,,,,
TP,hydrocortisone,Serum Sickness,승인,NA,Approved,,DB00741,C0036830,,,,
TP,hydrocortisone,Hodgkin Disease,승인,NA,Approved,,DB00741,C0019829,,,,
TP,hydrocortisone,Infective otitis externa,승인,NA,Approved,,DB00741,C0021355,,,,
TP,hydrocortisone,Exfoliative dermatitis,승인,NA,Approved,,DB00741,C0011606,,,,
TP,hydrocortisone,Acquired thrombocytopenia,승인,NA,Approved,,DB00741,C0154301,,,,
TP,hydrocortisone,Simple Pulmonary Eosinophilia,승인,NA,Approved,,DB00741,C0242459,,,,
TP,hydrocortisone,Thyroiditis,승인,NA,Approved,,DB00741,C0040147,,,,
TP,hydrocortisone,Pruritus Ani,승인,NA,Approved,,DB00741,C0033775,,,,
TP,hydrocortisone,"Dermatitis, Atopic",승인,NA,Approved,,DB00741,C0011615,,,,
TP,hydrocortisone,Bursitis,승인,NA,Approved,,DB00741,C0006444,,,,
TP,hydrocortisone,Chronic small plaque psoriasis,승인,NA,Approved,,DB00741,C0406317,,,,
TP,hydrocortisone,Asthma,승인,NA,Approved,,DB00741,C0004096,,,,
TP,hydrocortisone,Erythema Multiforme,승인,NA,Approved,,DB00741,C0014742,,,,
TP,hydrocortisone,"Arthritis, Gouty",승인,NA,Approved,,DB00741,C0003868,,,,
TP,hydrocortisone,Congenital adrenal hyperplasia,승인,NA,Approved,,DB00741,C0001627,,,,
TP,hydrocortisone,Tinea cruris,승인,NA,Approved,,DB00741,C1384589,,,,
TP,hydrocortisone,Itching of ear,승인,NA,Approved,,DB00741,C0849907,,,,
TP,hydrocortisone,Hemorrhoids,승인,NA,Approved,,DB00741,C0019112,,,,
TP,hydrocortisone,"Arthritis, Psoriatic",승인,NA,Approved,,DB00741,C0003872,,,,
TP,hydrocortisone,Addisonian crisis,승인,NA,Approved,,DB00741,C0151467,,,,
TP,hydrocortisone,Pruritus of genital organs,승인,NA,Approved,,DB00741,C0033777,,,,
TP,hydrocortisone,Adrenal cortical hypofunction,승인,NA,Approved,,DB00741,C0405580,,,,
TP,hydrocortisone,"Lymphoma, T-Cell, Cutaneous",승인,NA,Approved,,DB00741,C0079773,,,,
TP,hydrocortisone,Iritis,승인,NA,Approved,,DB00741,C0022081,,,,
TP,hydrocortisone,Tinea corporis (disorder),승인,NA,Approved,,DB00741,C0040252,,,,
TP,hydrocortisone,Post traumatic osteoarthritis,승인,NA,Approved,,DB00741,C2894027,,,,
TP,hydrocortisone,Cyclitis,승인,NA,Approved,,DB00741,C0010543,,,,
TP,hydrocortisone,Psoriasis of scalp,승인,NA,Approved,,DB00741,C0406326,,,,
TP,hydrocortisone,Addison Disease,승인,NA,Approved,,DB00741,C0001403,,,,
TP,hydrocortisone,Mycosis Fungoides,승인,NA,Approved,,DB00741,C0026948,,,,
TP,hydrocortisone,Inflammatory dermatosis,승인,NA,Approved,,DB00741,C3875321,,,,
TP,hydrocortisone,Allergic rhinitis (disorder),승인,NA,Approved,,DB00741,C2607914,,,,
TP,hydrocortisone,Autoimmune Diseases,승인,NA,Approved,,DB00741,C0004364,,,,
TP,hydrocortisone,Chronic ulcerative proctitis,승인,NA,Approved,,DB00741,C2937222,,,,
TP,hydrocortisone,Contact Dermatitis,승인,NA,Approved,,DB00741,C0011616,,,,
TP,hydrocortisone,Otitis Externa,승인,NA,Approved,,DB00741,C0029878,,,,
TP,hydrocortisone,Ulcerative Colitis,승인,NA,Approved,,DB00741,C0009324,,,,
TP,hydrocortisone,Tendinitis,승인,NA,Approved,,DB00741,C0039503,,,,
TP,hydrocortisone,Autoimmune hemolytic anemia,승인,NA,Approved,,DB00741,C0002880,,,,
TP,hydrocortisone,Disorder of eye,승인,NA,Approved,,DB00741,C0015397,,,,
TP,hydrocortisone,Sarcoidosis,승인,NA,Approved,,DB00741,C0036202,,,,
TP,hydrocortisone,Berylliosis,승인,NA,Approved,,DB00741,C0005138,,,,
TP,hydrocortisone,Musculoskeletal Diseases,승인,NA,Approved,,DB00741,C0026857,,,,
TP,hydrocortisone,Ankylosing spondylitis,승인,NA,Approved,,DB00741,C0038013,,,,
TP,hydrocortisone,Punctate keratopathy,승인,NA,Approved,,DB00741,C0423234,,,,
TP,hydroflumethiazide,Hypertensive disease,승인,NA,Approved,,DB00774,C0020538,,,,
TP,hydroflumethiazide,Edema,승인,NA,Approved,,DB00774,C0013604,,,,
TP,hydromorphone,Common Cold,승인,NA,Approved,,DB00327,C0009443,,,,
TP,hydromorphone,Coughing,승인,NA,Approved,,DB00327,C0010200,,,,
TP,hydromorphone,"Postoperative Pain, Acute",승인,NA,Approved,,DB00327,C2215257,,,,
TP,hydromorphone,Pain,승인,NA,Approved,,DB00327,C0030193,,,,
TP,hydromorphone,Severe pain,승인,NA,Approved,,DB00327,C0278140,,,,
TP,hydroxyamfetamine,Mydriasis,승인,NA,Approved,,DB09352,C0026961,,,,
TP,hydroxychloroquine,"Malaria, Vivax",승인,NA,Approved,,DB01611,C0024537,,,,
TP,hydroxychloroquine,"Lupus Erythematosus, Systemic",승인,NA,Approved,,DB01611,C0024141,,,,
TP,hydroxychloroquine,Ovale malaria,승인,NA,Approved,,DB01611,C0152072,,,,
TP,hydroxychloroquine,Rheumatoid Arthritis,승인,NA,Approved,,DB01611,C0003873,,,,
TP,hydroxychloroquine,Chronic discoid lupus erythematosus,승인,NA,Approved,,DB01611,C0024138,,,,
TP,hydroxychloroquine,Quartan malaria,승인,NA,Approved,,DB01611,C0024536,,,,
TP,hydroxychloroquine,"Malaria, Falciparum",승인,NA,Approved,,DB01611,C0024535,,,,
TP,hydroxycarbamide,Malignant Head and Neck Neoplasm,승인,NA,Approved,,DB01005,C0278996,,,,
TP,hydroxycarbamide,Hemoglobin SS disease with crisis,승인,NA,Approved,,DB01005,C0238425,,,,
TP,hydroxycarbamide,"Myeloid Leukemia, Chronic",승인,NA,Approved,,DB01005,C0023473,,,,
TP,hydroxycarbamide,Malignant neoplasm of ovary,승인,NA,Approved,,DB01005,C1140680,,,,
TP,hydroxycarbamide,"Anemia, Sickle Cell",승인,NA,Approved,,DB01005,C0002895,,,,
TP,hydroxycarbamide,melanoma,승인,NA,Approved,,DB01005,C0025202,,,,
TP,hydroxyzine,Allergic Conjunctivitis,승인,NA,Approved,,DB00557,C0009766,,,,
TP,hydroxyzine,Rhinorrhea,승인,NA,Approved,,DB00557,C1260880,,,,
TP,hydroxyzine,Urticaria,승인,NA,Approved,,DB00557,C0042109,,,,
TP,hydroxyzine,Dermatographic urticaria,승인,NA,Approved,,DB00557,C0343065,,,,
TP,hydroxyzine,Pruritus,승인,NA,Approved,,DB00557,C0033774,,,,
TP,hydroxyzine,"Dermatitis, Atopic",승인,NA,Approved,,DB00557,C0011615,,,,
TP,hydroxyzine,Allergic rhinitis (disorder),승인,NA,Approved,,DB00557,C2607914,,,,
TP,hyoscyamine,Peptic Ulcer,승인,NA,Approved,,DB00424,C0030920,,,,
TP,hyoscyamine,Sinus bradycardia,승인,NA,Approved,,DB00424,C0085610,,,,
TP,hyoscyamine,Sialorrhea,승인,NA,Approved,,DB00424,C0037036,,,,
TP,hyoscyamine,Dysuria,승인,NA,Approved,,DB00424,C0013428,,,,
TP,ibandronic acid,Hypercalcemia,승인,NA,Approved,,DB00710,C0020437,,,,
TP,ibandronic acid,"Osteoporosis, Postmenopausal",승인,NA,Approved,,DB00710,C0029458,,,,
TP,ibopamine,Heart failure,승인,NA,Approved,,DB13316,C0018801,,,,
TP,ibudilast,Asthma,승인,NA,Approved,,DB05266,C0004096,,,,
TP,altretamine,Malignant neoplasm of ovary,승인,NA,Approved,,DB00488,C1140680,,,,
TP,icosapent ethyl,Hypertriglyceridemia,승인,NA,Approved,,DB08887,C0020557,,,,
TP,icosapent ethyl,Hyperlipidemia,승인,NA,Approved,,DB08887,C0020473,,,,
TP,idarubicin,"Leukemia, Myelocytic, Acute",승인,NA,Approved,,DB01177,C0023467,,,,
TP,idarubicin,Acute Promyelocytic Leukemia,승인,NA,Approved,,DB01177,C0023487,,,,
TP,idebenone,"Optic Atrophy, Hereditary, Leber",승인,NA,Approved,,DB09081,C0917796,,,,
TP,idoxuridine,"Keratitis, Herpetic",승인,NA,Approved,,DB00249,C0019357,,,,
TP,iloprost,Pulmonary arterial hypertension,승인,NA,Approved,,DB01088,C2973725,,,,
TP,imatinib,"Mastocytosis, Systemic",승인,NA,Approved,,DB00619,C0221013,,,,
TP,imatinib,"Leukemia, Myeloid, Chronic-Phase",승인,NA,Approved,,DB00619,C0023474,,,,
TP,imatinib,Blast Phase,승인,NA,Approved,,DB00619,C0005699,,,,
TP,imatinib,Philadelphia chromosome positive chronic myelogenous leukemia,승인,NA,Approved,,DB00619,C0279543,,,,
TP,imatinib,Chronic eosinophilic leukemia,승인,NA,Approved,,DB00619,C0346421,,,,
TP,imatinib,Myeloid and/or lymphoid neoplasm associated with platelet derived growth factor receptor alpha rearrangement,승인,NA,Approved,,DB00619,C4545381,,,,
TP,imatinib,Dermatofibrosarcoma Protuberans,승인,NA,Approved,,DB00619,C0392784,,,,
TP,imatinib,Idiopathic Hypereosinophilic Syndrome,승인,NA,Approved,,DB00619,C0206141,,,,
TP,imatinib,Gastrointestinal Stromal Tumors,승인,NA,Approved,,DB00619,C0238198,,,,
TP,imidapril,Hypertensive disease,승인,NA,Approved,,DB11783,C0020538,,,,
TP,imipenem,Streptococcal pneumonia,승인,NA,Approved,,DB01598,C0155862,,,,
TP,imipenem,Pneumonia due to Escherichia coli,승인,NA,Approved,,DB01598,C0276089,,,,
TP,imipenem,Endometritis,승인,NA,Approved,,DB01598,C0014179,,,,
TP,imipenem,Bacterial Endocarditis,승인,NA,Approved,,DB01598,C0014121,,,,
TP,imipenem,Bacterial urinary infection,승인,NA,Approved,,DB01598,C0729524,,,,
TP,imipenem,Abdominal Infection,승인,NA,Approved,,DB01598,C1112209,,,,
TP,imipenem,Bacterial infection due to Klebsiella pneumoniae,승인,NA,Approved,,DB01598,C0343402,,,,
TP,imipenem,Arthropathy associated with infection,승인,NA,Approved,,DB01598,C0157749,,,,
TP,imipenem,Abdominal Abscess,승인,NA,Approved,,DB01598,C0243001,,,,
TP,imipenem,Lower respiratory tract infection,승인,NA,Approved,,DB01598,C0149725,,,,
TP,imipenem,Female genital tract infection,승인,NA,Approved,,DB01598,C1263758,,,,
TP,imipenem,"Pneumonia, Bacterial",승인,NA,Approved,,DB01598,C0004626,,,,
TP,imipenem,Bacterial sepsis,승인,NA,Approved,,DB01598,C0684256,,,,
TP,imipenem,Infection of bone,승인,NA,Approved,,DB01598,C2242472,,,,
TP,imipenem,Haemophilus influenzae pneumonia,승인,NA,Approved,,DB01598,C0276026,,,,
TP,imipenem,Peritonitis,승인,NA,Approved,,DB01598,C0031154,,,,
TP,imipenem,Acute exacerbation of chronic bronchitis,승인,NA,Approved,,DB01598,C0856695,,,,
TP,imipenem,Infection caused by Citrobacter,승인,NA,Approved,,DB01598,C0948204,,,,
TP,imipenem,Infection due to enterococcus,승인,NA,Approved,,DB01598,C1320183,,,,
TP,imipenem,Acinetobacter Infections,승인,NA,Approved,,DB01598,C0001139,,,,
TP,imipramine,Depressive disorder,승인,NA,Approved,,DB00458,C0011581,,,,
TP,imipramine,Bedwetting,승인,NA,Approved,,DB00458,C0270327,,,,
TP,imiquimod,wartlike skin lesion,승인,NA,Approved,,DB00724,C0043037,,,,
TP,imiquimod,Condylomata Acuminata,승인,NA,Approved,,DB00724,C0009663,,,,
TP,imiquimod,Superficial basal cell carcinoma,승인,NA,Approved,,DB00724,C0862889,,,,
TP,imiquimod,Actinic keratosis,승인,NA,Approved,,DB00724,C0022602,,,,
TP,alvimopan,Postoperative ileus,승인,NA,Approved,,DB06274,C0400877,,,,
TP,imolamine,Angina Pectoris,승인,NA,Approved,,DB09284,C0002962,,,,
TP,incadronic acid,Osteoporosis,승인,NA,Approved,,DB06255,C0029456,,,,
TP,incadronic acid,Humoral hypercalcemia of malignancy (disorder),승인,NA,Approved,,DB06255,C0149911,,,,
TP,indapamide,Hypertensive disease,승인,NA,Approved,,DB00808,C0020538,,,,
TP,indapamide,Edema,승인,NA,Approved,,DB00808,C0013604,,,,
TP,indinavir,HIV Infections,승인,NA,Approved,,DB00224,C0019693,,,,
TP,amantadine,Extrapyramidal Disorders,승인,NA,Approved,,DB00915,C0015371,,,,
TP,amantadine,Parkinson Disease,승인,NA,Approved,,DB00915,C0030567,,,,
TP,amantadine,Parkinsonian Disorders,승인,NA,Approved,,DB00915,C0242422,,,,
TP,amantadine,Influenza due to Influenza A virus,승인,NA,Approved,,DB00915,C2711180,,,,
TP,amantadine,"Parkinson Disease, Postencephalitic",승인,NA,Approved,,DB00915,C0030568,,,,
TP,indomethacin,Tenosynovitis,승인,NA,Approved,,DB00328,C0039520,,,,
TP,indomethacin,Bursitis,승인,NA,Approved,,DB00328,C0006444,,,,
TP,indomethacin,shoulder bursitis,승인,NA,Approved,,DB00328,C0262399,,,,
TP,indomethacin,Rheumatoid Arthritis,승인,NA,Approved,,DB00328,C0003873,,,,
TP,indomethacin,Ankylosing spondylitis,승인,NA,Approved,,DB00328,C0038013,,,,
TP,indomethacin,Patent ductus arteriosus,승인,NA,Approved,,DB00328,C0013274,,,,
TP,indomethacin,Synovitis,승인,NA,Approved,,DB00328,C0039103,,,,
TP,indomethacin,Degenerative polyarthritis,승인,NA,Approved,,DB00328,C0029408,,,,
TP,indomethacin,Tendinitis,승인,NA,Approved,,DB00328,C0039503,,,,
TP,indomethacin,Gout,승인,NA,Approved,,DB00328,C0018099,,,,
TP,inositol,Pellagra,승인,NA,Approved,,DB13178,C0030783,,,,
TP,inositol,Hypoalphalipoproteinemias,승인,NA,Approved,,DB13178,C0473527,,,,
TP,inositol,"Hyperlipidemia, Familial Combined",승인,NA,Approved,,DB13178,C0020474,,,,
TP,inositol,Hypertriglyceridemia,승인,NA,Approved,,DB13178,C0020557,,,,
TP,inositol,Hypercholesterolemia,승인,NA,Approved,,DB13178,C0020443,,,,
TP,inositol nicotinate,Pellagra,승인,NA,Approved,,DB08949,C0030783,,,,
TP,diiodohydroxyquinoline,Amebiasis,승인,NA,Approved,,DB09115,C0002438,,,,
TP,ambenonium,Myasthenia Gravis,승인,NA,Approved,,DB01122,C0026896,,,,
TP,ambroxol,Sore Throat,승인,NA,Approved,,DB06742,C0242429,,,,
TP,ipratropium,Bronchospasm,승인,NA,Approved,,DB00332,C0006266,,,,
TP,ipratropium,Rhinorrhea,승인,NA,Approved,,DB00332,C1260880,,,,
TP,ipratropium,Allergic rhinitis (disorder),승인,NA,Approved,,DB00332,C2607914,,,,
TP,ipratropium,Chronic Obstructive Airway Disease,승인,NA,Approved,,DB00332,C0024117,,,,
TP,ipratropium,Pulmonary Emphysema,승인,NA,Approved,,DB00332,C0034067,,,,
TP,ipratropium,Bronchitis,승인,NA,Approved,,DB00332,C0006277,,,,
TP,ipriflavone,"Osteoporosis, Postmenopausal",승인,NA,Approved,,DB13618,C0029458,,,,
TP,iproclozide,Depressive disorder,승인,NA,Approved,,DB09247,C0011581,,,,
TP,iproniazid,Depressive disorder,승인,NA,Approved,,DB04818,C0011581,,,,
TP,irbesartan,Hypertensive disease,승인,NA,Approved,,DB01029,C0020538,,,,
TP,irbesartan,Diabetic Nephropathy,승인,NA,Approved,,DB01029,C0011881,,,,
TP,irinotecan,metastasis from malignant neoplasm of colon,승인,NA,Approved,,DB00762,C1282500,,,,
TP,irinotecan,Metastatic malignant neoplasm to pancreas,승인,NA,Approved,,DB00762,C0346976,,,,
TP,irinotecan,Adenocarcinoma of pancreas,승인,NA,Approved,,DB00762,C0281361,,,,
TP,isocarboxazid,Major Depressive Disorder,승인,NA,Approved,,DB01247,C1269683,,,,
TP,isoniazid,Acute tuberculosis,승인,NA,Approved,,DB00951,C0275959,,,,
TP,isoniazid,"Tuberculosis, Pulmonary",승인,NA,Approved,,DB00951,C0041327,,,,
TP,isoprenaline,Common Cold,승인,NA,Approved,,DB01064,C0009443,,,,
TP,isoprenaline,Low Cardiac Output Syndrome,승인,NA,Approved,,DB01064,C0600177,,,,
TP,isoprenaline,Atrioventricular Block,승인,NA,Approved,,DB01064,C0004245,,,,
TP,isoprenaline,Hypovolemic Shock,승인,NA,Approved,,DB01064,C0020683,,,,
TP,isoprenaline,Cardiac Arrest,승인,NA,Approved,,DB01064,C0018790,,,,
TP,amcinonide,Granuloma Annulare,승인,NA,Approved,,DB00288,C0085074,,,,
TP,amcinonide,Contact Dermatitis,승인,NA,Approved,,DB00288,C0011616,,,,
TP,amcinonide,Pruritus Ani,승인,NA,Approved,,DB00288,C0033775,,,,
TP,amcinonide,"Lymphoma, T-Cell, Cutaneous",승인,NA,Approved,,DB00288,C0079773,,,,
TP,amcinonide,Psoriasis of scalp,승인,NA,Approved,,DB00288,C0406326,,,,
TP,amcinonide,Lichen Simplex Chronicus,승인,NA,Approved,,DB00288,C0149922,,,,
TP,amcinonide,Chronic small plaque psoriasis,승인,NA,Approved,,DB00288,C0406317,,,,
TP,amcinonide,Pruritus of genital organs,승인,NA,Approved,,DB00288,C0033777,,,,
TP,amcinonide,"Dermatitis, Atopic",승인,NA,Approved,,DB00288,C0011615,,,,
TP,amcinonide,Exanthema,승인,NA,Approved,,DB00288,C0015230,,,,
TP,amcinonide,Chronic discoid lupus erythematosus,승인,NA,Approved,,DB00288,C0024138,,,,
TP,amcinonide,Seborrheic dermatitis,승인,NA,Approved,,DB00288,C0036508,,,,
TP,isopropamide,Peptic Ulcer,승인,NA,Approved,,DB01625,C0030920,,,,
TP,isosorbide,Ocular Hypertension,승인,NA,Approved,,DB09401,C0028840,,,,
TP,isosorbide dinitrate,Chronic heart failure,승인,NA,Approved,,DB00883,C0264716,,,,
TP,isosorbide dinitrate,Angina Pectoris,승인,NA,Approved,,DB00883,C0002962,,,,
TP,isosorbide mononitrate,Angina Pectoris,승인,NA,Approved,,DB01020,C0002962,,,,
TP,isotretinoin,Hypertensive disease,승인,NA,Approved,,DB00982,C0020538,,,,
TP,isoxsuprine,Raynaud Disease,승인,NA,Approved,,DB08941,C0034734,,,,
TP,isoxsuprine,Vascular Diseases,승인,NA,Approved,,DB08941,C0042373,,,,
TP,isoxsuprine,Cerebrovascular Disorders,승인,NA,Approved,,DB08941,C0007820,,,,
TP,isradipine,Hypertensive disease,승인,NA,Approved,,DB00270,C0020538,,,,
TP,itopride,Chronic gastritis,승인,NA,Approved,,DB04924,C0085695,,,,
TP,itraconazole,Candidemia,승인,NA,Approved,,DB01167,C0877445,,,,
TP,itraconazole,onychomycosis of fingernail,승인,NA,Approved,,DB01167,C1274469,,,,
TP,itraconazole,Systemic candidiasis,승인,NA,Approved,,DB01167,C0153252,,,,
TP,itraconazole,Candidiasis of the esophagus,승인,NA,Approved,,DB01167,C0239295,,,,
TP,itraconazole,Onychomycosis of toenails,승인,NA,Approved,,DB01167,C1274470,,,,
TP,itraconazole,Fusariosis,승인,NA,Approved,,DB01167,C0276758,,,,
TP,itraconazole,Aspergillosis,승인,NA,Approved,,DB01167,C0004030,,,,
TP,itraconazole,Invasive Pulmonary Aspergillosis,승인,NA,Approved,,DB01167,C0276653,,,,
TP,itraconazole,Blastomycosis,승인,NA,Approved,,DB01167,C0005716,,,,
TP,itraconazole,Histoplasmosis,승인,NA,Approved,,DB01167,C0019655,,,,
TP,ixabepilone,Breast Carcinoma,승인,NA,Approved,,DB04845,C0678222,,,,
TP,kanamycin,Infection of bone,승인,NA,Approved,,DB01172,C2242472,,,,
TP,kanamycin,"Pneumonia, Bacterial",승인,NA,Approved,,DB01172,C0004626,,,,
TP,kanamycin,Meningitis,승인,NA,Approved,,DB01172,C0025289,,,,
TP,kanamycin,Urinary tract infection,승인,NA,Approved,,DB01172,C0042029,,,,
TP,kanamycin,Abdominal Infection,승인,NA,Approved,,DB01172,C1112209,,,,
TP,kanamycin,Arthropathy associated with infection,승인,NA,Approved,,DB01172,C0157749,,,,
TP,kanamycin,Bacterial sepsis,승인,NA,Approved,,DB01172,C0684256,,,,
TP,kanamycin,Cholangitis,승인,NA,Approved,,DB01172,C0008311,,,,
TP,ketanserin,Hypertensive disease,승인,NA,Approved,,DB12465,C0020538,,,,
TP,ketoconazole,Oral candidiasis,승인,NA,Approved,,DB01026,C0006849,,,,
TP,ketoconazole,Scurfiness of scalp,승인,NA,Approved,,DB01026,C0423775,,,,
TP,ketoconazole,Seborrheic dermatitis,승인,NA,Approved,,DB01026,C0036508,,,,
TP,ketoconazole,Coccidioidomycosis,승인,NA,Approved,,DB01026,C0009186,,,,
TP,ketoconazole,Chromoblastomycosis,승인,NA,Approved,,DB01026,C0008582,,,,
TP,ketoconazole,Histoplasmosis,승인,NA,Approved,,DB01026,C0019655,,,,
TP,ketoconazole,Tinea Versicolor,승인,NA,Approved,,DB01026,C0040262,,,,
TP,ketoconazole,Paracoccidioidomycosis,승인,NA,Approved,,DB01026,C0030409,,,,
TP,ketoconazole,Systemic candidiasis,승인,NA,Approved,,DB01026,C0153252,,,,
TP,ketoconazole,Tinea cruris,승인,NA,Approved,,DB01026,C1384589,,,,
TP,ketoconazole,Cutaneous Candidiasis,승인,NA,Approved,,DB01026,C0006846,,,,
TP,ketoconazole,Tinea corporis (disorder),승인,NA,Approved,,DB01026,C0040252,,,,
TP,ketoconazole,Blastomycosis,승인,NA,Approved,,DB01026,C0005716,,,,
TP,ketoconazole,Tinea Pedis,승인,NA,Approved,,DB01026,C0040259,,,,
TP,ketoconazole,Adrenal Gland Hyperfunction,승인,NA,Approved,,DB01026,C0001622,,,,
TP,ketoprofen,Degenerative polyarthritis,승인,NA,Approved,,DB01009,C0029408,,,,
TP,ketoprofen,Pain,승인,NA,Approved,,DB01009,C0030193,,,,
TP,ketoprofen,Dysmenorrhea,승인,NA,Approved,,DB01009,C0013390,,,,
TP,ketoprofen,Rheumatoid Arthritis,승인,NA,Approved,,DB01009,C0003873,,,,
TP,ketorolac,"Postoperative Pain, Acute",승인,NA,Approved,,DB00465,C2215257,,,,
TP,ketorolac,Allergic Conjunctivitis,승인,NA,Approved,,DB00465,C0009766,,,,
TP,ketorolac,Severe pain,승인,NA,Approved,,DB00465,C0278140,,,,
TP,ketotifen,Allergic Conjunctivitis,승인,NA,Approved,,DB00920,C0009766,,,,
TP,labetalol,Hypertensive disease,승인,NA,Approved,,DB00598,C0020538,,,,
TP,lactic acid,Pruritus,승인,NA,Approved,,DB04398,C0033774,,,,
TP,lactitol,Chronic idiopathic constipation,승인,NA,Approved,,DB12942,C0267509,,,,
TP,lactose,Lactose Intolerance,승인,NA,Approved,,DB04465,C0022951,,,,
TP,lactulose,Hepatic Encephalopathy,승인,NA,Approved,,DB00581,C0019151,,,,
TP,lactulose,Hyperammonemia (disorder),승인,NA,Approved,,DB00581,C0220994,,,,
TP,lactulose,Constipation,승인,NA,Approved,,DB00581,C0009806,,,,
TP,lafutidine,Gastro-esophageal reflux disease with esophagitis,승인,NA,Approved,,DB12770,C0677659,,,,
TP,lamivudine,HIV Infections,승인,NA,Approved,,DB00709,C0019693,,,,
TP,lamivudine,"Hepatitis B, Chronic",승인,NA,Approved,,DB00709,C0524909,,,,
TP,lamotrigine,Epilepsy,승인,NA,Approved,,DB00555,C0014544,,,,
TP,lamotrigine,Lennox-Gastaut syndrome,승인,NA,Approved,,DB00555,C0238111,,,,
TP,lamotrigine,Simple Partial Seizures,승인,NA,Approved,,DB00555,C0234974,,,,
TP,lamotrigine,Epilepsy characterized by intractable complex partial seizures,승인,NA,Approved,,DB00555,C2711653,,,,
TP,lamotrigine,Tonic - clonic seizures,승인,NA,Approved,,DB00555,C0494475,,,,
TP,lamotrigine,Bipolar disorder in remission,승인,NA,Approved,,DB00555,C0270425,,,,
TP,landiolol,Tachyarrhythmia,승인,NA,Approved,,DB12212,C0080203,,,,
TP,landiolol,Supraventricular tachycardia,승인,NA,Approved,,DB12212,C0039240,,,,
TP,landiolol,Atrial Fibrillation,승인,NA,Approved,,DB12212,C0004238,,,,
TP,landiolol,Atrial Flutter,승인,NA,Approved,,DB12212,C0004239,,,,
TP,landiolol,Sinus Tachycardia,승인,NA,Approved,,DB12212,C0039239,,,,
TP,landiolol,Ventricular Fibrillation,승인,NA,Approved,,DB12212,C0042510,,,,
TP,lanreotide,Acromegaly,승인,NA,Approved,,DB06791,C0001206,,,,
TP,lanreotide,Hypersomatotropic gigantism,승인,NA,Approved,,DB06791,C0001207,,,,
TP,lanreotide,Pituitary Neoplasms,승인,NA,Approved,,DB06791,C0032019,,,,
TP,lansoprazole,Duodenal Ulcer,승인,NA,Approved,,DB00448,C0013295,,,,
TP,lansoprazole,Gastric ulcer,승인,NA,Approved,,DB00448,C0038358,,,,
TP,lansoprazole,Zollinger-Ellison syndrome,승인,NA,Approved,,DB00448,C0043515,,,,
TP,lansoprazole,Erosive esophagitis,승인,NA,Approved,,DB00448,C0267055,,,,
TP,lansoprazole,Gastroesophageal reflux disease,승인,NA,Approved,,DB00448,C0017168,,,,
TP,lansoprazole,Peptic Ulcer,승인,NA,Approved,,DB00448,C0030920,,,,
TP,lapatinib,HER2-positive carcinoma of breast,승인,NA,Approved,,DB01259,C1960398,,,,
TP,arginine,Exposure to radiation,승인,NA,Approved,,DB00125,C0015333,,,,
TP,aspartic acid,Hypokalemia,승인,NA,Approved,,DB00128,C0020621,,,,
TP,latanoprost,Ocular Hypertension,승인,NA,Approved,,DB00654,C0028840,,,,
TP,latanoprost,"Glaucoma, Open-Angle",승인,NA,Approved,,DB00654,C0017612,,,,
TP,leflunomide,Rheumatoid Arthritis,승인,NA,Approved,,DB01097,C0003873,,,,
TP,leflunomide,"Arthritis, Psoriatic",승인,NA,Approved,,DB01097,C0003872,,,,
TP,letrozole,Hormone receptor positive malignant neoplasm of breast,승인,NA,Approved,,DB01006,C1562029,,,,
TP,leuprorelin,Precocious Puberty,승인,NA,Approved,,DB00007,C0034013,,,,
TP,leuprorelin,Endometriosis,승인,NA,Approved,,DB00007,C0014175,,,,
TP,levamisole,Ascariasis,승인,NA,Approved,,DB00848,C0003950,,,,
TP,levamisole,Ancylostomiasis,승인,NA,Approved,,DB00848,C0002831,,,,
TP,levetiracetam,Simple Partial Seizures,승인,NA,Approved,,DB01202,C0234974,,,,
TP,levetiracetam,Epilepsy characterized by intractable complex partial seizures,승인,NA,Approved,,DB01202,C2711653,,,,
TP,levocabastine,Allergic Conjunctivitis,승인,NA,Approved,,DB01106,C0009766,,,,
TP,levocetirizine,Hay fever,승인,NA,Approved,,DB06282,C0018621,,,,
TP,levocetirizine,Allergic rhinitis (disorder),승인,NA,Approved,,DB06282,C2607914,,,,
TP,levocetirizine,Chronic Spontaneous Urticaria,승인,NA,Approved,,DB06282,C0578870,,,,
TP,levodopa,"Parkinson Disease, Postencephalitic",승인,NA,Approved,,DB01235,C0030568,,,,
TP,levodopa,Parkinsonian Disorders,승인,NA,Approved,,DB01235,C0242422,,,,
TP,levodopa,Parkinson Disease,승인,NA,Approved,,DB01235,C0030567,,,,
TP,levofloxacin,Acute bacterial sinusitis,승인,NA,Approved,,DB01137,C0275556,,,,
TP,levofloxacin,Acute Moraxella catarrhalis bronchitis,승인,NA,Approved,,DB01137,C0339932,,,,
TP,levofloxacin,Staphylococcus aureus infection,승인,NA,Approved,,DB01137,C1318973,,,,
TP,levofloxacin,Acute bacterial bronchitis,승인,NA,Approved,,DB01137,C0339933,,,,
TP,levofloxacin,Urinary tract infection caused by Escherichia coli,승인,NA,Approved,,DB01137,C0577708,,,,
TP,levofloxacin,Bacterial infection due to Klebsiella pneumoniae,승인,NA,Approved,,DB01137,C0343402,,,,
TP,levofloxacin,Group A Streptococcal Infections,승인,NA,Approved,,DB01137,C0554628,,,,
TP,levofloxacin,Streptococcal pneumonia,승인,NA,Approved,,DB01137,C0155862,,,,
TP,levofloxacin,Acute maxillary sinusitis,승인,NA,Approved,,DB01137,C0155804,,,,
TP,levofloxacin,Chlamydial pneumonia,승인,NA,Approved,,DB01137,C0339959,,,,
TP,levofloxacin,Klebsiella cystitis,승인,NA,Approved,,DB01137,C0520775,,,,
TP,levofloxacin,Anthrax disease,승인,NA,Approved,,DB01137,C0003175,,,,
TP,levofloxacin,Acute exacerbation of chronic bronchitis,승인,NA,Approved,,DB01137,C0856695,,,,
TP,levofloxacin,Pyelonephritis,승인,NA,Approved,,DB01137,C0034186,,,,
TP,levofloxacin,"Pneumonia, Bacterial",승인,NA,Approved,,DB01137,C0004626,,,,
TP,levofloxacin,Bacterial urinary infection,승인,NA,Approved,,DB01137,C0729524,,,,
TP,levofloxacin,Bacterial conjunctivitis,승인,NA,Approved,,DB01137,C0009768,,,,
TP,levofloxacin,Mycoplasma pneumonia,승인,NA,Approved,,DB01137,C0032302,,,,
TP,levofloxacin,Staphylococcal Pneumonia,승인,NA,Approved,,DB01137,C0032308,,,,
TP,levofloxacin,Proteus urinary tract infection,승인,NA,Approved,,DB01137,C0577709,,,,
TP,levofloxacin,Haemophilus influenzae pneumonia,승인,NA,Approved,,DB01137,C0276026,,,,
TP,amikacin,Enterobacteriaceae Infections,승인,NA,Approved,,DB00479,C0014347,,,,
TP,amikacin,Diverticulitis of gastrointestinal tract,승인,NA,Approved,,DB00479,C0349774,,,,
TP,amikacin,Infection due to Pseudomonas aeruginosa,승인,NA,Approved,,DB00479,C0276075,,,,
TP,amikacin,Bacterial urinary infection,승인,NA,Approved,,DB00479,C0729524,,,,
TP,amikacin,Proteus septicemia,승인,NA,Approved,,DB00479,C0577690,,,,
TP,amikacin,Escherichia coli septicemia,승인,NA,Approved,,DB00479,C0276088,,,,
TP,amikacin,Neonatal pneumonia,승인,NA,Approved,,DB00479,C0339968,,,,
TP,amikacin,Hospital acquired pneumonia,승인,NA,Approved,,DB00479,C0949083,,,,
TP,amikacin,Bacterial infection due to Klebsiella pneumoniae,승인,NA,Approved,,DB00479,C0343402,,,,
TP,amikacin,"Meningitis, Bacterial",승인,NA,Approved,,DB00479,C0085437,,,,
TP,amikacin,Infection of bone,승인,NA,Approved,,DB00479,C2242472,,,,
TP,amikacin,Staphylococcal Pneumonia,승인,NA,Approved,,DB00479,C0032308,,,,
TP,amikacin,Neonatal meningitis,승인,NA,Approved,,DB00479,C0456107,,,,
TP,amikacin,Arthropathy associated with infection,승인,NA,Approved,,DB00479,C0157749,,,,
TP,amikacin,"Pneumonia, Bacterial",승인,NA,Approved,,DB00479,C0004626,,,,
TP,amikacin,Rhinoscleroma,승인,NA,Approved,,DB00479,C0035468,,,,
TP,amikacin,Cholangitis,승인,NA,Approved,,DB00479,C0008311,,,,
TP,amikacin,Staphylococcal sepsis,승인,NA,Approved,,DB00479,C0152965,,,,
TP,amikacin,Osteomyelitis,승인,NA,Approved,,DB00479,C0029443,,,,
TP,amikacin,Pneumonia due to Pseudomonas,승인,NA,Approved,,DB00479,C0155860,,,,
TP,amikacin,Abdominal Infection,승인,NA,Approved,,DB00479,C1112209,,,,
TP,amikacin,Sepsis due to Pseudomonas,승인,NA,Approved,,DB00479,C2887096,,,,
TP,amikacin,Meningitis caused by Klebsiella aerogenes,승인,NA,Approved,,DB00479,C1719906,,,,
TP,amikacin,Pneumonia due to Escherichia coli,승인,NA,Approved,,DB00479,C0276089,,,,
TP,amikacin,Staphylococcal meningitis,승인,NA,Approved,,DB00479,C0154640,,,,
TP,amikacin,Serratia Infections,승인,NA,Approved,,DB00479,C0085394,,,,
TP,amikacin,Escherichia coli Infections,승인,NA,Approved,,DB00479,C0014836,,,,
TP,amikacin,Sepsis caused by Gram negative bacteria,승인,NA,Approved,,DB00479,C3163829,,,,
TP,amikacin,Proteus pneumonia,승인,NA,Approved,,DB00479,C1260917,,,,
TP,amikacin,Proteus meningitis,승인,NA,Approved,,DB00479,C0338396,,,,
TP,amikacin,"Meningitis, Escherichia coli",승인,NA,Approved,,DB00479,C0338395,,,,
TP,amikacin,Serratia sepsis,승인,NA,Approved,,DB00479,C0152973,,,,
TP,amikacin,Urinary tract infection caused by Escherichia coli,승인,NA,Approved,,DB00479,C0577708,,,,
TP,amikacin,Sepsis of the newborn,승인,NA,Approved,,DB00479,C0456103,,,,
TP,amikacin,Urinary tract infection caused by Klebsiella,승인,NA,Approved,,DB00479,C4076057,,,,
TP,amikacin,Bacterial meningitis due to Gram-negative bacteria,승인,NA,Approved,,DB00479,C0854215,,,,
TP,amikacin,Pneumonia due to Gram negative bacteria,승인,NA,Approved,,DB00479,C0854248,,,,
TP,amikacin,Bacterial sepsis,승인,NA,Approved,,DB00479,C0684256,,,,
TP,amikacin,Non-tuberculous mycobacterial pneumonia,승인,NA,Approved,,DB00479,C0349650,,,,
TP,levomethadyl acetate,Opiate Addiction,승인,NA,Approved,,DB01227,C0524662,,,,
TP,levonorgestrel,Menorrhagia,승인,NA,Approved,,DB00367,C0025323,,,,
TP,levonorgestrel,Dysmenorrhea,승인,NA,Approved,,DB00367,C0013390,,,,
TP,levonorgestrel,"Osteoporosis, Postmenopausal",승인,NA,Approved,,DB00367,C0029458,,,,
TP,levonorgestrel,Hot flushes,승인,NA,Approved,,DB00367,C0600142,,,,
TP,levorphanol,Pain,승인,NA,Approved,,DB00854,C0030193,,,,
TP,levosalbutamol,Asthma attack,승인,NA,Approved,,DB13139,C0347950,,,,
TP,levosalbutamol,Bronchospasm,승인,NA,Approved,,DB13139,C0006266,,,,
TP,levosimendan,Congestive heart failure,승인,NA,Approved,,DB00922,C0018802,,,,
TP,amiloride,Edema,승인,NA,Approved,,DB00594,C0013604,,,,
TP,amiloride,Hypertensive disease,승인,NA,Approved,,DB00594,C0020538,,,,
TP,limaprost,Thromboangiitis Obliterans,승인,NA,Approved,,DB09211,C0040021,,,,
TP,lincomycin,Staphylococcal Infections,승인,NA,Approved,,DB01627,C0038160,,,,
TP,lincomycin,Pneumococcal Infections,승인,NA,Approved,,DB01627,C0032269,,,,
TP,lincomycin,Streptococcal Infections,승인,NA,Approved,,DB01627,C0038395,,,,
TP,lindane,Scabies <infestation>,승인,NA,Approved,,DB00431,C0036262,,,,
TP,lindane,Pediculus capitis infestation,승인,NA,Approved,,DB00431,C0030757,,,,
TP,lindane,Infestation by Phthirus pubis,승인,NA,Approved,,DB00431,C0030759,,,,
TP,linezolid,Group A Streptococcal Infections,승인,NA,Approved,,DB00601,C0554628,,,,
TP,linezolid,Streptococcal pneumonia,승인,NA,Approved,,DB00601,C0155862,,,,
TP,linezolid,Staphylococcus aureus infection,승인,NA,Approved,,DB00601,C1318973,,,,
TP,linezolid,Staphylococcal Pneumonia,승인,NA,Approved,,DB00601,C0032308,,,,
TP,liothyronine,Malignant neoplasm of thyroid,승인,NA,Approved,,DB00279,C0007115,,,,
TP,liothyronine,Endemic goiter,승인,NA,Approved,,DB00279,C0018022,,,,
TP,liothyronine,Myxedema,승인,NA,Approved,,DB00279,C0027145,,,,
TP,liothyronine,Congenital Hypothyroidism,승인,NA,Approved,,DB00279,C0010308,,,,
TP,liothyronine,Goiter,승인,NA,Approved,,DB00279,C0018021,,,,
TP,liothyronine,Hypothyroidism,승인,NA,Approved,,DB00279,C0020676,,,,
TP,liothyronine,Myxedema coma,승인,NA,Approved,,DB00279,C0238298,,,,
TP,lisinopril,Myocardial Infarction,승인,NA,Approved,,DB00722,C0027051,,,,
TP,lisinopril,Chronic heart failure,승인,NA,Approved,,DB00722,C0264716,,,,
TP,lisinopril,Hypertensive disease,승인,NA,Approved,,DB00722,C0020538,,,,
TP,lisuride,Migraine Disorders,승인,NA,Approved,,DB00589,C0149931,,,,
TP,lisuride,Amenorrhea,승인,NA,Approved,,DB00589,C0002453,,,,
TP,lisuride,Acromegaly,승인,NA,Approved,,DB00589,C0001206,,,,
TP,lofepramine,Depressive disorder,승인,NA,Approved,,DB13411,C0011581,,,,
TP,lofexidine,Opioid withdrawal,승인,NA,Approved,,DB04948,C0029104,,,,
TP,lomefloxacin,Urinary tract infection caused by Escherichia coli,승인,NA,Approved,,DB00978,C0577708,,,,
TP,lomefloxacin,Acute exacerbation of chronic bronchitis,승인,NA,Approved,,DB00978,C0856695,,,,
TP,lomefloxacin,Urinary tract infection,승인,NA,Approved,,DB00978,C0042029,,,,
TP,lomefloxacin,Bronchitis,승인,NA,Approved,,DB00978,C0006277,,,,
TP,lomefloxacin,Urinary tract infection caused by Klebsiella,승인,NA,Approved,,DB00978,C4076057,,,,
TP,lomefloxacin,Acute bacterial bronchitis,승인,NA,Approved,,DB00978,C0339933,,,,
TP,lomefloxacin,Lower respiratory tract infection,승인,NA,Approved,,DB00978,C0149725,,,,
TP,lomefloxacin,Klebsiella cystitis,승인,NA,Approved,,DB00978,C0520775,,,,
TP,lomustine,Hodgkin Disease,승인,NA,Approved,,DB01206,C0019829,,,,
TP,lomustine,Brain Neoplasms,승인,NA,Approved,,DB01206,C0006118,,,,
TP,lonidamine,Malignant neoplasm of lung,승인,NA,Approved,,DB06266,C0242379,,,,
TP,loperamide,Traveler's diarrhea,승인,NA,Approved,,DB00836,C0277528,,,,
TP,loperamide,Diarrhea,승인,NA,Approved,,DB00836,C0011991,,,,
TP,lopinavir,HIV Infections,승인,NA,Approved,,DB01601,C0019693,,,,
TP,loprazolam,Sleeplessness,승인,NA,Approved,,DB13643,C0917801,,,,
TP,loracarbef,Upper Respiratory Infections,승인,NA,Approved,,DB00447,C0041912,,,,
TP,loracarbef,Chronic pyelonephritis,승인,NA,Approved,,DB00447,C0085697,,,,
TP,loracarbef,Pneumonia,승인,NA,Approved,,DB00447,C0032285,,,,
TP,loracarbef,Bronchitis,승인,NA,Approved,,DB00447,C0006277,,,,
TP,loracarbef,Urinary tract infection,승인,NA,Approved,,DB00447,C0042029,,,,
TP,loracarbef,Acute bacterial bronchitis,승인,NA,Approved,,DB00447,C0339933,,,,
TP,loracarbef,Acute maxillary sinusitis,승인,NA,Approved,,DB00447,C0155804,,,,
TP,loracarbef,Lower respiratory tract infection,승인,NA,Approved,,DB00447,C0149725,,,,
TP,loracarbef,Tonsillitis,승인,NA,Approved,,DB00447,C0040425,,,,
TP,loracarbef,Streptococcal pneumonia,승인,NA,Approved,,DB00447,C0155862,,,,
TP,loracarbef,Haemophilus influenzae pneumonia,승인,NA,Approved,,DB00447,C0276026,,,,
TP,loracarbef,Group A Streptococcal Infections,승인,NA,Approved,,DB00447,C0554628,,,,
TP,loracarbef,Infective otitis media,승인,NA,Approved,,DB00447,C0729586,,,,
TP,loratadine,Sneezing,승인,NA,Approved,,DB00455,C0037383,,,,
TP,loratadine,Rhinorrhea,승인,NA,Approved,,DB00455,C1260880,,,,
TP,loratadine,"Rhinitis, Vasomotor",승인,NA,Approved,,DB00455,C0035460,,,,
TP,loratadine,Hay fever,승인,NA,Approved,,DB00455,C0018621,,,,
TP,loratadine,Nasal congestion (finding),승인,NA,Approved,,DB00455,C0027424,,,,
TP,loratadine,Common Cold,승인,NA,Approved,,DB00455,C0009443,,,,
TP,loratadine,Allergic Conjunctivitis,승인,NA,Approved,,DB00455,C0009766,,,,
TP,loratadine,Allergic rhinitis (disorder),승인,NA,Approved,,DB00455,C2607914,,,,
TP,loratadine,Chronic Spontaneous Urticaria,승인,NA,Approved,,DB00455,C0578870,,,,
TP,lorazepam,Lennox-Gastaut syndrome,승인,NA,Approved,,DB00186,C0238111,,,,
TP,lorazepam,Absence Epilepsy,승인,NA,Approved,,DB00186,C0014553,,,,
TP,lorazepam,Myoclonic Epilepsy,승인,NA,Approved,,DB00186,C0014550,,,,
TP,lorazepam,Atonic seizure,승인,NA,Approved,,DB00186,C0270846,,,,
TP,lorazepam,Anxiety,승인,NA,Approved,,DB00186,C0003467,,,,
TP,lorazepam,Status Epilepticus,승인,NA,Approved,,DB00186,C0038220,,,,
TP,lorazepam,Panic Disorder,승인,NA,Approved,,DB00186,C0030319,,,,
TP,lornoxicam,Pain,승인,NA,Approved,,DB06725,C0030193,,,,
TP,amineptine,Depressive disorder,승인,NA,Approved,,DB04836,C0011581,,,,
TP,losartan,Diabetic Nephropathy,승인,NA,Approved,,DB00678,C0011881,,,,
TP,losartan,Hypertensive urgency,승인,NA,Approved,,DB00678,C0745138,,,,
TP,losartan,Hypertensive disease,승인,NA,Approved,,DB00678,C0020538,,,,
TP,loteprednol etabonate,Iritis,승인,NA,Approved,,DB14596,C0022081,,,,
TP,loteprednol etabonate,Herpes zoster keratoconjunctivitis,승인,NA,Approved,,DB14596,C0153027,,,,
TP,loteprednol etabonate,Corneal Abrasions,승인,NA,Approved,,DB14596,C0010032,,,,
TP,loteprednol etabonate,Corneal Perforation,승인,NA,Approved,,DB14596,C0339293,,,,
TP,loteprednol etabonate,Uveitis,승인,NA,Approved,,DB14596,C0042164,,,,
TP,loteprednol etabonate,Punctate keratitis,승인,NA,Approved,,DB14596,C0259799,,,,
TP,loteprednol etabonate,Rosacea,승인,NA,Approved,,DB14596,C0035854,,,,
TP,loteprednol etabonate,Herpes zoster keratitis,승인,NA,Approved,,DB14596,C1275687,,,,
TP,loteprednol etabonate,Iridocyclitis,승인,NA,Approved,,DB14596,C0022073,,,,
TP,loteprednol etabonate,Anterior uveitis,승인,NA,Approved,,DB14596,C0042165,,,,
TP,loteprednol etabonate,Ocular Rosacea,승인,NA,Approved,,DB14596,C0406486,,,,
TP,loteprednol etabonate,Allergic Conjunctivitis,승인,NA,Approved,,DB14596,C0009766,,,,
TP,lovastatin,Familial hypercholesterolemia - heterozygous,승인,NA,Approved,,DB00227,C0342882,,,,
TP,lovastatin,Hyperlipidemia,승인,NA,Approved,,DB00227,C0020473,,,,
TP,lovastatin,Hypercholesterolemia,승인,NA,Approved,,DB00227,C0020443,,,,
TP,lovastatin,Hypoalphalipoproteinemias,승인,NA,Approved,,DB00227,C0473527,,,,
TP,lovastatin,"Hyperlipidemia, Familial Combined",승인,NA,Approved,,DB00227,C0020474,,,,
TP,lovastatin,Hypertriglyceridemia,승인,NA,Approved,,DB00227,C0020557,,,,
TP,lovastatin,Arteriosclerosis,승인,NA,Approved,,DB00227,C0003850,,,,
TP,loxapine,Schizophrenia,승인,NA,Approved,,DB00408,C0036341,,,,
TP,loxapine,Bipolar Disorder,승인,NA,Approved,,DB00408,C0005586,,,,
TP,loxoprofen,Rheumatoid Arthritis,승인,NA,Approved,,DB09212,C0003873,,,,
TP,lumefantrine,"Malaria, Falciparum",승인,NA,Approved,,DB06708,C0024535,,,,
TP,lumiracoxib,Degenerative polyarthritis,승인,NA,Approved,,DB01283,C0029408,,,,
TP,lysine,Exposure to radiation,승인,NA,Approved,,DB00123,C0015333,,,,
TP,malathion,Pediculus capitis infestation,승인,NA,Approved,,DB00772,C0030757,,,,
TP,mandelic acid,Urinary tract infection,승인,NA,Approved,,DB13218,C0042029,,,,
TP,maprotiline,Mixed anxiety and depressive disorder,승인,NA,Approved,,DB00934,C0338908,,,,
TP,maprotiline,Depressive disorder,승인,NA,Approved,,DB00934,C0011581,,,,
TP,masoprocol,Actinic keratosis,승인,NA,Approved,,DB00179,C0022602,,,,
TP,maxacalcitol,Pustular psoriasis,승인,NA,Approved,,DB06272,C0152081,,,,
TP,mazaticol,Extrapyramidal sign,승인,NA,Approved,,DB13448,C0234133,,,,
TP,aminoglutethimide,Secondary malignant neoplasm of female breast,승인,NA,Approved,,DB00357,C0346993,,,,
TP,mazindol,Obesity,승인,NA,Approved,,DB00579,C0028754,,,,
TP,mebendazole,Enterobiasis,승인,NA,Approved,,DB00643,C0086227,,,,
TP,mebendazole,Ascariasis,승인,NA,Approved,,DB00643,C0003950,,,,
TP,mebendazole,Infection by Trichuris trichiura,승인,NA,Approved,,DB00643,C0040954,,,,
TP,mebeverine,Irritable Bowel Syndrome,승인,NA,Approved,,DB12554,C0022104,,,,
TP,mebhydrolin,Allergic rhinitis (disorder),승인,NA,Approved,,DB13808,C2607914,,,,
TP,mecamylamine,Hypertensive disease,승인,NA,Approved,,DB00657,C0020538,,,,
TP,mechlorethamine,Hodgkin Disease,승인,NA,Approved,,DB00888,C0019829,,,,
TP,mechlorethamine,Polycythemia Vera,승인,NA,Approved,,DB00888,C0032463,,,,
TP,mechlorethamine,Malignant neoplasm of lung,승인,NA,Approved,,DB00888,C0242379,,,,
TP,mechlorethamine,"Lymphoma, T-Cell, Cutaneous",승인,NA,Approved,,DB00888,C0079773,,,,
TP,mechlorethamine,Chronic Lymphocytic Leukemia,승인,NA,Approved,,DB00888,C0023434,,,,
TP,mechlorethamine,"Myeloid Leukemia, Chronic",승인,NA,Approved,,DB00888,C0023473,,,,
TP,mechlorethamine,Mycosis Fungoides,승인,NA,Approved,,DB00888,C0026948,,,,
TP,meclozine,Vertigo,승인,NA,Approved,,DB00737,C0042571,,,,
TP,meclozine,Motion Sickness,승인,NA,Approved,,DB00737,C0026603,,,,
TP,meclofenamic acid,Degenerative polyarthritis,승인,NA,Approved,,DB00939,C0029408,,,,
TP,meclofenamic acid,Rheumatoid Arthritis,승인,NA,Approved,,DB00939,C0003873,,,,
TP,meclofenamic acid,Menorrhagia,승인,NA,Approved,,DB00939,C0025323,,,,
TP,meclofenamic acid,Dysmenorrhea,승인,NA,Approved,,DB00939,C0013390,,,,
TP,meclofenamic acid,Pain,승인,NA,Approved,,DB00939,C0030193,,,,
TP,medroxyprogesterone,Metastatic malignant neoplasm to kidney,승인,NA,Approved,,DB00603,C0153685,,,,
TP,medroxyprogesterone,Metrorrhagia,승인,NA,Approved,,DB00603,C0025874,,,,
TP,medroxyprogesterone,Endometriosis,승인,NA,Approved,,DB00603,C0014175,,,,
TP,medroxyprogesterone,"Osteoporosis, Postmenopausal",승인,NA,Approved,,DB00603,C0029458,,,,
TP,medroxyprogesterone,Endometrial Carcinoma,승인,NA,Approved,,DB00603,C0476089,,,,
TP,medroxyprogesterone,Hot flushes,승인,NA,Approved,,DB00603,C0600142,,,,
TP,medroxyprogesterone,Secondary physiologic amenorrhea,승인,NA,Approved,,DB00603,C0232940,,,,
TP,medroxyprogesterone,Atrophic Vaginitis,승인,NA,Approved,,DB00603,C0221392,,,,
TP,aminolevulinic acid,Actinic keratosis,승인,NA,Approved,,DB00855,C0022602,,,,
TP,medrysone,Rosacea,승인,NA,Approved,,DB00253,C0035854,,,,
TP,medrysone,Iritis,승인,NA,Approved,,DB00253,C0022081,,,,
TP,medrysone,Punctate keratopathy,승인,NA,Approved,,DB00253,C0423234,,,,
TP,medrysone,Iridocyclitis,승인,NA,Approved,,DB00253,C0022073,,,,
TP,medrysone,Corneal Abrasions,승인,NA,Approved,,DB00253,C0010032,,,,
TP,medrysone,Uveitis,승인,NA,Approved,,DB00253,C0042164,,,,
TP,medrysone,Herpes zoster keratitis,승인,NA,Approved,,DB00253,C1275687,,,,
TP,medrysone,Corneal Ulcer,승인,NA,Approved,,DB00253,C0010043,,,,
TP,medrysone,Cyclitis,승인,NA,Approved,,DB00253,C0010543,,,,
TP,medrysone,Allergic Conjunctivitis,승인,NA,Approved,,DB00253,C0009766,,,,
TP,mefenamic acid,Dysmenorrhea,승인,NA,Approved,,DB00784,C0013390,,,,
TP,mefenamic acid,Pain,승인,NA,Approved,,DB00784,C0030193,,,,
TP,mefenorex,Obesity,승인,NA,Approved,,DB13852,C0028754,,,,
TP,mefloquine,"Malaria, Vivax",승인,NA,Approved,,DB00358,C0024537,,,,
TP,megestrol acetate,Nutritional deficiency with AIDS (acquired immunodeficiency syndrome),승인,NA,Approved,,DB00351,C0276587,,,,
TP,megestrol acetate,Endometrial Carcinoma,승인,NA,Approved,,DB00351,C0476089,,,,
TP,megestrol acetate,Hormone receptor positive malignant neoplasm of breast,승인,NA,Approved,,DB00351,C1562029,,,,
TP,meglumine antimonate,Chemotherapy-induced nausea and vomiting,승인,NA,Approved,,DB13732,C0401160,,,,
TP,melatonin,Sleep Initiation and Maintenance Disorders,승인,NA,Approved,,DB01065,C0021603,,,,
TP,melevodopa,Parkinsonian Disorders,승인,NA,Approved,,DB13313,C0242422,,,,
TP,meloxicam,Rheumatoid Arthritis,승인,NA,Approved,,DB00814,C0003873,,,,
TP,meloxicam,Juvenile arthritis,승인,NA,Approved,,DB00814,C3495559,,,,
TP,meloxicam,Degenerative polyarthritis,승인,NA,Approved,,DB00814,C0029408,,,,
TP,melphalan,Malignant neoplasm of ovary,승인,NA,Approved,,DB01042,C1140680,,,,
TP,melphalan,Multiple Myeloma,승인,NA,Approved,,DB01042,C0026764,,,,
TP,menatetrenone,Hemorrhagic Disease of Newborn,승인,NA,Approved,,DB12148,C0019088,,,,
TP,methylpentynol,Sleeplessness,승인,NA,Approved,,DB13733,C0917801,,,,
TP,mepenzolate,Gastric ulcer,승인,NA,Approved,,DB04843,C0038358,,,,
TP,mepenzolate,Peptic Ulcer,승인,NA,Approved,,DB04843,C0030920,,,,
TP,pethidine,Severe pain,승인,NA,Approved,,DB00454,C0278140,,,,
TP,pethidine,Pain,승인,NA,Approved,,DB00454,C0030193,,,,
TP,pethidine,Labor Pain,승인,NA,Approved,,DB00454,C0474368,,,,
TP,mephentermine,Hypotension,승인,NA,Approved,,DB01365,C0020649,,,,
TP,mephenytoin,Epilepsy,승인,NA,Approved,,DB00532,C0014544,,,,
TP,mephenytoin,Motor cortex epilepsy,승인,NA,Approved,,DB00532,C0234978,,,,
TP,mephenytoin,"Epilepsies, Partial",승인,NA,Approved,,DB00532,C0014547,,,,
TP,mephenytoin,Epilepsy characterized by intractable complex partial seizures,승인,NA,Approved,,DB00532,C2711653,,,,
TP,methylphenobarbital,apprehension,승인,NA,Approved,,DB00849,C0233485,,,,
TP,methylphenobarbital,Tonic-Clonic Epilepsy,승인,NA,Approved,,DB00849,C0014549,,,,
TP,methylphenobarbital,Tension,승인,NA,Approved,,DB00849,C0233494,,,,
TP,methylphenobarbital,Epilepsy,승인,NA,Approved,,DB00849,C0014544,,,,
TP,methylphenobarbital,Anxiety,승인,NA,Approved,,DB00849,C0003467,,,,
TP,meprobamate,Anxiety,승인,NA,Approved,,DB00371,C0003467,,,,
TP,meptazinol,Moderate pain,승인,NA,Approved,,DB13478,C0278139,,,,
TP,mercaptopurine,Acute Promyelocytic Leukemia,승인,NA,Approved,,DB01033,C0023487,,,,
TP,mercaptopurine,Acute lymphocytic leukemia,승인,NA,Approved,,DB01033,C0023449,,,,
TP,meropenem,Infection due to Pseudomonas aeruginosa,승인,NA,Approved,,DB00760,C0276075,,,,
TP,meropenem,Complicated appendicitis,승인,NA,Approved,,DB00760,C1632842,,,,
TP,meropenem,Meningococcal meningitis,승인,NA,Approved,,DB00760,C0025294,,,,
TP,meropenem,Peritonitis,승인,NA,Approved,,DB00760,C0031154,,,,
TP,meropenem,"Meningitis, Bacterial",승인,NA,Approved,,DB00760,C0085437,,,,
TP,meropenem,"Meningitis, Pneumococcal",승인,NA,Approved,,DB00760,C0025295,,,,
TP,meropenem,Streptococcal meningitis,승인,NA,Approved,,DB00760,C0154639,,,,
TP,meropenem,Abdominal Infection,승인,NA,Approved,,DB00760,C1112209,,,,
TP,meropenem,Abdominal Abscess,승인,NA,Approved,,DB00760,C0243001,,,,
TP,mesalazine,Chronic ulcerative proctitis,승인,NA,Approved,,DB00244,C2937222,,,,
TP,mesalazine,Ulcerative Colitis,승인,NA,Approved,,DB00244,C0009324,,,,
TP,mesalazine,Ulcerative colitis in remission,승인,NA,Approved,,DB00244,C3697010,,,,
TP,mesalazine,Chronic ulcerative rectosigmoiditis,승인,NA,Approved,,DB00244,C0267390,,,,
TP,mesoridazine,Schizophrenia,승인,NA,Approved,,DB00933,C0036341,,,,
TP,mestranol,Menorrhagia,승인,NA,Approved,,DB01357,C0025323,,,,
TP,mestranol,Endometriosis,승인,NA,Approved,,DB01357,C0014175,,,,
TP,mestranol,Female hypogonadism syndrome,승인,NA,Approved,,DB01357,C0271578,,,,
TP,metahexamide,Chloasma,승인,NA,Approved,,DB13675,C0025218,,,,
TP,metahexamide,Discoloration of skin,승인,NA,Approved,,DB13675,C0151907,,,,
TP,orciprenaline,Bronchitis,승인,NA,Approved,,DB00816,C0006277,,,,
TP,orciprenaline,Pulmonary Emphysema,승인,NA,Approved,,DB00816,C0034067,,,,
TP,orciprenaline,Asthma attack,승인,NA,Approved,,DB00816,C0347950,,,,
TP,orciprenaline,Asthma,승인,NA,Approved,,DB00816,C0004096,,,,
TP,metaraminol,Hypotension,승인,NA,Approved,,DB00610,C0020649,,,,
TP,metaxalone,Muscle Spasticity,승인,NA,Approved,,DB00660,C0026838,,,,
TP,metformin,"Diabetes Mellitus, Non-Insulin-Dependent",승인,NA,Approved,,DB00331,C0011860,,,,
TP,metacycline,Bacterial enteritis,승인,NA,Approved,,DB00931,C0152516,,,,
TP,methadone,Opioid withdrawal,승인,NA,Approved,,DB00333,C0029104,,,,
TP,methadone,Severe pain,승인,NA,Approved,,DB00333,C0278140,,,,
TP,acetylmethadol,Opiate Addiction,승인,NA,Approved,,DB01433,C0524662,,,,
TP,methamphetamine,Attention deficit hyperactivity disorder,승인,NA,Approved,,DB01577,C1263846,,,,
TP,methamphetamine,Obesity,승인,NA,Approved,,DB01577,C0028754,,,,
TP,methanthelinium,Peptic Ulcer,승인,NA,Approved,,DB00940,C0030920,,,,
TP,methanthelinium,Gastric ulcer,승인,NA,Approved,,DB00940,C0038358,,,,
TP,methanthelinium,Urinary Incontinence,승인,NA,Approved,,DB00940,C0042024,,,,
TP,methapyrilene,"Rhinitis, Vasomotor",승인,NA,Approved,,DB04819,C0035460,,,,
TP,methapyrilene,Dermatographic urticaria,승인,NA,Approved,,DB04819,C0343065,,,,
TP,methapyrilene,Pruritus,승인,NA,Approved,,DB04819,C0033774,,,,
TP,methapyrilene,Urticaria,승인,NA,Approved,,DB04819,C0042109,,,,
TP,methapyrilene,Allergic Conjunctivitis,승인,NA,Approved,,DB04819,C0009766,,,,
TP,methapyrilene,Sneezing,승인,NA,Approved,,DB04819,C0037383,,,,
TP,methapyrilene,Allergic rhinitis (disorder),승인,NA,Approved,,DB04819,C2607914,,,,
TP,methapyrilene,Nasal congestion (finding),승인,NA,Approved,,DB04819,C0027424,,,,
TP,methapyrilene,Rhinorrhea,승인,NA,Approved,,DB04819,C1260880,,,,
TP,metharbital,Tonic-Clonic Epilepsy,승인,NA,Approved,,DB00463,C0014549,,,,
TP,metharbital,Sleeplessness,승인,NA,Approved,,DB00463,C0917801,,,,
TP,metharbital,Epilepsy,승인,NA,Approved,,DB00463,C0014544,,,,
TP,methazolamide,Angle Closure Glaucoma,승인,NA,Approved,,DB00703,C0017605,,,,
TP,methazolamide,Secondary glaucoma,승인,NA,Approved,,DB00703,C0149893,,,,
TP,methazolamide,"Glaucoma, Open-Angle",승인,NA,Approved,,DB00703,C0017612,,,,
TP,methdilazine,Pruritus,승인,NA,Approved,,DB00902,C0033774,,,,
TP,methdilazine,Allergic rhinitis (disorder),승인,NA,Approved,,DB00902,C2607914,,,,
TP,methdilazine,Nasal congestion (finding),승인,NA,Approved,,DB00902,C0027424,,,,
TP,methdilazine,Angioedema,승인,NA,Approved,,DB00902,C0002994,,,,
TP,methdilazine,Dermatographic urticaria,승인,NA,Approved,,DB00902,C0343065,,,,
TP,methdilazine,Rhinorrhea,승인,NA,Approved,,DB00902,C1260880,,,,
TP,methdilazine,Urticaria,승인,NA,Approved,,DB00902,C0042109,,,,
TP,methdilazine,Allergic Conjunctivitis,승인,NA,Approved,,DB00902,C0009766,,,,
TP,methdilazine,Sneezing,승인,NA,Approved,,DB00902,C0037383,,,,
TP,meticillin,Bacterial sepsis,승인,NA,Approved,,DB01603,C0684256,,,,
TP,meticillin,Staphylococcal Pneumonia,승인,NA,Approved,,DB01603,C0032308,,,,
TP,meticillin,Sinusitis,승인,NA,Approved,,DB01603,C0037199,,,,
TP,thiamazole,Hyperthyroidism,승인,NA,Approved,,DB00763,C0020550,,,,
TP,methocarbamol,Muscle Spasticity,승인,NA,Approved,,DB00423,C0026838,,,,
TP,methotrexate,Psoriasis,승인,NA,Approved,,DB00563,C0033860,,,,
TP,methotrexate,Malignant epithelial neoplasm of female breast,승인,NA,Approved,,DB00563,C3163805,,,,
TP,methotrexate,Malignant Head and Neck Neoplasm,승인,NA,Approved,,DB00563,C0278996,,,,
TP,methotrexate,Juvenile arthritis,승인,NA,Approved,,DB00563,C3495559,,,,
TP,methotrexate,Gestational Trophoblastic Neoplasms,승인,NA,Approved,,DB00563,C1135868,,,,
TP,methotrexate,Mycosis Fungoides,승인,NA,Approved,,DB00563,C0026948,,,,
TP,methotrexate,Acute lymphocytic leukemia,승인,NA,Approved,,DB00563,C0023449,,,,
TP,methotrexate,Malignant neoplasm of lung,승인,NA,Approved,,DB00563,C0242379,,,,
TP,methotrexate,Burkitt Lymphoma,승인,NA,Approved,,DB00563,C0006413,,,,
TP,methotrexate,Rheumatoid Arthritis,승인,NA,Approved,,DB00563,C0003873,,,,
TP,methotrexate,Osteosarcoma of bone,승인,NA,Approved,,DB00563,C0585442,,,,
TP,methotrexate,Chronic small plaque psoriasis,승인,NA,Approved,,DB00563,C0406317,,,,
TP,methotrexate,Pustular psoriasis,승인,NA,Approved,,DB00563,C0152081,,,,
TP,methotrexate,Erythrodermic psoriasis,승인,NA,Approved,,DB00563,C0748052,,,,
TP,methoxamine,Hypotension,승인,NA,Approved,,DB00723,C0020649,,,,
TP,methoxamine,Paroxysmal supraventricular tachycardia,승인,NA,Approved,,DB00723,C0030590,,,,
TP,methscopolamine,Coughing,승인,NA,Approved,,DB11315,C0010200,,,,
TP,methscopolamine,Nasal congestion (finding),승인,NA,Approved,,DB11315,C0027424,,,,
TP,methscopolamine,Common Cold,승인,NA,Approved,,DB11315,C0009443,,,,
TP,methscopolamine,Rhinorrhea,승인,NA,Approved,,DB11315,C1260880,,,,
TP,methscopolamine,Irritable Bowel Syndrome,승인,NA,Approved,,DB11315,C0022104,,,,
TP,methscopolamine,Allergic rhinitis (disorder),승인,NA,Approved,,DB11315,C2607914,,,,
TP,methscopolamine,"Rhinitis, Vasomotor",승인,NA,Approved,,DB11315,C0035460,,,,
TP,methsuximide,Absence Epilepsy,승인,NA,Approved,,DB05246,C0014553,,,,
TP,methsuximide,Epilepsy,승인,NA,Approved,,DB05246,C0014544,,,,
TP,methylclothiazide,Hypertensive disease,승인,NA,Approved,,DB00232,C0020538,,,,
TP,methylclothiazide,Edema,승인,NA,Approved,,DB00232,C0013604,,,,
TP,amiodarone,Ventricular Fibrillation,승인,NA,Approved,,DB01118,C0042510,,,,
TP,methyldopa,Hypertensive disease,승인,NA,Approved,,DB00968,C0020538,,,,
TP,methylthioninium chloride,Methemoglobinemia,승인,NA,Approved,,DB09241,C0025637,,,,
TP,methylergometrine,Postpartum Hemorrhage,승인,NA,Approved,,DB00353,C0032797,,,,
TP,naltrexone,Therapeutic opioid induced constipation,승인,NA,Approved,,DB00704,C3874358,,,,
TP,naltrexone,Chronic pain,승인,NA,Approved,,DB00704,C0150055,,,,
TP,naltrexone,"Alcoholic Intoxication, Chronic",승인,NA,Approved,,DB00704,C0001973,,,,
TP,naltrexone,Severe pain,승인,NA,Approved,,DB00704,C0278140,,,,
TP,naltrexone,Obesity,승인,NA,Approved,,DB00704,C0028754,,,,
TP,methylphenidate,Attention deficit hyperactivity disorder,승인,NA,Approved,,DB00422,C1263846,,,,
TP,methylphenidate,Narcolepsy,승인,NA,Approved,,DB00422,C0027404,,,,
TP,methylprednisolone,Mycosis Fungoides,승인,NA,Approved,,DB00959,C0026948,,,,
TP,methylprednisolone,Asthma,승인,NA,Approved,,DB00959,C0004096,,,,
TP,methylprednisolone,Rheumatoid Arthritis,승인,NA,Approved,,DB00959,C0003873,,,,
TP,methylprednisolone,Rheumatic Heart Disease,승인,NA,Approved,,DB00959,C0035439,,,,
TP,methylprednisolone,Juvenile arthritis,승인,NA,Approved,,DB00959,C3495559,,,,
TP,methylprednisolone,Pruritus Ani,승인,NA,Approved,,DB00959,C0033775,,,,
TP,methylprednisolone,Laryngeal Edema,승인,NA,Approved,,DB00959,C0023052,,,,
TP,methylprednisolone,Congenital adrenal hyperplasia,승인,NA,Approved,,DB00959,C0001627,,,,
TP,methylprednisolone,Dermatologic disorders,승인,NA,Approved,,DB00959,C0037274,,,,
TP,methylprednisolone,"Arthritis, Psoriatic",승인,NA,Approved,,DB00959,C0003872,,,,
TP,methylprednisolone,Addison Disease,승인,NA,Approved,,DB00959,C0001403,,,,
TP,methylprednisolone,Exacerbation of asthma,승인,NA,Approved,,DB00959,C0349790,,,,
TP,methylprednisolone,Epicondylitis,승인,NA,Approved,,DB00959,C0014488,,,,
TP,methylprednisolone,Exfoliative dermatitis,승인,NA,Approved,,DB00959,C0011606,,,,
TP,methylprednisolone,Multiple Sclerosis,승인,NA,Approved,,DB00959,C0026769,,,,
TP,methylprednisolone,Lichen Simplex Chronicus,승인,NA,Approved,,DB00959,C0149922,,,,
TP,methylprednisolone,"Arthritis, Gouty",승인,NA,Approved,,DB00959,C0003868,,,,
TP,methylprednisolone,Thyroiditis,승인,NA,Approved,,DB00959,C0040147,,,,
TP,methylprednisolone,Autoimmune hemolytic anemia,승인,NA,Approved,,DB00959,C0002880,,,,
TP,methylprednisolone,Chronic small plaque psoriasis,승인,NA,Approved,,DB00959,C0406317,,,,
TP,methylprednisolone,"Lymphoma, T-Cell, Cutaneous",승인,NA,Approved,,DB00959,C0079773,,,,
TP,methylprednisolone,Hodgkin Disease,승인,NA,Approved,,DB00959,C0019829,,,,
TP,methylprednisolone,Dermatitis Herpetiformis,승인,NA,Approved,,DB00959,C0011608,,,,
TP,methylprednisolone,Cerebral Edema,승인,NA,Approved,,DB00959,C0006114,,,,
TP,methylprednisolone,"Lymphoma, Follicular",승인,NA,Approved,,DB00959,C0024301,,,,
TP,methylprednisolone,Berylliosis,승인,NA,Approved,,DB00959,C0005138,,,,
TP,methylprednisolone,Erythema Multiforme,승인,NA,Approved,,DB00959,C0014742,,,,
TP,methylprednisolone,Exanthema,승인,NA,Approved,,DB00959,C0015230,,,,
TP,methylprednisolone,Granuloma Annulare,승인,NA,Approved,,DB00959,C0085074,,,,
TP,methylprednisolone,Pruritus of genital organs,승인,NA,Approved,,DB00959,C0033777,,,,
TP,methylprednisolone,Acute lymphocytic leukemia,승인,NA,Approved,,DB00959,C0023449,,,,
TP,methylprednisolone,Synovitis,승인,NA,Approved,,DB00959,C0039103,,,,
TP,methylprednisolone,Tendinitis,승인,NA,Approved,,DB00959,C0039503,,,,
TP,methylprednisolone,Adrenogenital disorder,승인,NA,Approved,,DB00959,C0701163,,,,
TP,methylprednisolone,Angioedema,승인,NA,Approved,,DB00959,C0002994,,,,
TP,methylprednisolone,Serum Sickness,승인,NA,Approved,,DB00959,C0036830,,,,
TP,methylprednisolone,Post traumatic osteoarthritis,승인,NA,Approved,,DB00959,C2894027,,,,
TP,methylprednisolone,Psoriasis of scalp,승인,NA,Approved,,DB00959,C0406326,,,,
TP,methylprednisolone,Humoral hypercalcemia of malignancy (disorder),승인,NA,Approved,,DB00959,C0149911,,,,
TP,methylprednisolone,Chronic discoid lupus erythematosus,승인,NA,Approved,,DB00959,C0024138,,,,
TP,methylprednisolone,Transplanted organ rejection,승인,NA,Approved,,DB00959,C0345468,,,,
TP,methylprednisolone,Allergic rhinitis (disorder),승인,NA,Approved,,DB00959,C2607914,,,,
TP,methylprednisolone,Acquired thrombocytopenia,승인,NA,Approved,,DB00959,C0154301,,,,
TP,methylprednisolone,"Lupus Erythematosus, Systemic",승인,NA,Approved,,DB00959,C0024141,,,,
TP,methylprednisolone,Tenosynovitis,승인,NA,Approved,,DB00959,C0039520,,,,
TP,methylprednisolone,Seborrheic dermatitis,승인,NA,Approved,,DB00959,C0036508,,,,
TP,methylprednisolone,Musculoskeletal Diseases,승인,NA,Approved,,DB00959,C0026857,,,,
TP,methylprednisolone,Pemphigus,승인,NA,Approved,,DB00959,C0030807,,,,
TP,methylprednisolone,Sarcoidosis,승인,NA,Approved,,DB00959,C0036202,,,,
TP,methylprednisolone,Simple Pulmonary Eosinophilia,승인,NA,Approved,,DB00959,C0242459,,,,
TP,methylprednisolone,Contact Dermatitis,승인,NA,Approved,,DB00959,C0011616,,,,
TP,methylprednisolone,Trichinellosis,승인,NA,Approved,,DB00959,C0040896,,,,
TP,methylprednisolone,"Anemia, Diamond-Blackfan",승인,NA,Approved,,DB00959,C1260899,,,,
TP,methylprednisolone,Adrenal cortical hypofunction,승인,NA,Approved,,DB00959,C0405580,,,,
TP,methylprednisolone,Nephrotic Syndrome,승인,NA,Approved,,DB00959,C0027726,,,,
TP,methylprednisolone,Ankylosing spondylitis,승인,NA,Approved,,DB00959,C0038013,,,,
TP,methylprednisolone,Bursitis,승인,NA,Approved,,DB00959,C0006444,,,,
TP,methylprednisolone,Crohn Disease,승인,NA,Approved,,DB00959,C0010346,,,,
TP,methylprednisolone,Autoimmune Diseases,승인,NA,Approved,,DB00959,C0004364,,,,
TP,methylprednisolone,Psoriasis,승인,NA,Approved,,DB00959,C0033860,,,,
TP,methylprednisolone,"Tuberculosis, Miliary",승인,NA,Approved,,DB00959,C0041321,,,,
TP,methylprednisolone,Addisonian crisis,승인,NA,Approved,,DB00959,C0151467,,,,
TP,methylprednisolone,Disorder of eye,승인,NA,Approved,,DB00959,C0015397,,,,
TP,methylprednisolone,Inflammatory Bowel Diseases,승인,NA,Approved,,DB00959,C0021390,,,,
TP,methylprednisolone,Aspiration pneumonitis,승인,NA,Approved,,DB00959,C1761609,,,,
TP,methylprednisolone,"Dermatitis, Atopic",승인,NA,Approved,,DB00959,C0011615,,,,
TP,methylprednisolone acetate,Dermatitis Herpetiformis,승인,NA,Approved,,DB00959,C0011608,,,,
TP,methylprednisolone acetate,Mycosis Fungoides,승인,NA,Approved,,DB00959,C0026948,,,,
TP,methylprednisolone acetate,Pemphigus,승인,NA,Approved,,DB00959,C0030807,,,,
TP,methylprednisolone acetate,Erythema Multiforme,승인,NA,Approved,,DB00959,C0014742,,,,
TP,methylprednisolone acetate,Hay fever,승인,NA,Approved,,DB00959,C0018621,,,,
TP,methylprednisolone acetate,"Rhinitis, Allergic, Perennial",승인,NA,Approved,,DB00959,C0035457,,,,
TP,methylprednisolone acetate,Serum Sickness,승인,NA,Approved,,DB00959,C0036830,,,,
TP,methylprednisolone acetate,"Dermatitis, Atopic",승인,NA,Approved,,DB00959,C0011615,,,,
TP,methylprednisolone acetate,Contact Dermatitis,승인,NA,Approved,,DB00959,C0011616,,,,
TP,methylprednisolone acetate,Adrenal cortical hypofunction,승인,NA,Approved,,DB00959,C0405580,,,,
TP,methylprednisolone acetate,Congenital adrenal hyperplasia,승인,NA,Approved,,DB00959,C0001627,,,,
TP,methylprednisolone acetate,Humoral hypercalcemia of malignancy (disorder),승인,NA,Approved,,DB00959,C0149911,,,,
TP,methylprednisolone succinate,Nephrotic Syndrome,승인,NA,Approved,,DB14644,C0027726,,,,
TP,methyprylon,Sleeplessness,승인,NA,Approved,,DB01107,C0917801,,,,
TP,meticrane,Hypertensive disease,승인,NA,Approved,,DB13284,C0020538,,,,
TP,metipranolol,"Glaucoma, Open-Angle",승인,NA,Approved,,DB01214,C0017612,,,,
TP,metipranolol,Ocular Hypertension,승인,NA,Approved,,DB01214,C0028840,,,,
TP,metixene,Parkinsonian Disorders,승인,NA,Approved,,DB00340,C0242422,,,,
TP,metoclopramide,Gastroesophageal reflux disease,승인,NA,Approved,,DB01233,C0017168,,,,
TP,metoclopramide,Chemotherapy-induced nausea and vomiting,승인,NA,Approved,,DB01233,C0401160,,,,
TP,metoclopramide,Gastroparesis due to diabetes mellitus,승인,NA,Approved,,DB01233,C0267176,,,,
TP,metolazone,Hypertensive disease,승인,NA,Approved,,DB00524,C0020538,,,,
TP,metoprolol,Hypertensive disease,승인,NA,Approved,,DB00264,C0020538,,,,
TP,metoprolol,Myocardial Infarction,승인,NA,Approved,,DB00264,C0027051,,,,
TP,metoprolol,Acute Coronary Syndrome,승인,NA,Approved,,DB00264,C0948089,,,,
TP,metoprolol,Angina Pectoris,승인,NA,Approved,,DB00264,C0002962,,,,
TP,metoprolol,Chronic heart failure,승인,NA,Approved,,DB00264,C0264716,,,,
TP,amisulpride,Chronic schizophrenia,승인,NA,Approved,,DB06288,C0221765,,,,
TP,amisulpride,Postoperative Nausea and Vomiting,승인,NA,Approved,,DB06288,C0520909,,,,
TP,metronidazole,"Liver Abscess, Amebic",승인,NA,Approved,,DB00916,C0023886,,,,
TP,metronidazole,Infection due to anaerobic bacteria,승인,NA,Approved,,DB00916,C0854328,,,,
TP,metronidazole,Bacterial Endocarditis,승인,NA,Approved,,DB00916,C0014121,,,,
TP,metronidazole,Bacterial sepsis,승인,NA,Approved,,DB00916,C0684256,,,,
TP,metronidazole,Acute amebiasis,승인,NA,Approved,,DB00916,C0152499,,,,
TP,metronidazole,Female genital tract infection,승인,NA,Approved,,DB00916,C1263758,,,,
TP,metronidazole,Arthropathy associated with infection,승인,NA,Approved,,DB00916,C0157749,,,,
TP,metronidazole,Trichomonas Infections,승인,NA,Approved,,DB00916,C0040921,,,,
TP,metronidazole,Liver Abscess,승인,NA,Approved,,DB00916,C0023885,,,,
TP,metronidazole,Lower respiratory tract infection,승인,NA,Approved,,DB00916,C0149725,,,,
TP,metronidazole,Tubo-ovarian abscess,승인,NA,Approved,,DB00916,C0041343,,,,
TP,metronidazole,Abdominal Infection,승인,NA,Approved,,DB00916,C1112209,,,,
TP,metronidazole,Peritonitis,승인,NA,Approved,,DB00916,C0031154,,,,
TP,metronidazole,Bacterial Vaginosis,승인,NA,Approved,,DB00916,C0085166,,,,
TP,metronidazole,Infection of bone,승인,NA,Approved,,DB00916,C2242472,,,,
TP,metronidazole,Peptostreptococcus infection,승인,NA,Approved,,DB00916,C1096562,,,,
TP,metronidazole,Giardiasis,승인,NA,Approved,,DB00916,C0017536,,,,
TP,metronidazole,Rosacea,승인,NA,Approved,,DB00916,C0035854,,,,
TP,metronidazole,Brain Abscess,승인,NA,Approved,,DB00916,C0006105,,,,
TP,metronidazole,Sepsis caused by Bacteroides,승인,NA,Approved,,DB00916,C0276064,,,,
TP,metronidazole,Abdominal Abscess,승인,NA,Approved,,DB00916,C0243001,,,,
TP,metronidazole,Endometritis,승인,NA,Approved,,DB00916,C0014179,,,,
TP,metronidazole,Infectious enteritis,승인,NA,Approved,,DB00916,C0021342,,,,
TP,metronidazole,Amebic colitis,승인,NA,Approved,,DB00916,C0013370,,,,
TP,metirosine,Pheochromocytoma,승인,NA,Approved,,DB00765,C0031511,,,,
TP,mexiletine,Ventricular arrhythmia,승인,NA,Approved,,DB00379,C0085612,,,,
TP,mezlocillin,Bacterial sepsis,승인,NA,Approved,,DB00948,C0684256,,,,
TP,mezlocillin,Urinary tract infection,승인,NA,Approved,,DB00948,C0042029,,,,
TP,mezlocillin,Abdominal Infection,승인,NA,Approved,,DB00948,C1112209,,,,
TP,mezlocillin,Pneumonia due to Pseudomonas,승인,NA,Approved,,DB00948,C0155860,,,,
TP,mezlocillin,Serratia Infections,승인,NA,Approved,,DB00948,C0085394,,,,
TP,mezlocillin,Aspiration Pneumonia,승인,NA,Approved,,DB00948,C0032290,,,,
TP,mezlocillin,Haemophilus influenzae pneumonia,승인,NA,Approved,,DB00948,C0276026,,,,
TP,mezlocillin,Pneumonia due to Escherichia coli,승인,NA,Approved,,DB00948,C0276089,,,,
TP,mezlocillin,Acute gonococcal endometritis,승인,NA,Approved,,DB00948,C0153196,,,,
TP,mezlocillin,Gonorrhea,승인,NA,Approved,,DB00948,C0018081,,,,
TP,mezlocillin,Acute gonococcal cervicitis,승인,NA,Approved,,DB00948,C0153195,,,,
TP,mezlocillin,Acute gonococcal urethritis,승인,NA,Approved,,DB00948,C0275652,,,,
TP,mezlocillin,Bacterial infection due to Klebsiella pneumoniae,승인,NA,Approved,,DB00948,C0343402,,,,
TP,mianserin,Major Depressive Disorder,승인,NA,Approved,,DB06148,C1269683,,,,
TP,mibefradil,Hypertensive disease,승인,NA,Approved,,DB01388,C0020538,,,,
TP,mibefradil,Angina Pectoris,승인,NA,Approved,,DB01388,C0002962,,,,
TP,micafungin,Candidemia,승인,NA,Approved,,DB01141,C0877445,,,,
TP,micafungin,Systemic candidiasis,승인,NA,Approved,,DB01141,C0153252,,,,
TP,micafungin,Septicemia candida,승인,NA,Approved,,DB01141,C0349009,,,,
TP,micafungin,Candidiasis of the esophagus,승인,NA,Approved,,DB01141,C0239295,,,,
TP,amitriptyline,Mixed anxiety and depressive disorder,승인,NA,Approved,,DB00321,C0338908,,,,
TP,amitriptyline,Depressive disorder,승인,NA,Approved,,DB00321,C0011581,,,,
TP,miconazole,Diaper Rash,승인,NA,Approved,,DB01110,C0011974,,,,
TP,miconazole,Tinea Pedis,승인,NA,Approved,,DB01110,C0040259,,,,
TP,miconazole,"Candidiasis, Vulvovaginal",승인,NA,Approved,,DB01110,C0700345,,,,
TP,miconazole,Tinea Versicolor,승인,NA,Approved,,DB01110,C0040262,,,,
TP,miconazole,Tinea corporis (disorder),승인,NA,Approved,,DB01110,C0040252,,,,
TP,miconazole,Tinea cruris,승인,NA,Approved,,DB01110,C1384589,,,,
TP,miconazole,Cutaneous Candidiasis,승인,NA,Approved,,DB01110,C0006846,,,,
TP,miconazole,Onychomycosis,승인,NA,Approved,,DB01110,C0040261,,,,
TP,miconazole,Oral candidiasis,승인,NA,Approved,,DB01110,C0006849,,,,
TP,miconazole,Decompensated cirrhosis of liver,승인,NA,Approved,,DB01110,C1619727,,,,
TP,midodrine,"Hypotension, Orthostatic",승인,NA,Approved,,DB00211,C0020651,,,,
TP,mifepristone,Unspecified Abortion,승인,NA,Approved,,DB00834,C0156543,,,,
TP,miglitol,"Diabetes Mellitus, Non-Insulin-Dependent",승인,NA,Approved,,DB00491,C0011860,,,,
TP,miglustat,"Niemann-Pick Disease, Type C",승인,NA,Approved,,DB00419,C0220756,,,,
TP,miglustat,Gaucher Disease,승인,NA,Approved,,DB00419,C0017205,,,,
TP,milnacipran,Fibromyalgia,승인,NA,Approved,,DB04896,C0016053,,,,
TP,milrinone,Decompensated cardiac failure,승인,NA,Approved,,DB00235,C0581377,,,,
TP,miltefosine,"Leishmaniasis, Cutaneous",승인,NA,Approved,,DB09031,C0023283,,,,
TP,miltefosine,Mucocutaneous leishmaniasis,승인,NA,Approved,,DB09031,C1328252,,,,
TP,miltefosine,"Leishmaniasis, Visceral",승인,NA,Approved,,DB09031,C0023290,,,,
TP,minocycline,Bronchitis,승인,NA,Approved,,DB01017,C0006277,,,,
TP,minocycline,Infection by Campylobacter fetus,승인,NA,Approved,,DB01017,C0275979,,,,
TP,minocycline,Listeriosis,승인,NA,Approved,,DB01017,C0023860,,,,
TP,minocycline,Plague,승인,NA,Approved,,DB01017,C0032064,,,,
TP,minocycline,Cholera,승인,NA,Approved,,DB01017,C0008354,,,,
TP,minocycline,Acute gonococcal endometritis,승인,NA,Approved,,DB01017,C0153196,,,,
TP,minocycline,Gonorrhea of pharynx,승인,NA,Approved,,DB01017,C0149966,,,,
TP,minocycline,Relapsing Fever,승인,NA,Approved,,DB01017,C0035021,,,,
TP,minocycline,Meningococcus carrier,승인,NA,Approved,,DB01017,C0421162,,,,
TP,minocycline,Psittacosis,승인,NA,Approved,,DB01017,C0029291,,,,
TP,minocycline,Acne Vulgaris,승인,NA,Approved,,DB01017,C0001144,,,,
TP,minocycline,Actinomycosis,승인,NA,Approved,,DB01017,C0001261,,,,
TP,minocycline,Syphilis,승인,NA,Approved,,DB01017,C0039128,,,,
TP,minocycline,Infective otitis media,승인,NA,Approved,,DB01017,C0729586,,,,
TP,minocycline,Brucellosis,승인,NA,Approved,,DB01017,C0006309,,,,
TP,minocycline,Lymphogranuloma Venereum,승인,NA,Approved,,DB01017,C0024286,,,,
TP,minocycline,Periodontitis,승인,NA,Approved,,DB01017,C0031099,,,,
TP,minocycline,Granuloma Inguinale,승인,NA,Approved,,DB01017,C0018190,,,,
TP,minocycline,Sinusitis,승인,NA,Approved,,DB01017,C0037199,,,,
TP,minocycline,Chlamydia trachomatis infection of genital structure,승인,NA,Approved,,DB01017,C1997322,,,,
TP,minocycline,Gonorrhea of rectum,승인,NA,Approved,,DB01017,C0275665,,,,
TP,minocycline,Acute gonococcal urethritis,승인,NA,Approved,,DB01017,C0275652,,,,
TP,minocycline,Gonorrhea,승인,NA,Approved,,DB01017,C0018081,,,,
TP,minocycline,Fusospirochetal pharyngitis,승인,NA,Approved,,DB01017,C1318559,,,,
TP,minocycline,Rocky Mountain Spotted Fever,승인,NA,Approved,,DB01017,C0035793,,,,
TP,minocycline,Chancroids,승인,NA,Approved,,DB01017,C0007947,,,,
TP,minocycline,Trachoma,승인,NA,Approved,,DB01017,C0040592,,,,
TP,minocycline,Tularemia,승인,NA,Approved,,DB01017,C0041351,,,,
TP,minocycline,Anthrax disease,승인,NA,Approved,,DB01017,C0003175,,,,
TP,minocycline,Pharyngitis,승인,NA,Approved,,DB01017,C0031350,,,,
TP,minocycline,Gingivostomatitis,승인,NA,Approved,,DB01017,C0149704,,,,
TP,minocycline,Q Fever,승인,NA,Approved,,DB01017,C0034362,,,,
TP,minocycline,Acute gonococcal cervicitis,승인,NA,Approved,,DB01017,C0153195,,,,
TP,minocycline,Urinary tract infection,승인,NA,Approved,,DB01017,C0042029,,,,
TP,minocycline,Bartonella Infections,승인,NA,Approved,,DB01017,C0004771,,,,
TP,minocycline,Yaws,승인,NA,Approved,,DB01017,C0043388,,,,
TP,minocycline,Rickettsialpox,승인,NA,Approved,,DB01017,C0035597,,,,
TP,minocycline,Pneumonia,승인,NA,Approved,,DB01017,C0032285,,,,
TP,minoxidil,Hypertensive disease,승인,NA,Approved,,DB00350,C0020538,,,,
TP,minoxidil,Alopecia,승인,NA,Approved,,DB00350,C0002170,,,,
TP,mirtazapine,Major Depressive Disorder,승인,NA,Approved,,DB00370,C1269683,,,,
TP,misoprostol,Postpartum Hemorrhage,승인,NA,Approved,,DB00929,C0032797,,,,
TP,mitiglinide,"Diabetes Mellitus, Non-Insulin-Dependent",승인,NA,Approved,,DB01252,C0011860,,,,
TP,mitomycin,Adenocarcinoma of pancreas,승인,NA,Approved,,DB00305,C0281361,,,,
TP,amlexanox,Aphthous Stomatitis,승인,NA,Approved,,DB01025,C0038363,,,,
TP,mitotane,Carcinoma in situ of adrenal cortex,승인,NA,Approved,,DB00648,C0686510,,,,
TP,mitoxantrone,"Leukemia, Myelocytic, Acute",승인,NA,Approved,,DB01204,C0023467,,,,
TP,mitoxantrone,"Multiple Sclerosis, Relapsing-Remitting",승인,NA,Approved,,DB01204,C0751967,,,,
TP,mizolastine,Allergic rhinitis (disorder),승인,NA,Approved,,DB12523,C2607914,,,,
TP,mizolastine,"Rhinitis, Allergic, Perennial",승인,NA,Approved,,DB12523,C0035457,,,,
TP,moclobemide,Depressive disorder,승인,NA,Approved,,DB01171,C0011581,,,,
TP,modafinil,Narcolepsy,승인,NA,Approved,,DB00745,C0027404,,,,
TP,modafinil,Hypersomnia,승인,NA,Approved,,DB00745,C0917799,,,,
TP,moexipril,Hypertensive disease,승인,NA,Approved,,DB00691,C0020538,,,,
TP,amlodipine,"Angina Pectoris, Variant",승인,NA,Approved,,DB00381,C0002963,,,,
TP,amlodipine,Cerebrovascular accident,승인,NA,Approved,,DB00381,C0038454,,,,
TP,amlodipine,Hypertensive disease,승인,NA,Approved,,DB00381,C0020538,,,,
TP,amlodipine,Angina Pectoris,승인,NA,Approved,,DB00381,C0002962,,,,
TP,molindone,Schizophrenia,승인,NA,Approved,,DB01618,C0036341,,,,
TP,molsidomine,Angina Pectoris,승인,NA,Approved,,DB09282,C0002962,,,,
TP,mometasone furoate,Pruritus of genital organs,승인,NA,Approved,,DB14512,C0033777,,,,
TP,mometasone furoate,"Lymphoma, T-Cell, Cutaneous",승인,NA,Approved,,DB14512,C0079773,,,,
TP,mometasone furoate,Lichen Simplex Chronicus,승인,NA,Approved,,DB14512,C0149922,,,,
TP,mometasone furoate,Seborrheic dermatitis,승인,NA,Approved,,DB14512,C0036508,,,,
TP,mometasone furoate,Asthma,승인,NA,Approved,,DB14512,C0004096,,,,
TP,mometasone furoate,Psoriasis of scalp,승인,NA,Approved,,DB14512,C0406326,,,,
TP,mometasone furoate,Chronic small plaque psoriasis,승인,NA,Approved,,DB14512,C0406317,,,,
TP,mometasone furoate,Pruritus Ani,승인,NA,Approved,,DB14512,C0033775,,,,
TP,mometasone furoate,Allergic rhinitis (disorder),승인,NA,Approved,,DB14512,C2607914,,,,
TP,mometasone furoate,Exanthema,승인,NA,Approved,,DB14512,C0015230,,,,
TP,mometasone furoate,Contact Dermatitis,승인,NA,Approved,,DB14512,C0011616,,,,
TP,mometasone furoate,Allergic asthma,승인,NA,Approved,,DB14512,C0155877,,,,
TP,mometasone furoate,Granuloma Annulare,승인,NA,Approved,,DB14512,C0085074,,,,
TP,mometasone furoate,Intrinsic asthma,승인,NA,Approved,,DB14512,C0155880,,,,
TP,mometasone furoate,"Dermatitis, Atopic",승인,NA,Approved,,DB14512,C0011615,,,,
TP,mometasone furoate,Chronic discoid lupus erythematosus,승인,NA,Approved,,DB14512,C0024138,,,,
TP,monoxerutin,Venous Insufficiency,승인,NA,Approved,,DB13764,C0042485,,,,
TP,montelukast,Allergic rhinitis (disorder),승인,NA,Approved,,DB00471,C2607914,,,,
TP,montelukast,Allergic asthma,승인,NA,Approved,,DB00471,C0155877,,,,
TP,montelukast,Intrinsic asthma,승인,NA,Approved,,DB00471,C0155880,,,,
TP,amobarbital,Epilepsy,승인,NA,Approved,,DB01351,C0014544,,,,
TP,amobarbital,Sleeplessness,승인,NA,Approved,,DB01351,C0917801,,,,
TP,amobarbital,Status Epilepticus,승인,NA,Approved,,DB01351,C0038220,,,,
TP,amobarbital,Severe anxiety (panic),승인,NA,Approved,,DB01351,C0231403,,,,
TP,moracizine,Ventricular arrhythmia,승인,NA,Approved,,DB00680,C0085612,,,,
TP,moroxydine,Influenza,승인,NA,Approved,,DB13597,C0021400,,,,
TP,mosapramine,Schizophrenia,승인,NA,Approved,,DB13676,C0036341,,,,
TP,motretinide,Acne Vulgaris,승인,NA,Approved,,DB13368,C0001144,,,,
TP,moxifloxacin,Pneumonic Plague,승인,NA,Approved,,DB00218,C0524688,,,,
TP,moxifloxacin,Septicemic Plague,승인,NA,Approved,,DB00218,C0152936,,,,
TP,moxifloxacin,Acute bacterial sinusitis,승인,NA,Approved,,DB00218,C0275556,,,,
TP,moxifloxacin,Chlamydial pneumonia,승인,NA,Approved,,DB00218,C0339959,,,,
TP,moxifloxacin,Acute exacerbation of chronic bronchitis,승인,NA,Approved,,DB00218,C0856695,,,,
TP,moxifloxacin,Bacterial infection due to Klebsiella pneumoniae,승인,NA,Approved,,DB00218,C0343402,,,,
TP,moxifloxacin,Mycoplasma pneumonia,승인,NA,Approved,,DB00218,C0032302,,,,
TP,moxifloxacin,Haemophilus influenzae pneumonia,승인,NA,Approved,,DB00218,C0276026,,,,
TP,moxifloxacin,Enterobacteriaceae Infections,승인,NA,Approved,,DB00218,C0014347,,,,
TP,moxifloxacin,Abdominal Abscess,승인,NA,Approved,,DB00218,C0243001,,,,
TP,moxifloxacin,Staphylococcus aureus infection,승인,NA,Approved,,DB00218,C1318973,,,,
TP,moxifloxacin,Group A Streptococcal Infections,승인,NA,Approved,,DB00218,C0554628,,,,
TP,moxifloxacin,Staphylococcal Pneumonia,승인,NA,Approved,,DB00218,C0032308,,,,
TP,moxifloxacin,Peritonitis,승인,NA,Approved,,DB00218,C0031154,,,,
TP,moxifloxacin,Pneumonia due to Klebsiella pneumoniae,승인,NA,Approved,,DB00218,C0519030,,,,
TP,moxifloxacin,"Pneumonia, Bacterial",승인,NA,Approved,,DB00218,C0004626,,,,
TP,moxifloxacin,Abdominal Infection,승인,NA,Approved,,DB00218,C1112209,,,,
TP,moxifloxacin,Bacterial conjunctivitis,승인,NA,Approved,,DB00218,C0009768,,,,
TP,moxifloxacin,Rhinoscleroma,승인,NA,Approved,,DB00218,C0035468,,,,
TP,moxifloxacin,Streptococcal pneumonia,승인,NA,Approved,,DB00218,C0155862,,,,
TP,moxisylyte,Erectile dysfunction,승인,NA,Approved,,DB09205,C0242350,,,,
TP,moxisylyte,Raynaud Disease,승인,NA,Approved,,DB09205,C0034734,,,,
TP,moxonidine,Essential Hypertension,승인,NA,Approved,,DB09242,C0085580,,,,
TP,mupirocin,Impetigo,승인,NA,Approved,,DB00410,C0021099,,,,
TP,mycophenolate mofetil,Graft-vs-Host Disease,승인,NA,Approved,,DB00688,C0018133,,,,
TP,nabilone,Chemotherapy-induced nausea and vomiting,승인,NA,Approved,,DB00486,C0401160,,,,
TP,nabumetone,Degenerative polyarthritis,승인,NA,Approved,,DB00461,C0029408,,,,
TP,nabumetone,Rheumatoid Arthritis,승인,NA,Approved,,DB00461,C0003873,,,,
TP,nadifloxacin,Acne Vulgaris,승인,NA,Approved,,DB12447,C0001144,,,,
TP,nadolol,Angina Pectoris,승인,NA,Approved,,DB01203,C0002962,,,,
TP,nadolol,Hypertensive disease,승인,NA,Approved,,DB01203,C0020538,,,,
TP,nafamostat,Cystic Fibrosis,승인,NA,Approved,,DB12598,C0010674,,,,
TP,nafarelin,Precocious Puberty,승인,NA,Approved,,DB00666,C0034013,,,,
TP,nafarelin,Endometriosis,승인,NA,Approved,,DB00666,C0014175,,,,
TP,nafcillin,Sepsis due to Staphylococcus aureus,승인,NA,Approved,,DB00607,C2887088,,,,
TP,nafcillin,Osteomyelitis due to Staphylococcus aureus,승인,NA,Approved,,DB00607,C1997728,,,,
TP,nafcillin,Staphylococcal meningitis,승인,NA,Approved,,DB00607,C0154640,,,,
TP,nafcillin,Acute bacterial sinusitis,승인,NA,Approved,,DB00607,C0275556,,,,
TP,nafcillin,Staphylococcus aureus infection,승인,NA,Approved,,DB00607,C1318973,,,,
TP,nafcillin,Staphylococcal Infections,승인,NA,Approved,,DB00607,C0038160,,,,
TP,nafcillin,Staphylococcal Pneumonia,승인,NA,Approved,,DB00607,C0032308,,,,
TP,nafcillin,Infection of bone,승인,NA,Approved,,DB00607,C2242472,,,,
TP,nafcillin,Staphylococcal endocarditis,승인,NA,Approved,,DB00607,C0520767,,,,
TP,naftidrofuryl,Cerebrovascular Disorders,승인,NA,Approved,,DB13588,C0007820,,,,
TP,naftifine,Tinea Pedis,승인,NA,Approved,,DB00735,C0040259,,,,
TP,naftifine,Tinea corporis (disorder),승인,NA,Approved,,DB00735,C0040252,,,,
TP,naftifine,Tinea cruris,승인,NA,Approved,,DB00735,C1384589,,,,
TP,naftopidil,Prostatic Hypertrophy,승인,NA,Approved,,DB12092,C1739363,,,,
TP,nalbuphine,Pain,승인,NA,Approved,,DB00844,C0030193,,,,
TP,nalbuphine,Labor Pain,승인,NA,Approved,,DB00844,C0474368,,,,
TP,nalidixic acid,Bacterial urinary infection,승인,NA,Approved,,DB00779,C0729524,,,,
TP,nalmefene,"Alcoholic Intoxication, Chronic",승인,NA,Approved,,DB06230,C0001973,,,,
TP,nalmefene,Opioid toxicity,승인,NA,Approved,,DB06230,C0412850,,,,
TP,naloxone,Opioid toxicity,승인,NA,Approved,,DB01183,C0412850,,,,
TP,naloxone,Opiate Addiction,승인,NA,Approved,,DB01183,C0524662,,,,
TP,naloxone,Pain,승인,NA,Approved,,DB01183,C0030193,,,,
TP,nandrolone,Anemia of chronic renal failure,승인,NA,Approved,,DB13169,C0271932,,,,
TP,nandrolone decanoate,Anemia in chronic kidney disease,승인,NA,Approved,,DB08804,C1561828,,,,
TP,naproxen,Arthralgia,승인,NA,Approved,,DB00788,C0003862,,,,
TP,naproxen,Rheumatoid Arthritis,승인,NA,Approved,,DB00788,C0003873,,,,
TP,naproxen,Sinus headache,승인,NA,Approved,,DB00788,C0037195,,,,
TP,naproxen,Dysmenorrhea,승인,NA,Approved,,DB00788,C0013390,,,,
TP,naproxen,Rhinorrhea,승인,NA,Approved,,DB00788,C1260880,,,,
TP,naproxen,Headache Disorders,승인,NA,Approved,,DB00788,C0393735,,,,
TP,naproxen,Migraine Disorders,승인,NA,Approved,,DB00788,C0149931,,,,
TP,naproxen,Degenerative polyarthritis,승인,NA,Approved,,DB00788,C0029408,,,,
TP,naproxen,Juvenile arthritis,승인,NA,Approved,,DB00788,C3495559,,,,
TP,naproxen,Fever,승인,NA,Approved,,DB00788,C0015967,,,,
TP,naproxen,Bursitis,승인,NA,Approved,,DB00788,C0006444,,,,
TP,naproxen,Myalgia,승인,NA,Approved,,DB00788,C0231528,,,,
TP,naproxen,Pain,승인,NA,Approved,,DB00788,C0030193,,,,
TP,naproxen,Gout,승인,NA,Approved,,DB00788,C0018099,,,,
TP,naproxen,Tendinitis,승인,NA,Approved,,DB00788,C0039503,,,,
TP,naproxen,Ankylosing spondylitis,승인,NA,Approved,,DB00788,C0038013,,,,
TP,naproxen,Toothache,승인,NA,Approved,,DB00788,C0040460,,,,
TP,naratriptan,Migraine Disorders,승인,NA,Approved,,DB00952,C0149931,,,,
TP,natamycin,Fungal conjunctivitis,승인,NA,Approved,,DB00826,C0339170,,,,
TP,natamycin,Fungal keratitis,승인,NA,Approved,,DB00826,C1262117,,,,
TP,nateglinide,"Diabetes Mellitus, Non-Insulin-Dependent",승인,NA,Approved,,DB00731,C0011860,,,,
TP,nebivolol,Hypertensive disease,승인,NA,Approved,,DB04861,C0020538,,,,
TP,nedocromil,Allergic Conjunctivitis,승인,NA,Approved,,DB00716,C0009766,,,,
TP,nedocromil,Asthma,승인,NA,Approved,,DB00716,C0004096,,,,
TP,nefazodone,Major Depressive Disorder,승인,NA,Approved,,DB01149,C1269683,,,,
TP,nelarabine,Precursor T-Cell Lymphoblastic Leukemia-Lymphoma,승인,NA,Approved,,DB01280,C1961099,,,,
TP,nelarabine,Precursor T-cell lymphoblastic lymphoma,승인,NA,Approved,,DB01280,C1292758,,,,
TP,nelfinavir,HIV Infections,승인,NA,Approved,,DB00220,C0019693,,,,
TP,neltenexine,"Bronchitis, Chronic",승인,NA,Approved,,DB13239,C0008677,,,,
TP,neostigmine,Myasthenia Gravis,승인,NA,Approved,,DB01400,C0026896,,,,
TP,nepinalone,Dry cough,승인,NA,Approved,,DB13445,C0850149,,,,
TP,nesiritide,Decompensated chronic heart failure,승인,NA,Approved,,DB04899,C1827266,,,,
TP,nesiritide,Decompensated cardiac failure,승인,NA,Approved,,DB04899,C0581377,,,,
TP,nevirapine,HIV Infections,승인,NA,Approved,,DB00238,C0019693,,,,
TP,nicotinamide,Acne Vulgaris,승인,NA,Approved,,DB02701,C0001144,,,,
TP,nicotinamide,Pellagra,승인,NA,Approved,,DB02701,C0030783,,,,
TP,nicardipine,Angina Pectoris,승인,NA,Approved,,DB00622,C0002962,,,,
TP,nicardipine,Hypertensive disease,승인,NA,Approved,,DB00622,C0020538,,,,
TP,amoxapine,Depressive disorder,승인,NA,Approved,,DB00543,C0011581,,,,
TP,nicorandil,Angina Pectoris,승인,NA,Approved,,DB09220,C0002962,,,,
TP,amoxicillin,Acute bacterial sinusitis,승인,NA,Approved,,DB01060,C0275556,,,,
TP,amoxicillin,Haemophilus influenzae pneumonia,승인,NA,Approved,,DB01060,C0276026,,,,
TP,amoxicillin,Acute otitis media,승인,NA,Approved,,DB01060,C0271429,,,,
TP,amoxicillin,Streptococcal pneumonia,승인,NA,Approved,,DB01060,C0155862,,,,
TP,amoxicillin,"Pneumonia, Bacterial",승인,NA,Approved,,DB01060,C0004626,,,,
TP,amoxicillin,Lower respiratory tract infection,승인,NA,Approved,,DB01060,C0149725,,,,
TP,amoxicillin,Group A Streptococcal Infections,승인,NA,Approved,,DB01060,C0554628,,,,
TP,amoxicillin,Pneumonia due to Staphylococcus aureus,승인,NA,Approved,,DB01060,C2349530,,,,
TP,amoxicillin,Acute exacerbation of chronic bronchitis,승인,NA,Approved,,DB01060,C0856695,,,,
TP,amoxicillin,Bacterial urinary infection,승인,NA,Approved,,DB01060,C0729524,,,,
TP,amoxicillin,Pharyngitis,승인,NA,Approved,,DB01060,C0031350,,,,
TP,amoxicillin,Rhinoscleroma,승인,NA,Approved,,DB01060,C0035468,,,,
TP,amoxicillin,Urinary tract infection caused by Escherichia coli,승인,NA,Approved,,DB01060,C0577708,,,,
TP,amoxicillin,Pneumonia due to Klebsiella pneumoniae,승인,NA,Approved,,DB01060,C0519030,,,,
TP,amoxicillin,Staphylococcus aureus infection,승인,NA,Approved,,DB01060,C1318973,,,,
TP,amoxicillin,Staphylococcal pharyngitis,승인,NA,Approved,,DB01060,C0275794,,,,
TP,amoxicillin,Streptococcal tonsillitis,승인,NA,Approved,,DB01060,C0275804,,,,
TP,amoxicillin,Staphylococcal tonsillitis,승인,NA,Approved,,DB01060,C0275793,,,,
TP,amoxicillin,Escherichia coli Infections,승인,NA,Approved,,DB01060,C0014836,,,,
TP,amoxicillin,Klebsiella cystitis,승인,NA,Approved,,DB01060,C0520775,,,,
TP,amoxicillin,Urinary tract infection,승인,NA,Approved,,DB01060,C0042029,,,,
TP,amoxicillin,Infective otitis media,승인,NA,Approved,,DB01060,C0729586,,,,
TP,amoxicillin,Infection caused by Helicobacter pylori,승인,NA,Approved,,DB01060,C0850666,,,,
TP,nicotine,Pellagra,승인,NA,Approved,,DB00184,C0030783,,,,
TP,nicotine,Nicotine Dependence,승인,NA,Approved,,DB00184,C0028043,,,,
TP,nicotinyl alcohol,Meniere Disease,승인,NA,Approved,,DB04145,C0025281,,,,
TP,nicotinyl alcohol,Hyperlipidemia,승인,NA,Approved,,DB04145,C0020473,,,,
TP,nicotinyl alcohol,Pellagra,승인,NA,Approved,,DB04145,C0030783,,,,
TP,nifedipine,Angina Pectoris,승인,NA,Approved,,DB01115,C0002962,,,,
TP,nifedipine,"Angina Pectoris, Variant",승인,NA,Approved,,DB01115,C0002963,,,,
TP,nifedipine,Hypertensive disease,승인,NA,Approved,,DB01115,C0020538,,,,
TP,nifurtimox,Chagas Disease,승인,NA,Approved,,DB11820,C0041234,,,,
TP,nifurtoinol,Urinary tract infection,승인,NA,Approved,,DB13730,C0042029,,,,
TP,nilotinib,Philadelphia chromosome positive chronic myelogenous leukemia,승인,NA,Approved,,DB04868,C0279543,,,,
TP,nilotinib,"Leukemia, Myeloid, Chronic-Phase",승인,NA,Approved,,DB04868,C0023474,,,,
TP,nimodipine,Subarachnoid Hemorrhage,승인,NA,Approved,,DB00393,C0038525,,,,
TP,nisoldipine,Hypertensive disease,승인,NA,Approved,,DB00401,C0020538,,,,
TP,nitazoxanide,Giardiasis,승인,NA,Approved,,DB00507,C0017536,,,,
TP,nitazoxanide,Cryptosporidiosis,승인,NA,Approved,,DB00507,C0010418,,,,
TP,nitisinone,"Tyrosinemia, Type I",승인,NA,Approved,,DB00348,C0268490,,,,
TP,nitrazepam,Sleeplessness,승인,NA,Approved,,DB01595,C0917801,,,,
TP,nitrazepam,Myoclonic Epilepsy,승인,NA,Approved,,DB01595,C0014550,,,,
TP,nitric oxide,Persistent Fetal Circulation Syndrome,승인,NA,Approved,,DB00435,C0031190,,,,
TP,nitric oxide,Pulmonary Hypertension,승인,NA,Approved,,DB00435,C0020542,,,,
TP,nitrofurantoin,Urinary tract infection caused by Escherichia coli,승인,NA,Approved,,DB00698,C0577708,,,,
TP,nitrofurantoin,Klebsiella cystitis,승인,NA,Approved,,DB00698,C0520775,,,,
TP,amfetamine,Obesity,승인,NA,Approved,,DB00182,C0028754,,,,
TP,amfetamine,Attention deficit hyperactivity disorder,승인,NA,Approved,,DB00182,C1263846,,,,
TP,amfetamine,Narcolepsy,승인,NA,Approved,,DB00182,C0027404,,,,
TP,nitrofurazone,Urinary tract infection caused by Escherichia coli,승인,NA,Approved,,DB00336,C0577708,,,,
TP,nitrofurazone,Klebsiella cystitis,승인,NA,Approved,,DB00336,C0520775,,,,
TP,glyceryl trinitrate,Angina Pectoris,승인,NA,Approved,,DB00727,C0002962,,,,
TP,glyceryl trinitrate,Perioperative hypertension,승인,NA,Approved,,DB00727,C3661921,,,,
TP,glyceryl trinitrate,Left ventricular cardiac dysfunction,승인,NA,Approved,,DB00727,C1997351,,,,
TP,nizatidine,Erosive esophagitis,승인,NA,Approved,,DB00585,C0267055,,,,
TP,nizatidine,Peptic Esophagitis,승인,NA,Approved,,DB00585,C0014869,,,,
TP,nizatidine,Dyspepsia,승인,NA,Approved,,DB00585,C0013395,,,,
TP,nizatidine,Duodenal Ulcer,승인,NA,Approved,,DB00585,C0013295,,,,
TP,nizatidine,Peptic Ulcer,승인,NA,Approved,,DB00585,C0030920,,,,
TP,nizatidine,Heartburn,승인,NA,Approved,,DB00585,C0018834,,,,
TP,nizatidine,Gastroesophageal reflux disease,승인,NA,Approved,,DB00585,C0017168,,,,
TP,nizatidine,Gastric ulcer,승인,NA,Approved,,DB00585,C0038358,,,,
TP,norepinephrine,Asthma attack,승인,NA,Approved,,DB00368,C0347950,,,,
TP,norepinephrine,Hypotension,승인,NA,Approved,,DB00368,C0020649,,,,
TP,norepinephrine,Bronchitis,승인,NA,Approved,,DB00368,C0006277,,,,
TP,norepinephrine,Asthma,승인,NA,Approved,,DB00368,C0004096,,,,
TP,norepinephrine,Bronchiectasis,승인,NA,Approved,,DB00368,C0006267,,,,
TP,norepinephrine,Pulmonary Emphysema,승인,NA,Approved,,DB00368,C0034067,,,,
TP,norethisterone,Female hypogonadism syndrome,승인,NA,Approved,,DB00717,C0271578,,,,
TP,norethisterone,Atrophic Vaginitis,승인,NA,Approved,,DB00717,C0221392,,,,
TP,norethisterone,Secondary physiologic amenorrhea,승인,NA,Approved,,DB00717,C0232940,,,,
TP,norethisterone,Menorrhagia,승인,NA,Approved,,DB00717,C0025323,,,,
TP,norethisterone,Hot flushes,승인,NA,Approved,,DB00717,C0600142,,,,
TP,norethisterone,Atrophy of vulva,승인,NA,Approved,,DB00717,C0156393,,,,
TP,norethisterone,"Osteoporosis, Postmenopausal",승인,NA,Approved,,DB00717,C0029458,,,,
TP,norethisterone,Metrorrhagia,승인,NA,Approved,,DB00717,C0025874,,,,
TP,norethisterone,Acne Vulgaris,승인,NA,Approved,,DB00717,C0001144,,,,
TP,norethisterone,Endometriosis,승인,NA,Approved,,DB00717,C0014175,,,,
TP,norethindrone acetate,Secondary physiologic amenorrhea,승인,NA,Approved,,DB00717,C0232940,,,,
TP,norethindrone acetate,Endometriosis,승인,NA,Approved,,DB00717,C0014175,,,,
TP,norethindrone acetate,Acne Vulgaris,승인,NA,Approved,,DB00717,C0001144,,,,
TP,norethindrone acetate,Metrorrhagia,승인,NA,Approved,,DB00717,C0025874,,,,
TP,norethindrone acetate,Uterine Fibroids,승인,NA,Approved,,DB00717,C0042133,,,,
TP,norethynodrel,Endometriosis,승인,NA,Approved,,DB09371,C0014175,,,,
TP,norethynodrel,Menorrhagia,승인,NA,Approved,,DB09371,C0025323,,,,
TP,norethynodrel,Female hypogonadism syndrome,승인,NA,Approved,,DB09371,C0271578,,,,
TP,norfloxacin,Acute bacterial bronchitis,승인,NA,Approved,,DB01059,C0339933,,,,
TP,norfloxacin,Acute bacterial peritonitis,승인,NA,Approved,,DB01059,C0275550,,,,
TP,norfloxacin,Pneumonia due to Pseudomonas,승인,NA,Approved,,DB01059,C0155860,,,,
TP,norfloxacin,Pneumonia due to Klebsiella pneumoniae,승인,NA,Approved,,DB01059,C0519030,,,,
TP,norfloxacin,Group A Streptococcal Infections,승인,NA,Approved,,DB01059,C0554628,,,,
TP,norfloxacin,Acute Moraxella catarrhalis bronchitis,승인,NA,Approved,,DB01059,C0339932,,,,
TP,norfloxacin,Female pelvic cellulitis,승인,NA,Approved,,DB01059,C0349734,,,,
TP,norfloxacin,Bacterial infection due to Klebsiella pneumoniae,승인,NA,Approved,,DB01059,C0343402,,,,
TP,norfloxacin,Miscarriage with sepsis,승인,NA,Approved,,DB01059,C0269398,,,,
TP,norfloxacin,Urinary tract infection caused by Klebsiella,승인,NA,Approved,,DB01059,C4076057,,,,
TP,norfloxacin,Urinary tract infection caused by Escherichia coli,승인,NA,Approved,,DB01059,C0577708,,,,
TP,norfloxacin,Shigella Infections,승인,NA,Approved,,DB01059,C0013371,,,,
TP,norfloxacin,prostatitis,승인,NA,Approved,,DB01059,C0033581,,,,
TP,norfloxacin,Pneumonia due to Escherichia coli,승인,NA,Approved,,DB01059,C0276089,,,,
TP,norfloxacin,Acute bacterial sinusitis,승인,NA,Approved,,DB01059,C0275556,,,,
TP,norfloxacin,Lower respiratory tract infection,승인,NA,Approved,,DB01059,C0149725,,,,
TP,norfloxacin,Escherichia coli septicemia,승인,NA,Approved,,DB01059,C0276088,,,,
TP,norfloxacin,Haemophilus influenzae pneumonia,승인,NA,Approved,,DB01059,C0276026,,,,
TP,norfloxacin,Staphylococcal Pneumonia,승인,NA,Approved,,DB01059,C0032308,,,,
TP,norfloxacin,"Pneumonia, Bacterial",승인,NA,Approved,,DB01059,C0004626,,,,
TP,norfloxacin,Postnatal infection,승인,NA,Approved,,DB01059,C1278797,,,,
TP,norfloxacin,Proteus pneumonia,승인,NA,Approved,,DB01059,C1260917,,,,
TP,norfloxacin,Infective otitis media,승인,NA,Approved,,DB01059,C0729586,,,,
TP,norfloxacin,Acute gonococcal endometritis,승인,NA,Approved,,DB01059,C0153196,,,,
TP,norfloxacin,Acute osteomyelitis,승인,NA,Approved,,DB01059,C0158371,,,,
TP,norfloxacin,Malignant otitis externa due to Pseudomonas aeruginosa,승인,NA,Approved,,DB01059,C0395818,,,,
TP,norfloxacin,Streptococcal pneumonia,승인,NA,Approved,,DB01059,C0155862,,,,
TP,norfloxacin,Peritonitis,승인,NA,Approved,,DB01059,C0031154,,,,
TP,norfloxacin,Acute maxillary sinusitis,승인,NA,Approved,,DB01059,C0155804,,,,
TP,norfloxacin,Proteus urinary tract infection,승인,NA,Approved,,DB01059,C0577709,,,,
TP,norfloxacin,Otitis Externa,승인,NA,Approved,,DB01059,C0029878,,,,
TP,norfloxacin,Urinary tract infection,승인,NA,Approved,,DB01059,C0042029,,,,
TP,norfloxacin,Rhinoscleroma,승인,NA,Approved,,DB01059,C0035468,,,,
TP,norfloxacin,Chlamydial pelvic inflammatory disease,승인,NA,Approved,,DB01059,C0520777,,,,
TP,norfloxacin,Anthrax disease,승인,NA,Approved,,DB01059,C0003175,,,,
TP,norfloxacin,Arthropathy associated with infection,승인,NA,Approved,,DB01059,C0157749,,,,
TP,norfloxacin,Bacterial urinary infection,승인,NA,Approved,,DB01059,C0729524,,,,
TP,norfloxacin,Bronchitis,승인,NA,Approved,,DB01059,C0006277,,,,
TP,norfloxacin,Bacterial conjunctivitis,승인,NA,Approved,,DB01059,C0009768,,,,
TP,norfloxacin,Female genital tract infection,승인,NA,Approved,,DB01059,C1263758,,,,
TP,norfloxacin,Chancroids,승인,NA,Approved,,DB01059,C0007947,,,,
TP,norfloxacin,Chlamydial pneumonia,승인,NA,Approved,,DB01059,C0339959,,,,
TP,norfloxacin,Acute exacerbation of chronic bronchitis,승인,NA,Approved,,DB01059,C0856695,,,,
TP,norfloxacin,Pyelonephritis,승인,NA,Approved,,DB01059,C0034186,,,,
TP,norfloxacin,Endomyometritis,승인,NA,Approved,,DB01059,C0269050,,,,
TP,norfloxacin,Typhoid Fever,승인,NA,Approved,,DB01059,C0041466,,,,
TP,norfloxacin,Infective otitis externa,승인,NA,Approved,,DB01059,C0021355,,,,
TP,norfloxacin,Gonorrhea of rectum,승인,NA,Approved,,DB01059,C0275665,,,,
TP,norfloxacin,Klebsiella cystitis,승인,NA,Approved,,DB01059,C0520775,,,,
TP,norfloxacin,Dysentery,승인,NA,Approved,,DB01059,C0013369,,,,
TP,norfloxacin,Mycoplasma pneumonia,승인,NA,Approved,,DB01059,C0032302,,,,
TP,norfloxacin,Abdominal Infection,승인,NA,Approved,,DB01059,C1112209,,,,
TP,norfloxacin,Enterobacteriaceae Infections,승인,NA,Approved,,DB01059,C0014347,,,,
TP,norfloxacin,Chlamydial urethritis,승인,NA,Approved,,DB01059,C1278807,,,,
TP,norfloxacin,Acute gonococcal cervicitis,승인,NA,Approved,,DB01059,C0153195,,,,
TP,norfloxacin,non-gonococcal urethritis (NGU),승인,NA,Approved,,DB01059,C1112709,,,,
TP,norfloxacin,Pneumonia,승인,NA,Approved,,DB01059,C0032285,,,,
TP,norfloxacin,Infection of bone,승인,NA,Approved,,DB01059,C2242472,,,,
TP,norfloxacin,Abdominal Abscess,승인,NA,Approved,,DB01059,C0243001,,,,
TP,norfloxacin,Cystitis,승인,NA,Approved,,DB01059,C0010692,,,,
TP,norfloxacin,Postoperative infection,승인,NA,Approved,,DB01059,C0392618,,,,
TP,norfloxacin,Acute gonococcal urethritis,승인,NA,Approved,,DB01059,C0275652,,,,
TP,norfloxacin,Staphylococcus aureus infection,승인,NA,Approved,,DB01059,C1318973,,,,
TP,norfloxacin,Gonorrhea,승인,NA,Approved,,DB01059,C0018081,,,,
TP,norfloxacin,Infection due to Pseudomonas aeruginosa,승인,NA,Approved,,DB01059,C0276075,,,,
TP,norfloxacin,Escherichia coli Infections,승인,NA,Approved,,DB01059,C0014836,,,,
TP,norfloxacin,Enteric campylobacteriosis,승인,NA,Approved,,DB01059,C0275982,,,,
TP,norfloxacin,Infective cystitis,승인,NA,Approved,,DB01059,C0600041,,,,
TP,norfloxacin,Hospital acquired pneumonia,승인,NA,Approved,,DB01059,C0949083,,,,
TP,norfloxacin,Chronic tubotympanic suppurative otitis media,승인,NA,Approved,,DB01059,C0155440,,,,
TP,norgestimate,Acne Vulgaris,승인,NA,Approved,,DB00957,C0001144,,,,
TP,norgestimate,Atrophic Vaginitis,승인,NA,Approved,,DB00957,C0221392,,,,
TP,norgestimate,"Osteoporosis, Postmenopausal",승인,NA,Approved,,DB00957,C0029458,,,,
TP,norgestimate,Atrophy of vulva,승인,NA,Approved,,DB00957,C0156393,,,,
TP,norgestimate,Hot flushes,승인,NA,Approved,,DB00957,C0600142,,,,
TP,amphotericin B,Aspergillosis,승인,NA,Approved,,DB00681,C0004030,,,,
TP,amphotericin B,Candidiasis of the esophagus,승인,NA,Approved,,DB00681,C0239295,,,,
TP,amphotericin B,Yaws,승인,NA,Approved,,DB00681,C0043388,,,,
TP,amphotericin B,Brucellosis,승인,NA,Approved,,DB00681,C0006309,,,,
TP,amphotericin B,Invasive Pulmonary Aspergillosis,승인,NA,Approved,,DB00681,C0276653,,,,
TP,amphotericin B,Coccidioidomycosis,승인,NA,Approved,,DB00681,C0009186,,,,
TP,amphotericin B,Infective otitis media,승인,NA,Approved,,DB00681,C0729586,,,,
TP,amphotericin B,Fungal infection of lung,승인,NA,Approved,,DB00681,C0151874,,,,
TP,amphotericin B,"Meningitis, Fungal",승인,NA,Approved,,DB00681,C0085438,,,,
TP,amphotericin B,Acute gonococcal cervicitis,승인,NA,Approved,,DB00681,C0153195,,,,
TP,amphotericin B,Gonorrhea of rectum,승인,NA,Approved,,DB00681,C0275665,,,,
TP,amphotericin B,Histoplasmosis,승인,NA,Approved,,DB00681,C0019655,,,,
TP,amphotericin B,Mucormycosis,승인,NA,Approved,,DB00681,C0026718,,,,
TP,amphotericin B,Relapsing Fever,승인,NA,Approved,,DB00681,C0035021,,,,
TP,amphotericin B,Granuloma Inguinale,승인,NA,Approved,,DB00681,C0018190,,,,
TP,amphotericin B,Gonorrhea of pharynx,승인,NA,Approved,,DB00681,C0149966,,,,
TP,amphotericin B,Bronchitis,승인,NA,Approved,,DB00681,C0006277,,,,
TP,amphotericin B,Psittacosis,승인,NA,Approved,,DB00681,C0029291,,,,
TP,amphotericin B,Rocky Mountain Spotted Fever,승인,NA,Approved,,DB00681,C0035793,,,,
TP,amphotericin B,Pulmonary cryptococcosis,승인,NA,Approved,,DB00681,C0276688,,,,
TP,amphotericin B,Sinusitis,승인,NA,Approved,,DB00681,C0037199,,,,
TP,amphotericin B,"Leishmaniasis, Visceral",승인,NA,Approved,,DB00681,C0023290,,,,
TP,amphotericin B,Abdominal Infection,승인,NA,Approved,,DB00681,C1112209,,,,
TP,amphotericin B,Q Fever,승인,NA,Approved,,DB00681,C0034362,,,,
TP,amphotericin B,Gonorrhea,승인,NA,Approved,,DB00681,C0018081,,,,
TP,amphotericin B,Chlamydia trachomatis infection of genital structure,승인,NA,Approved,,DB00681,C1997322,,,,
TP,amphotericin B,Syphilis,승인,NA,Approved,,DB00681,C0039128,,,,
TP,amphotericin B,Septicemia candida,승인,NA,Approved,,DB00681,C0349009,,,,
TP,amphotericin B,Fungal septicemia,승인,NA,Approved,,DB00681,C2960008,,,,
TP,amphotericin B,Cutaneous Candidiasis,승인,NA,Approved,,DB00681,C0006846,,,,
TP,amphotericin B,Infection by Cryptococcus neoformans,승인,NA,Approved,,DB00681,C0010414,,,,
TP,amphotericin B,Blastomycosis,승인,NA,Approved,,DB00681,C0005716,,,,
TP,amphotericin B,Lymphogranuloma Venereum,승인,NA,Approved,,DB00681,C0024286,,,,
TP,amphotericin B,Systemic candidiasis,승인,NA,Approved,,DB00681,C0153252,,,,
TP,amphotericin B,Candidal meningitis,승인,NA,Approved,,DB00681,C0153256,,,,
TP,amphotericin B,Candidal endocarditis,승인,NA,Approved,,DB00681,C0153254,,,,
TP,amphotericin B,Candidiasis,승인,NA,Approved,,DB00681,C0006840,,,,
TP,amphotericin B,Disseminated sporotrichosis,승인,NA,Approved,,DB00681,C0276725,,,,
TP,amphotericin B,Acne Vulgaris,승인,NA,Approved,,DB00681,C0001144,,,,
TP,amphotericin B,Mycotic endocarditis,승인,NA,Approved,,DB00681,C0276648,,,,
TP,amphotericin B,Urinary tract infection,승인,NA,Approved,,DB00681,C0042029,,,,
TP,amphotericin B,Pharyngitis,승인,NA,Approved,,DB00681,C0031350,,,,
TP,amphotericin B,Pneumonia,승인,NA,Approved,,DB00681,C0032285,,,,
TP,amphotericin B,Acute gonococcal urethritis,승인,NA,Approved,,DB00681,C0275652,,,,
TP,amphotericin B,Candidemia,승인,NA,Approved,,DB00681,C0877445,,,,
TP,amphotericin B,Diaper Rash,승인,NA,Approved,,DB00681,C0011974,,,,
TP,amphotericin B,Actinomycosis,승인,NA,Approved,,DB00681,C0001261,,,,
TP,amphotericin B,Leishmaniasis,승인,NA,Approved,,DB00681,C0023281,,,,
TP,amphotericin B,Anthrax disease,승인,NA,Approved,,DB00681,C0003175,,,,
TP,amphotericin B,Oral candidiasis,승인,NA,Approved,,DB00681,C0006849,,,,
TP,amphotericin B,Trachoma,승인,NA,Approved,,DB00681,C0040592,,,,
TP,amphotericin B,Gingivostomatitis,승인,NA,Approved,,DB00681,C0149704,,,,
TP,amphotericin B,Rickettsialpox,승인,NA,Approved,,DB00681,C0035597,,,,
TP,nortriptyline,Depressive disorder,승인,NA,Approved,,DB00540,C0011581,,,,
TP,buphenine,Vascular Diseases,승인,NA,Approved,,DB06152,C0042373,,,,
TP,nystatin,"Candidiasis, Vulvovaginal",승인,NA,Approved,,DB00646,C0700345,,,,
TP,nystatin,Mucocutaneous candidiasis,승인,NA,Approved,,DB00646,C0006848,,,,
TP,nystatin,Gastrointestinal candidiasis,승인,NA,Approved,,DB00646,C0343886,,,,
TP,nystatin,Oral candidiasis,승인,NA,Approved,,DB00646,C0006849,,,,
TP,nystatin,Cutaneous Candidiasis,승인,NA,Approved,,DB00646,C0006846,,,,
TP,ampicillin,Acute otitis media,승인,NA,Approved,,DB00415,C0271429,,,,
TP,ampicillin,Acute bacterial epiglottitis,승인,NA,Approved,,DB00415,C0275555,,,,
TP,ampicillin,Escherichia coli septicemia,승인,NA,Approved,,DB00415,C0276088,,,,
TP,ampicillin,Cholangitis,승인,NA,Approved,,DB00415,C0008311,,,,
TP,ampicillin,"Pneumonia, Bacterial",승인,NA,Approved,,DB00415,C0004626,,,,
TP,ampicillin,"Meningitis, Escherichia coli",승인,NA,Approved,,DB00415,C0338395,,,,
TP,ampicillin,Acute exacerbation of chronic bronchitis,승인,NA,Approved,,DB00415,C0856695,,,,
TP,ampicillin,Acute epiglottitis,승인,NA,Approved,,DB00415,C0155814,,,,
TP,ampicillin,Septicemia due to enterococcus,승인,NA,Approved,,DB00415,C0588233,,,,
TP,ampicillin,Acute gonococcal cervicitis,승인,NA,Approved,,DB00415,C0153195,,,,
TP,ampicillin,Gonorrhea of rectum,승인,NA,Approved,,DB00415,C0275665,,,,
TP,ampicillin,Bacterial peritonitis,승인,NA,Approved,,DB00415,C0341503,,,,
TP,ampicillin,Female genital tract infection,승인,NA,Approved,,DB00415,C1263758,,,,
TP,ampicillin,Bacterial Endocarditis,승인,NA,Approved,,DB00415,C0014121,,,,
TP,ampicillin,Staphylococcus aureus infection,승인,NA,Approved,,DB00415,C1318973,,,,
TP,ampicillin,Infective otitis media,승인,NA,Approved,,DB00415,C0729586,,,,
TP,ampicillin,Sepsis due to Staphylococcus aureus,승인,NA,Approved,,DB00415,C2887088,,,,
TP,ampicillin,Bacterial urinary infection,승인,NA,Approved,,DB00415,C0729524,,,,
TP,ampicillin,Salmonella sepsis,승인,NA,Approved,,DB00415,C0152486,,,,
TP,ampicillin,Staphylococcal endocarditis,승인,NA,Approved,,DB00415,C0520767,,,,
TP,ampicillin,Bacterial sepsis,승인,NA,Approved,,DB00415,C0684256,,,,
TP,ampicillin,Streptococcal sepsis,승인,NA,Approved,,DB00415,C0152964,,,,
TP,ampicillin,Sinusitis,승인,NA,Approved,,DB00415,C0037199,,,,
TP,ampicillin,Staphylococcal Pneumonia,승인,NA,Approved,,DB00415,C0032308,,,,
TP,ampicillin,Acute gonococcal urethritis,승인,NA,Approved,,DB00415,C0275652,,,,
TP,ampicillin,"Meningitis, Bacterial",승인,NA,Approved,,DB00415,C0085437,,,,
TP,ampicillin,Acute bacterial sinusitis,승인,NA,Approved,,DB00415,C0275556,,,,
TP,ampicillin,Gonorrhea,승인,NA,Approved,,DB00415,C0018081,,,,
TP,ampicillin,Acute gonococcal endometritis,승인,NA,Approved,,DB00415,C0153196,,,,
TP,ampicillin,"Meningitis, Pneumococcal",승인,NA,Approved,,DB00415,C0025295,,,,
TP,ampicillin,Shigella Infections,승인,NA,Approved,,DB00415,C0013371,,,,
TP,ampicillin,Meningococcal meningitis,승인,NA,Approved,,DB00415,C0025294,,,,
TP,ampicillin,Streptococcal pneumonia,승인,NA,Approved,,DB00415,C0155862,,,,
TP,ampicillin,Pharyngitis,승인,NA,Approved,,DB00415,C0031350,,,,
TP,ampicillin,Urinary tract infection,승인,NA,Approved,,DB00415,C0042029,,,,
TP,ampicillin,Proteus septicemia,승인,NA,Approved,,DB00415,C0577690,,,,
TP,ampicillin,Pneumococcal pharyngitis,승인,NA,Approved,,DB00415,C0275761,,,,
TP,ampicillin,Escherichia coli Infections,승인,NA,Approved,,DB00415,C0014836,,,,
TP,ampicillin,Proteus urinary tract infection,승인,NA,Approved,,DB00415,C0577709,,,,
TP,ampicillin,Streptococcal tonsillitis,승인,NA,Approved,,DB00415,C0275804,,,,
TP,ampicillin,Abdominal Infection,승인,NA,Approved,,DB00415,C1112209,,,,
TP,ampicillin,Enterobacteriaceae Infections,승인,NA,Approved,,DB00415,C0014347,,,,
TP,ampicillin,Paratyphoid Fever,승인,NA,Approved,,DB00415,C0030528,,,,
TP,ampicillin,Rhinoscleroma,승인,NA,Approved,,DB00415,C0035468,,,,
TP,ampicillin,Haemophilus influenzae pneumonia,승인,NA,Approved,,DB00415,C0276026,,,,
TP,octreotide,Acromegaly,승인,NA,Approved,,DB00104,C0001206,,,,
TP,octreotide,Malignant Carcinoid Syndrome,승인,NA,Approved,,DB00104,C0024586,,,,
TP,octreotide,Congenital Hyperinsulinism,승인,NA,Approved,,DB00104,C3888018,,,,
TP,ofloxacin,Pyelonephritis,승인,NA,Approved,,DB01165,C0034186,,,,
TP,ofloxacin,Acute bacterial sinusitis,승인,NA,Approved,,DB01165,C0275556,,,,
TP,ofloxacin,Urinary tract infection caused by Escherichia coli,승인,NA,Approved,,DB01165,C0577708,,,,
TP,ofloxacin,Dysentery,승인,NA,Approved,,DB01165,C0013369,,,,
TP,ofloxacin,Acute bacterial peritonitis,승인,NA,Approved,,DB01165,C0275550,,,,
TP,ofloxacin,Anthrax disease,승인,NA,Approved,,DB01165,C0003175,,,,
TP,ofloxacin,Urinary tract infection caused by Klebsiella,승인,NA,Approved,,DB01165,C4076057,,,,
TP,ofloxacin,Typhoid Fever,승인,NA,Approved,,DB01165,C0041466,,,,
TP,ofloxacin,Proteus pneumonia,승인,NA,Approved,,DB01165,C1260917,,,,
TP,ofloxacin,Infective otitis externa,승인,NA,Approved,,DB01165,C0021355,,,,
TP,ofloxacin,Escherichia coli septicemia,승인,NA,Approved,,DB01165,C0276088,,,,
TP,ofloxacin,Shigella Infections,승인,NA,Approved,,DB01165,C0013371,,,,
TP,ofloxacin,Chronic tubotympanic suppurative otitis media,승인,NA,Approved,,DB01165,C0155440,,,,
TP,ofloxacin,Gonorrhea,승인,NA,Approved,,DB01165,C0018081,,,,
TP,ofloxacin,Infective cystitis,승인,NA,Approved,,DB01165,C0600041,,,,
TP,ofloxacin,Group A Streptococcal Infections,승인,NA,Approved,,DB01165,C0554628,,,,
TP,ofloxacin,Haemophilus influenzae pneumonia,승인,NA,Approved,,DB01165,C0276026,,,,
TP,ofloxacin,Proteus urinary tract infection,승인,NA,Approved,,DB01165,C0577709,,,,
TP,ofloxacin,Staphylococcal Pneumonia,승인,NA,Approved,,DB01165,C0032308,,,,
TP,ofloxacin,Streptococcal pneumonia,승인,NA,Approved,,DB01165,C0155862,,,,
TP,ofloxacin,Pneumonia due to Pseudomonas,승인,NA,Approved,,DB01165,C0155860,,,,
TP,ofloxacin,Klebsiella cystitis,승인,NA,Approved,,DB01165,C0520775,,,,
TP,ofloxacin,Bacterial urinary infection,승인,NA,Approved,,DB01165,C0729524,,,,
TP,ofloxacin,non-gonococcal urethritis (NGU),승인,NA,Approved,,DB01165,C1112709,,,,
TP,ofloxacin,Escherichia coli Infections,승인,NA,Approved,,DB01165,C0014836,,,,
TP,ofloxacin,Arthropathy associated with infection,승인,NA,Approved,,DB01165,C0157749,,,,
TP,ofloxacin,Chlamydial pneumonia,승인,NA,Approved,,DB01165,C0339959,,,,
TP,ofloxacin,Chancroids,승인,NA,Approved,,DB01165,C0007947,,,,
TP,ofloxacin,Infection of bone,승인,NA,Approved,,DB01165,C2242472,,,,
TP,ofloxacin,Acute maxillary sinusitis,승인,NA,Approved,,DB01165,C0155804,,,,
TP,ofloxacin,Pneumonia due to Escherichia coli,승인,NA,Approved,,DB01165,C0276089,,,,
TP,ofloxacin,Gonorrhea of rectum,승인,NA,Approved,,DB01165,C0275665,,,,
TP,ofloxacin,Female genital tract infection,승인,NA,Approved,,DB01165,C1263758,,,,
TP,ofloxacin,Acute gonococcal urethritis,승인,NA,Approved,,DB01165,C0275652,,,,
TP,ofloxacin,Enteric campylobacteriosis,승인,NA,Approved,,DB01165,C0275982,,,,
TP,ofloxacin,Staphylococcus aureus infection,승인,NA,Approved,,DB01165,C1318973,,,,
TP,ofloxacin,Acute gonococcal cervicitis,승인,NA,Approved,,DB01165,C0153195,,,,
TP,ofloxacin,Acute bacterial bronchitis,승인,NA,Approved,,DB01165,C0339933,,,,
TP,ofloxacin,Otitis Externa,승인,NA,Approved,,DB01165,C0029878,,,,
TP,ofloxacin,Acute exacerbation of chronic bronchitis,승인,NA,Approved,,DB01165,C0856695,,,,
TP,ofloxacin,Rhinoscleroma,승인,NA,Approved,,DB01165,C0035468,,,,
TP,ofloxacin,Acute gonococcal endometritis,승인,NA,Approved,,DB01165,C0153196,,,,
TP,ofloxacin,Bacterial infection due to Klebsiella pneumoniae,승인,NA,Approved,,DB01165,C0343402,,,,
TP,ofloxacin,"Pneumonia, Bacterial",승인,NA,Approved,,DB01165,C0004626,,,,
TP,ofloxacin,Enterobacteriaceae Infections,승인,NA,Approved,,DB01165,C0014347,,,,
TP,ofloxacin,Chlamydial pelvic inflammatory disease,승인,NA,Approved,,DB01165,C0520777,,,,
TP,ofloxacin,Postoperative infection,승인,NA,Approved,,DB01165,C0392618,,,,
TP,ofloxacin,Cystitis,승인,NA,Approved,,DB01165,C0010692,,,,
TP,ofloxacin,Malignant otitis externa due to Pseudomonas aeruginosa,승인,NA,Approved,,DB01165,C0395818,,,,
TP,ofloxacin,Pneumonia,승인,NA,Approved,,DB01165,C0032285,,,,
TP,ofloxacin,Urinary tract infection,승인,NA,Approved,,DB01165,C0042029,,,,
TP,ofloxacin,prostatitis,승인,NA,Approved,,DB01165,C0033581,,,,
TP,ofloxacin,Acute Moraxella catarrhalis bronchitis,승인,NA,Approved,,DB01165,C0339932,,,,
TP,ofloxacin,Abdominal Infection,승인,NA,Approved,,DB01165,C1112209,,,,
TP,ofloxacin,Lower respiratory tract infection,승인,NA,Approved,,DB01165,C0149725,,,,
TP,ofloxacin,Bronchitis,승인,NA,Approved,,DB01165,C0006277,,,,
TP,ofloxacin,Mycoplasma pneumonia,승인,NA,Approved,,DB01165,C0032302,,,,
TP,ofloxacin,Infective otitis media,승인,NA,Approved,,DB01165,C0729586,,,,
TP,ofloxacin,Infection due to Pseudomonas aeruginosa,승인,NA,Approved,,DB01165,C0276075,,,,
TP,ofloxacin,Chlamydial urethritis,승인,NA,Approved,,DB01165,C1278807,,,,
TP,ofloxacin,Acute osteomyelitis,승인,NA,Approved,,DB01165,C0158371,,,,
TP,ofloxacin,Hospital acquired pneumonia,승인,NA,Approved,,DB01165,C0949083,,,,
TP,ofloxacin,Bacterial conjunctivitis,승인,NA,Approved,,DB01165,C0009768,,,,
TP,ofloxacin,Abdominal Abscess,승인,NA,Approved,,DB01165,C0243001,,,,
TP,olanzapine,"Depression, Bipolar",승인,NA,Approved,,DB00334,C0005587,,,,
TP,olanzapine,Bipolar disorder in remission,승인,NA,Approved,,DB00334,C0270425,,,,
TP,olanzapine,Major Depressive Disorder,승인,NA,Approved,,DB00334,C1269683,,,,
TP,olanzapine,Mixed bipolar I disorder,승인,NA,Approved,,DB00334,C0236780,,,,
TP,olanzapine,"Bipolar affective disorder, current episode manic",승인,NA,Approved,,DB00334,C0338873,,,,
TP,olanzapine,Schizophrenia,승인,NA,Approved,,DB00334,C0036341,,,,
TP,olmesartan medoxomil,Hypertensive disease,승인,NA,Approved,,DB00275,C0020538,,,,
TP,olopatadine,Allergic rhinitis (disorder),승인,NA,Approved,,DB00768,C2607914,,,,
TP,olopatadine,Hay fever,승인,NA,Approved,,DB00768,C0018621,,,,
TP,olopatadine,Allergic Conjunctivitis,승인,NA,Approved,,DB00768,C0009766,,,,
TP,olsalazine,Ulcerative colitis in remission,승인,NA,Approved,,DB01250,C3697010,,,,
TP,omeprazole,Gastric ulcer,승인,NA,Approved,,DB00338,C0038358,,,,
TP,omeprazole,Zollinger-Ellison syndrome,승인,NA,Approved,,DB00338,C0043515,,,,
TP,omeprazole,Peptic Esophagitis,승인,NA,Approved,,DB00338,C0014869,,,,
TP,omeprazole,Erosive esophagitis,승인,NA,Approved,,DB00338,C0267055,,,,
TP,omeprazole,Gastroesophageal reflux disease,승인,NA,Approved,,DB00338,C0017168,,,,
TP,omeprazole,Duodenal Ulcer,승인,NA,Approved,,DB00338,C0013295,,,,
TP,omeprazole,Peptic Ulcer,승인,NA,Approved,,DB00338,C0030920,,,,
TP,omeprazole,Upper gastrointestinal hemorrhage,승인,NA,Approved,,DB00338,C0041909,,,,
TP,omoconazole,"Candidiasis, Vulvovaginal",승인,NA,Approved,,DB13684,C0700345,,,,
TP,omoconazole,Cutaneous Candidiasis,승인,NA,Approved,,DB13684,C0006846,,,,
TP,omoconazole,Dermatophytosis,승인,NA,Approved,,DB13684,C0011636,,,,
TP,omoconazole,Tinea Versicolor,승인,NA,Approved,,DB13684,C0040262,,,,
TP,opipramol,Depressive disorder,승인,NA,Approved,,DB12930,C0011581,,,,
TP,orazamide,Liver Failure,승인,NA,Approved,,DB06143,C0085605,,,,
TP,orlistat,Obesity,승인,NA,Approved,,DB01083,C0028754,,,,
TP,orphenadrine,Parkinsonian Disorders,승인,NA,Approved,,DB01173,C0242422,,,,
TP,orphenadrine,Muscle Spasticity,승인,NA,Approved,,DB01173,C0026838,,,,
TP,amprenavir,HIV Infections,승인,NA,Approved,,DB00701,C0019693,,,,
TP,oseltamivir,Influenza,승인,NA,Approved,,DB00198,C0021400,,,,
TP,oteracil,Malignant neoplasm of stomach,승인,NA,Approved,,DB03209,C0024623,,,,
TP,oxaceprol,Degenerative polyarthritis,승인,NA,Approved,,DB13363,C0029408,,,,
TP,oxacillin,Staphylococcal Pneumonia,승인,NA,Approved,,DB00713,C0032308,,,,
TP,oxacillin,Staphylococcal Infections,승인,NA,Approved,,DB00713,C0038160,,,,
TP,oxacillin,Infection of bone,승인,NA,Approved,,DB00713,C2242472,,,,
TP,oxacillin,Sepsis due to Staphylococcus aureus,승인,NA,Approved,,DB00713,C2887088,,,,
TP,oxacillin,Lower respiratory tract infection,승인,NA,Approved,,DB00713,C0149725,,,,
TP,oxacillin,Osteomyelitis due to Staphylococcus aureus,승인,NA,Approved,,DB00713,C1997728,,,,
TP,oxacillin,Acute bacterial sinusitis,승인,NA,Approved,,DB00713,C0275556,,,,
TP,oxacillin,Staphylococcus aureus infection,승인,NA,Approved,,DB00713,C1318973,,,,
TP,oxacillin,Staphylococcal endocarditis,승인,NA,Approved,,DB00713,C0520767,,,,
TP,oxacillin,Sinusitis,승인,NA,Approved,,DB00713,C0037199,,,,
TP,oxacillin,Staphylococcal meningitis,승인,NA,Approved,,DB00713,C0154640,,,,
TP,oxacillin,Pharyngitis,승인,NA,Approved,,DB00713,C0031350,,,,
TP,oxacillin,Staphylococcal sepsis,승인,NA,Approved,,DB00713,C0152965,,,,
TP,oxaflozane,Anxiety,승인,NA,Approved,,DB13457,C0003467,,,,
TP,oxamniquine,Schistosomiasis,승인,NA,Approved,,DB01096,C0036323,,,,
TP,amrinone,Decompensated cardiac failure,승인,NA,Approved,,DB01427,C0581377,,,,
TP,oxaprozin,Juvenile arthritis,승인,NA,Approved,,DB00991,C3495559,,,,
TP,oxaprozin,Degenerative polyarthritis,승인,NA,Approved,,DB00991,C0029408,,,,
TP,oxaprozin,Rheumatoid Arthritis,승인,NA,Approved,,DB00991,C0003873,,,,
TP,oxazepam,Anxiety,승인,NA,Approved,,DB00842,C0003467,,,,
TP,oxazepam,Alcohol Withdrawal Delirium,승인,NA,Approved,,DB00842,C0001957,,,,
TP,oxcarbazepine,Epilepsy characterized by intractable complex partial seizures,승인,NA,Approved,,DB00776,C2711653,,,,
TP,oxcarbazepine,"Epilepsies, Partial",승인,NA,Approved,,DB00776,C0014547,,,,
TP,oxcarbazepine,Simple Partial Seizures,승인,NA,Approved,,DB00776,C0234974,,,,
TP,oxeladin,Dry cough,승인,NA,Approved,,DB04822,C0850149,,,,
TP,oxetorone,Migraine Disorders,승인,NA,Approved,,DB13463,C0149931,,,,
TP,oxitropium,Chronic Obstructive Airway Disease,승인,NA,Approved,,DB12086,C0024117,,,,
TP,oxyphencyclimine,Peptic Ulcer,승인,NA,Approved,,DB00383,C0030920,,,,
TP,oxprenolol,Hypertensive disease,승인,NA,Approved,,DB01580,C0020538,,,,
TP,oxprenolol,Angina Pectoris,승인,NA,Approved,,DB01580,C0002962,,,,
TP,oxprenolol,Ventricular arrhythmia,승인,NA,Approved,,DB01580,C0085612,,,,
TP,oxprenolol,Anxiety,승인,NA,Approved,,DB01580,C0003467,,,,
TP,oxybutynin,Urgency of micturition,승인,NA,Approved,,DB01062,C0085606,,,,
TP,oxybutynin,Urge Incontinence,승인,NA,Approved,,DB01062,C0150045,,,,
TP,oxybutynin,Bladder muscle dysfunction - overactive,승인,NA,Approved,,DB01062,C0403643,,,,
TP,oxybutynin,Neurogenic Urinary Bladder,승인,NA,Approved,,DB01062,C0005697,,,,
TP,oxycodone,"Postoperative Pain, Acute",승인,NA,Approved,,DB00497,C2215257,,,,
TP,oxycodone,Severe pain,승인,NA,Approved,,DB00497,C0278140,,,,
TP,oxymetazoline,Persistent erythema of skin,승인,NA,Approved,,DB00935,C1720538,,,,
TP,oxymetazoline,Rhinorrhea,승인,NA,Approved,,DB00935,C1260880,,,,
TP,oxymetazoline,Nasal congestion (finding),승인,NA,Approved,,DB00935,C0027424,,,,
TP,oxymetazoline,Redness of eye,승인,NA,Approved,,DB00935,C0235267,,,,
TP,oxymetholone,Aplastic Anemia,승인,NA,Approved,,DB06412,C0002874,,,,
TP,oxymetholone,Hypoplastic anemia,승인,NA,Approved,,DB06412,C0178416,,,,
TP,oxymetholone,"Anemia, Diamond-Blackfan",승인,NA,Approved,,DB06412,C1260899,,,,
TP,oxymorphone,Pain,승인,NA,Approved,,DB01192,C0030193,,,,
TP,oxymorphone,Chronic pain,승인,NA,Approved,,DB01192,C0150055,,,,
TP,oxymorphone,Severe pain,승인,NA,Approved,,DB01192,C0278140,,,,
TP,oxymorphone,Labor Pain,승인,NA,Approved,,DB01192,C0474368,,,,
TP,oxypertine,Schizophrenia,승인,NA,Approved,,DB13403,C0036341,,,,
TP,oxyphenisatine acetate,Constipation,승인,NA,Approved,,DB14627,C0009806,,,,
TP,oxyphenisatine,Constipation,승인,NA,Approved,,DB04823,C0009806,,,,
TP,oxytetracycline,Bacterial keratitis,승인,NA,Approved,,DB00595,C0854211,,,,
TP,oxytetracycline,Rocky Mountain Spotted Fever,승인,NA,Approved,,DB00595,C0035793,,,,
TP,oxytetracycline,Lymphogranuloma Venereum,승인,NA,Approved,,DB00595,C0024286,,,,
TP,oxytetracycline,Acute gonococcal urethritis,승인,NA,Approved,,DB00595,C0275652,,,,
TP,oxytetracycline,Bacterial conjunctivitis,승인,NA,Approved,,DB00595,C0009768,,,,
TP,oxytetracycline,Brucellosis,승인,NA,Approved,,DB00595,C0006309,,,,
TP,oxytetracycline,Relapsing Fever,승인,NA,Approved,,DB00595,C0035021,,,,
TP,oxytetracycline,Actinomycosis,승인,NA,Approved,,DB00595,C0001261,,,,
TP,oxytetracycline,Chlamydia trachomatis infection of genital structure,승인,NA,Approved,,DB00595,C1997322,,,,
TP,oxytetracycline,Syphilis,승인,NA,Approved,,DB00595,C0039128,,,,
TP,oxytetracycline,Acute gonococcal cervicitis,승인,NA,Approved,,DB00595,C0153195,,,,
TP,oxytetracycline,Infective otitis media,승인,NA,Approved,,DB00595,C0729586,,,,
TP,oxytetracycline,Anthrax disease,승인,NA,Approved,,DB00595,C0003175,,,,
TP,oxytetracycline,Pharyngitis,승인,NA,Approved,,DB00595,C0031350,,,,
TP,oxytetracycline,Psittacosis,승인,NA,Approved,,DB00595,C0029291,,,,
TP,oxytetracycline,Trachoma,승인,NA,Approved,,DB00595,C0040592,,,,
TP,oxytetracycline,Gingivostomatitis,승인,NA,Approved,,DB00595,C0149704,,,,
TP,oxytetracycline,Bronchitis,승인,NA,Approved,,DB00595,C0006277,,,,
TP,oxytetracycline,Granuloma Inguinale,승인,NA,Approved,,DB00595,C0018190,,,,
TP,oxytetracycline,Sinusitis,승인,NA,Approved,,DB00595,C0037199,,,,
TP,oxytetracycline,Acute gonococcal epididymo-orchitis,승인,NA,Approved,,DB00595,C0153193,,,,
TP,oxytetracycline,Gonorrhea of rectum,승인,NA,Approved,,DB00595,C0275665,,,,
TP,oxytetracycline,Gonorrhea of pharynx,승인,NA,Approved,,DB00595,C0149966,,,,
TP,oxytetracycline,Acute gonococcal endometritis,승인,NA,Approved,,DB00595,C0153196,,,,
TP,oxytetracycline,Rickettsialpox,승인,NA,Approved,,DB00595,C0035597,,,,
TP,oxytetracycline,Pneumonia,승인,NA,Approved,,DB00595,C0032285,,,,
TP,oxytetracycline,Urinary tract infection,승인,NA,Approved,,DB00595,C0042029,,,,
TP,oxytetracycline,Q Fever,승인,NA,Approved,,DB00595,C0034362,,,,
TP,oxytetracycline,Yaws,승인,NA,Approved,,DB00595,C0043388,,,,
TP,oxytocin,Unspecified Abortion,승인,NA,Approved,,DB00107,C0156543,,,,
TP,oxytocin,Postpartum Hemorrhage,승인,NA,Approved,,DB00107,C0032797,,,,
TP,oxytocin,Incomplete spontaneous abortion,승인,NA,Approved,,DB00107,C0000810,,,,
TP,ozagrel,Cerebral Vasospasm,승인,NA,Approved,,DB12017,C0265110,,,,
TP,ozagrel,Asthma,승인,NA,Approved,,DB12017,C0004096,,,,
TP,paclitaxel,Metastatic malignant neoplasm to pancreas,승인,NA,Approved,,DB01229,C0346976,,,,
TP,paclitaxel,Kaposi Sarcoma,승인,NA,Approved,,DB01229,C0036220,,,,
TP,paclitaxel,"Glaucoma, Open-Angle",승인,NA,Approved,,DB01229,C0017612,,,,
TP,paclitaxel,Malignant neoplasm of ovary,승인,NA,Approved,,DB01229,C1140680,,,,
TP,paclitaxel,Ocular Hypertension,승인,NA,Approved,,DB01229,C0028840,,,,
TP,paclitaxel,Non-Small Cell Lung Carcinoma,승인,NA,Approved,,DB01229,C0007131,,,,
TP,paclitaxel,Hypertensive disease,승인,NA,Approved,,DB01229,C0020538,,,,
TP,paclitaxel,Breast Carcinoma,승인,NA,Approved,,DB01229,C0678222,,,,
TP,paclitaxel,Malignant tumor of peritoneum,승인,NA,Approved,,DB01229,C0153467,,,,
TP,paclitaxel,Fallopian Tube Carcinoma,승인,NA,Approved,,DB01229,C0238122,,,,
TP,pamidronic acid,Humoral hypercalcemia of malignancy (disorder),승인,NA,Approved,,DB00282,C0149911,,,,
TP,pamidronic acid,Osteitis Deformans,승인,NA,Approved,,DB00282,C0029401,,,,
TP,aminobenzoic acid,Pemphigus,승인,NA,Approved,,DB02362,C0030807,,,,
TP,aminobenzoic acid,Peyronie Disease,승인,NA,Approved,,DB02362,C0030848,,,,
TP,aminobenzoic acid,Morphea,승인,NA,Approved,,DB02362,C1527383,,,,
TP,aminobenzoic acid,Scleroderma,승인,NA,Approved,,DB02362,C0011644,,,,
TP,aminobenzoic acid,Systemic Scleroderma,승인,NA,Approved,,DB02362,C0036421,,,,
TP,aminobenzoic acid,Dermatomyositis,승인,NA,Approved,,DB02362,C0011633,,,,
TP,amyl nitrite,Toxic effect of cyanide,승인,NA,Approved,,DB01612,C0238080,,,,
TP,aminosalicylic acid,Acute tuberculosis,승인,NA,Approved,,DB00233,C0275959,,,,
TP,aminosalicylic acid,"Tuberculosis, Pulmonary",승인,NA,Approved,,DB00233,C0041327,,,,
TP,pantoprazole,Erosive esophagitis,승인,NA,Approved,,DB00213,C0267055,,,,
TP,pantoprazole,Zollinger-Ellison syndrome,승인,NA,Approved,,DB00213,C0043515,,,,
TP,pantoprazole,Gastroesophageal reflux disease,승인,NA,Approved,,DB00213,C0017168,,,,
TP,pantoprazole,Multiple Endocrine Neoplasia,승인,NA,Approved,,DB00213,C0027662,,,,
TP,pantoprazole,Peptic Ulcer,승인,NA,Approved,,DB00213,C0030920,,,,
TP,calcium pantothenate,Pantothenic acid deficiency,승인,NA,Approved,,DB01783,C0342938,,,,
TP,calcium pantothenate,Ascorbic Acid Deficiency,승인,NA,Approved,,DB01783,C0003969,,,,
TP,papaverine,Peripheral Vascular Diseases,승인,NA,Approved,,DB01113,C0085096,,,,
TP,papaverine,Cerebral Ischemia,승인,NA,Approved,,DB01113,C0917798,,,,
TP,paramethadione,Epilepsy,승인,NA,Approved,,DB00617,C0014544,,,,
TP,paramethadione,Absence Epilepsy,승인,NA,Approved,,DB00617,C0014553,,,,
TP,parecoxib,"Postoperative Pain, Acute",승인,NA,Approved,,DB08439,C2215257,,,,
TP,pargyline,Hypertensive disease,승인,NA,Approved,,DB01626,C0020538,,,,
TP,paromomycin,Acute amebiasis,승인,NA,Approved,,DB01421,C0152499,,,,
TP,paromomycin,Hepatic Coma,승인,NA,Approved,,DB01421,C0019147,,,,
TP,paroxetine,Major Depressive Disorder,승인,NA,Approved,,DB00715,C1269683,,,,
TP,paroxetine,Obsessive-Compulsive Disorder,승인,NA,Approved,,DB00715,C0028768,,,,
TP,paroxetine,Panic Disorder,승인,NA,Approved,,DB00715,C0030319,,,,
TP,paroxetine,"Phobia, Social",승인,NA,Approved,,DB00715,C0031572,,,,
TP,paroxetine,Post-Traumatic Stress Disorder,승인,NA,Approved,,DB00715,C0038436,,,,
TP,paroxetine,Premenstrual Dysphoric Disorder,승인,NA,Approved,,DB00715,C0520676,,,,
TP,paroxetine,Generalized Anxiety Disorder,승인,NA,Approved,,DB00715,C0270549,,,,
TP,paroxetine,Depressive disorder,승인,NA,Approved,,DB00715,C0011581,,,,
TP,paroxetine,Hot flushes,승인,NA,Approved,,DB00715,C0600142,,,,
TP,pazufloxacin,Sepsis caused by Streptococcus pneumoniae,승인,NA,Approved,,DB11774,C2887084,,,,
TP,pemetrexed,Malignant Pleural Mesothelioma,승인,NA,Approved,,DB00642,C0812413,,,,
TP,pemetrexed,Non-Small Cell Lung Carcinoma,승인,NA,Approved,,DB00642,C0007131,,,,
TP,pemirolast,Allergic Conjunctivitis,승인,NA,Approved,,DB00885,C0009766,,,,
TP,pemirolast,Asthma,승인,NA,Approved,,DB00885,C0004096,,,,
TP,pemirolast,Allergic rhinitis (disorder),승인,NA,Approved,,DB00885,C2607914,,,,
TP,pemoline,Attention deficit hyperactivity disorder,승인,NA,Approved,,DB01230,C1263846,,,,
TP,penbutolol,Hypertensive disease,승인,NA,Approved,,DB01359,C0020538,,,,
TP,penciclovir,Herpes Labialis,승인,NA,Approved,,DB00299,C0019345,,,,
TP,penicillamine,Rheumatoid Arthritis,승인,NA,Approved,,DB00859,C0003873,,,,
TP,penicillamine,Hepatolenticular Degeneration,승인,NA,Approved,,DB00859,C0019202,,,,
TP,penicillamine,Cystinuria,승인,NA,Approved,,DB00859,C0010691,,,,
TP,benzylpenicillin,Septicemia due to enterococcus,승인,NA,Approved,,DB01053,C0588233,,,,
TP,benzylpenicillin,Streptococcal toxic shock syndrome,승인,NA,Approved,,DB01053,C0343532,,,,
TP,benzylpenicillin,Botulism,승인,NA,Approved,,DB01053,C0006057,,,,
TP,benzylpenicillin,Gonococcal joint infection,승인,NA,Approved,,DB01053,C0153216,,,,
TP,benzylpenicillin,"Syphilis, Congenital",승인,NA,Approved,,DB01053,C0039131,,,,
TP,benzylpenicillin,Neurosyphilis,승인,NA,Approved,,DB01053,C0027927,,,,
TP,benzylpenicillin,Neonatal meningitis,승인,NA,Approved,,DB01053,C0456107,,,,
TP,benzylpenicillin,"Syphilis, secondary",승인,NA,Approved,,DB01053,C0149985,,,,
TP,benzylpenicillin,Pasteurella Infections,승인,NA,Approved,,DB01053,C0030636,,,,
TP,benzylpenicillin,Yaws,승인,NA,Approved,,DB01053,C0043388,,,,
TP,benzylpenicillin,Infection by Pasteurella multocida,승인,NA,Approved,,DB01053,C1260911,,,,
TP,benzylpenicillin,Gingivostomatitis,승인,NA,Approved,,DB01053,C0149704,,,,
TP,benzylpenicillin,Streptococcal pneumonia,승인,NA,Approved,,DB01053,C0155862,,,,
TP,benzylpenicillin,Abdominal actinomycosis,승인,NA,Approved,,DB01053,C0001263,,,,
TP,benzylpenicillin,Latent yaws,승인,NA,Approved,,DB01053,C0153240,,,,
TP,benzylpenicillin,Tetanus,승인,NA,Approved,,DB01053,C0039614,,,,
TP,benzylpenicillin,Aspiration Pneumonia,승인,NA,Approved,,DB01053,C0032290,,,,
TP,benzylpenicillin,Infection due to Erysipelothrix rhusiopathiae (disorder),승인,NA,Approved,,DB01053,C1276801,,,,
TP,benzylpenicillin,Acute otitis media,승인,NA,Approved,,DB01053,C0271429,,,,
TP,benzylpenicillin,Cutaneous anthrax,승인,NA,Approved,,DB01053,C0003177,,,,
TP,benzylpenicillin,Diphtheria,승인,NA,Approved,,DB01053,C0012546,,,,
TP,benzylpenicillin,Late latent syphilis,승인,NA,Approved,,DB01053,C1260915,,,,
TP,benzylpenicillin,Meningococcal meningitis,승인,NA,Approved,,DB01053,C0025294,,,,
TP,benzylpenicillin,Listerial endocarditis,승인,NA,Approved,,DB01053,C0348868,,,,
TP,benzylpenicillin,Rat-Bite Fever,승인,NA,Approved,,DB01053,C0034686,,,,
TP,benzylpenicillin,Streptococcal meningitis,승인,NA,Approved,,DB01053,C0154639,,,,
TP,benzylpenicillin,"Syphilis, Latent",승인,NA,Approved,,DB01053,C0039133,,,,
TP,benzylpenicillin,Pulmonary actinomycosis,승인,NA,Approved,,DB01053,C0275566,,,,
TP,benzylpenicillin,Upper Respiratory Infections,승인,NA,Approved,,DB01053,C0041912,,,,
TP,benzylpenicillin,"Meningitis, Pneumococcal",승인,NA,Approved,,DB01053,C0025295,,,,
TP,benzylpenicillin,Anthrax sepsis,승인,NA,Approved,,DB01053,C0152946,,,,
TP,benzylpenicillin,Pinta,승인,NA,Approved,,DB01053,C0031946,,,,
TP,benzylpenicillin,Streptococcal Infections,승인,NA,Approved,,DB01053,C0038395,,,,
TP,benzylpenicillin,Anthrax disease,승인,NA,Approved,,DB01053,C0003175,,,,
TP,benzylpenicillin,Bejel,승인,NA,Approved,,DB01053,C0004945,,,,
TP,benzylpenicillin,"Pneumonia, Necrotizing",승인,NA,Approved,,DB01053,C0264515,,,,
TP,benzylpenicillin,Cervicofacial actinomycosis,승인,NA,Approved,,DB01053,C0001264,,,,
TP,benzylpenicillin,Lung Abscess,승인,NA,Approved,,DB01053,C0024110,,,,
TP,benzylpenicillin,Syphilis,승인,NA,Approved,,DB01053,C0039128,,,,
TP,benzylpenicillin,Infective otitis media,승인,NA,Approved,,DB01053,C0729586,,,,
TP,benzylpenicillin,"Syphilis, tertiary",승인,NA,Approved,,DB01053,C0153188,,,,
TP,benzylpenicillin,Streptococcal tonsillitis,승인,NA,Approved,,DB01053,C0275804,,,,
TP,benzylpenicillin,Erysipelas,승인,NA,Approved,,DB01053,C0014733,,,,
TP,benzylpenicillin,Group A Streptococcal Infections,승인,NA,Approved,,DB01053,C0554628,,,,
TP,benzylpenicillin,Primary genital syphilis,승인,NA,Approved,,DB01053,C0017418,,,,
TP,benzylpenicillin,Sepsis of the newborn,승인,NA,Approved,,DB01053,C0456103,,,,
TP,benzylpenicillin,"Early latent syphilis, positive serology, negative cerebrospinal fluid, less than 2 years after infection",승인,NA,Approved,,DB01053,C0275842,,,,
TP,benzylpenicillin,Fusospirochetal pharyngitis,승인,NA,Approved,,DB01053,C1318559,,,,
TP,benzylpenicillin,Bacterial Endocarditis,승인,NA,Approved,,DB01053,C0014121,,,,
TP,benzylpenicillin,Gas gangrene caused by clostridium perfringens,승인,NA,Approved,,DB01053,C0343500,,,,
TP,benzylpenicillin,Scarlet Fever,승인,NA,Approved,,DB01053,C0036285,,,,
TP,benzylpenicillin,Neonatal pneumonia,승인,NA,Approved,,DB01053,C0339968,,,,
TP,benzylpenicillin,"Meningitis, Listeria",승인,NA,Approved,,DB01053,C0025293,,,,
TP,benzylpenicillin,Gastrointestinal anthrax,승인,NA,Approved,,DB01053,C0152945,,,,
TP,benzylpenicillin,Tertiary lesion of yaws,승인,NA,Approved,,DB01053,C0343833,,,,
TP,benzylpenicillin,Inhalational anthrax,승인,NA,Approved,,DB01053,C0155866,,,,
TP,benzylpenicillin,Pharyngitis,승인,NA,Approved,,DB01053,C0031350,,,,
TP,benzylpenicillin,Staphylococcus aureus infection,승인,NA,Approved,,DB01053,C1318973,,,,
TP,benzylpenicillin,Actinomycosis,승인,NA,Approved,,DB01053,C0001261,,,,
TP,benzylpenicillin,Meningococcemia,승인,NA,Approved,,DB01053,C0025306,,,,
TP,phenoxymethylpenicillin,Pharyngitis,승인,NA,Approved,,DB00417,C0031350,,,,
TP,phenoxymethylpenicillin,Staphylococcus aureus infection,승인,NA,Approved,,DB00417,C1318973,,,,
TP,phenoxymethylpenicillin,Fusospirochetal pharyngitis,승인,NA,Approved,,DB00417,C1318559,,,,
TP,phenoxymethylpenicillin,Acute otitis media,승인,NA,Approved,,DB00417,C0271429,,,,
TP,phenoxymethylpenicillin,Erysipelas,승인,NA,Approved,,DB00417,C0014733,,,,
TP,phenoxymethylpenicillin,Group A Streptococcal Infections,승인,NA,Approved,,DB00417,C0554628,,,,
TP,phenoxymethylpenicillin,Infective otitis media,승인,NA,Approved,,DB00417,C0729586,,,,
TP,phenoxymethylpenicillin,Upper Respiratory Infections,승인,NA,Approved,,DB00417,C0041912,,,,
TP,phenoxymethylpenicillin,Gingivostomatitis,승인,NA,Approved,,DB00417,C0149704,,,,
TP,phenoxymethylpenicillin,Streptococcal tonsillitis,승인,NA,Approved,,DB00417,C0275804,,,,
TP,phenoxymethylpenicillin,Scarlet Fever,승인,NA,Approved,,DB00417,C0036285,,,,
TP,anagrelide,"Thrombocythemia, Essential",승인,NA,Approved,,DB00261,C0040028,,,,
TP,pentamidine,African Trypanosomiasis,승인,NA,Approved,,DB00738,C0041228,,,,
TP,penthienate,Peptic Ulcer,승인,NA,Approved,,DB13695,C0030920,,,,
TP,penthienate,Gastric spasm (disorder),승인,NA,Approved,,DB13695,C0581358,,,,
TP,pentobarbital,Epilepsy,승인,NA,Approved,,DB00312,C0014544,,,,
TP,pentobarbital,Status Epilepticus,승인,NA,Approved,,DB00312,C0038220,,,,
TP,pentobarbital,Cerebral Ischemia,승인,NA,Approved,,DB00312,C0917798,,,,
TP,pentobarbital,Sleeplessness,승인,NA,Approved,,DB00312,C0917801,,,,
TP,pentobarbital,Severe anxiety (panic),승인,NA,Approved,,DB00312,C0231403,,,,
TP,pentosan polysulfate,Bladder pain,승인,NA,Approved,,DB00686,C0232849,,,,
TP,pentosan polysulfate,Interstitial Cystitis,승인,NA,Approved,,DB00686,C0282488,,,,
TP,pentostatin,Hairy Cell Leukemia,승인,NA,Approved,,DB00552,C0023443,,,,
TP,pentoxifylline,Peripheral Vascular Diseases,승인,NA,Approved,,DB00806,C0085096,,,,
TP,aminopterin,leukemia,승인,NA,Approved,,DB08878,C0023418,,,,
TP,anastrozole,Hormone receptor positive malignant neoplasm of breast,승인,NA,Approved,,DB01217,C1562029,,,,
TP,perazine,Anxiety,승인,NA,Approved,,DB12710,C0003467,,,,
TP,perazine,Chemotherapy-induced nausea and vomiting,승인,NA,Approved,,DB12710,C0401160,,,,
TP,perazine,Enterobiasis,승인,NA,Approved,,DB12710,C0086227,,,,
TP,perazine,Schizophrenia,승인,NA,Approved,,DB12710,C0036341,,,,
TP,perazine,Nausea and vomiting,승인,NA,Approved,,DB12710,C0027498,,,,
TP,perazine,Nausea,승인,NA,Approved,,DB12710,C0027497,,,,
TP,perazine,Ascariasis,승인,NA,Approved,,DB12710,C0003950,,,,
TP,perazine,Vomiting,승인,NA,Approved,,DB12710,C0042963,,,,
TP,pergolide,Parkinsonian Disorders,승인,NA,Approved,,DB01186,C0242422,,,,
TP,perindopril,Hypertensive disease,승인,NA,Approved,,DB00790,C0020538,,,,
TP,perospirone,Schizophrenia,승인,NA,Approved,,DB08922,C0036341,,,,
TP,perphenazine,Nausea and vomiting,승인,NA,Approved,,DB00850,C0027498,,,,
TP,perphenazine,Schizophrenia,승인,NA,Approved,,DB00850,C0036341,,,,
TP,perphenazine,Mixed anxiety and depressive disorder,승인,NA,Approved,,DB00850,C0338908,,,,
TP,phenacemide,Epilepsy,승인,NA,Approved,,DB01121,C0014544,,,,
TP,phenacemide,Epilepsy characterized by intractable complex partial seizures,승인,NA,Approved,,DB01121,C2711653,,,,
TP,phenazopyridine,Dysuria,승인,NA,Approved,,DB01438,C0013428,,,,
TP,phendimetrazine,Obesity,승인,NA,Approved,,DB01579,C0028754,,,,
TP,phenelzine,Depressive disorder,승인,NA,Approved,,DB00780,C0011581,,,,
TP,phenindamine,Allergic Conjunctivitis,승인,NA,Approved,,DB01619,C0009766,,,,
TP,phenindamine,Pruritus,승인,NA,Approved,,DB01619,C0033774,,,,
TP,phenindamine,Rhinorrhea,승인,NA,Approved,,DB01619,C1260880,,,,
TP,phenindamine,Dermatographic urticaria,승인,NA,Approved,,DB01619,C0343065,,,,
TP,phenindamine,"Rhinitis, Vasomotor",승인,NA,Approved,,DB01619,C0035460,,,,
TP,phenindamine,Urticaria,승인,NA,Approved,,DB01619,C0042109,,,,
TP,phenindamine,Nasal congestion (finding),승인,NA,Approved,,DB01619,C0027424,,,,
TP,phenindamine,Sneezing,승인,NA,Approved,,DB01619,C0037383,,,,
TP,phenindamine,Allergic rhinitis (disorder),승인,NA,Approved,,DB01619,C2607914,,,,
TP,pheniramine,Allergic rhinitis (disorder),승인,NA,Approved,,DB01620,C2607914,,,,
TP,pheniramine,Dermatographic urticaria,승인,NA,Approved,,DB01620,C0343065,,,,
TP,pheniramine,Redness of eye,승인,NA,Approved,,DB01620,C0235267,,,,
TP,pheniramine,Fever,승인,NA,Approved,,DB01620,C0015967,,,,
TP,pheniramine,Hay fever,승인,NA,Approved,,DB01620,C0018621,,,,
TP,pheniramine,Rhinorrhea,승인,NA,Approved,,DB01620,C1260880,,,,
TP,pheniramine,Urticaria,승인,NA,Approved,,DB01620,C0042109,,,,
TP,pheniramine,Influenza-like symptoms,승인,NA,Approved,,DB01620,C0392171,,,,
TP,pheniramine,Sore Throat,승인,NA,Approved,,DB01620,C0242429,,,,
TP,pheniramine,Sneezing,승인,NA,Approved,,DB01620,C0037383,,,,
TP,pheniramine,Sinus headache,승인,NA,Approved,,DB01620,C0037195,,,,
TP,pheniramine,Headache Disorders,승인,NA,Approved,,DB01620,C0393735,,,,
TP,pheniramine,Common Cold,승인,NA,Approved,,DB01620,C0009443,,,,
TP,pheniramine,Allergic Conjunctivitis,승인,NA,Approved,,DB01620,C0009766,,,,
TP,pheniramine,Nasal congestion (finding),승인,NA,Approved,,DB01620,C0027424,,,,
TP,pheniramine,Coughing,승인,NA,Approved,,DB01620,C0010200,,,,
TP,pheniramine,"Rhinitis, Vasomotor",승인,NA,Approved,,DB01620,C0035460,,,,
TP,pheniramine,Pruritus,승인,NA,Approved,,DB01620,C0033774,,,,
TP,phenmetrazine,Obesity,승인,NA,Approved,,DB00830,C0028754,,,,
TP,phenobarbital,Simple Partial Seizures,승인,NA,Approved,,DB01174,C0234974,,,,
TP,phenobarbital,Bipolar disorder in remission,승인,NA,Approved,,DB01174,C0270425,,,,
TP,phenobarbital,Vascular Headaches,승인,NA,Approved,,DB01174,C0042376,,,,
TP,phenobarbital,Lennox-Gastaut syndrome,승인,NA,Approved,,DB01174,C0238111,,,,
TP,phenobarbital,Epilepsy,승인,NA,Approved,,DB01174,C0014544,,,,
TP,phenobarbital,Tonic - clonic seizures,승인,NA,Approved,,DB01174,C0494475,,,,
TP,phenobarbital,Cluster Headache,승인,NA,Approved,,DB01174,C0009088,,,,
TP,phenobarbital,Migraine Disorders,승인,NA,Approved,,DB01174,C0149931,,,,
TP,phenobarbital,Tonic-Clonic Epilepsy,승인,NA,Approved,,DB01174,C0014549,,,,
TP,phenobarbital,Epilepsy characterized by intractable complex partial seizures,승인,NA,Approved,,DB01174,C2711653,,,,
TP,phenoxybenzamine,Pheochromocytoma,승인,NA,Approved,,DB00925,C0031511,,,,
TP,phenprocoumon,Thrombosis,승인,NA,Approved,,DB00946,C0040053,,,,
TP,phenprocoumon,Myocardial Infarction,승인,NA,Approved,,DB00946,C0027051,,,,
TP,phenprocoumon,Thromboembolism,승인,NA,Approved,,DB00946,C0040038,,,,
TP,phensuximide,Epilepsy,승인,NA,Approved,,DB00832,C0014544,,,,
TP,phensuximide,Absence Epilepsy,승인,NA,Approved,,DB00832,C0014553,,,,
TP,phentermine,Hypotension,승인,NA,Approved,,DB00191,C0020649,,,,
TP,phentermine,Obesity,승인,NA,Approved,,DB00191,C0028754,,,,
TP,phentolamine,Peripheral Vascular Diseases,승인,NA,Approved,,DB00692,C0085096,,,,
TP,phentolamine,Pheochromocytoma,승인,NA,Approved,,DB00692,C0031511,,,,
TP,phentolamine,Cerebral Ischemia,승인,NA,Approved,,DB00692,C0917798,,,,
TP,phentolamine,Paroxysmal hypertension,승인,NA,Approved,,DB00692,C0221154,,,,
TP,phenylephrine,Coughing,승인,NA,Approved,,DB00388,C0010200,,,,
TP,phenylephrine,Sneezing,승인,NA,Approved,,DB00388,C0037383,,,,
TP,phenylephrine,Rhinorrhea,승인,NA,Approved,,DB00388,C1260880,,,,
TP,phenylephrine,Fever,승인,NA,Approved,,DB00388,C0015967,,,,
TP,phenylephrine,Redness of eye,승인,NA,Approved,,DB00388,C0235267,,,,
TP,phenylephrine,Rectal pain,승인,NA,Approved,,DB00388,C0034886,,,,
TP,phenylephrine,Allergic Conjunctivitis,승인,NA,Approved,,DB00388,C0009766,,,,
TP,phenylephrine,Headache Disorders,승인,NA,Approved,,DB00388,C0393735,,,,
TP,phenylephrine,Rhinitis,승인,NA,Approved,,DB00388,C0035455,,,,
TP,phenylephrine,Sinus headache,승인,NA,Approved,,DB00388,C0037195,,,,
TP,phenylephrine,Proctitis,승인,NA,Approved,,DB00388,C0033246,,,,
TP,phenylephrine,Nasal congestion (finding),승인,NA,Approved,,DB00388,C0027424,,,,
TP,phenylephrine,Allergic rhinitis (disorder),승인,NA,Approved,,DB00388,C2607914,,,,
TP,phenylephrine,Hemorrhoids,승인,NA,Approved,,DB00388,C0019112,,,,
TP,phenylephrine,Hay fever,승인,NA,Approved,,DB00388,C0018621,,,,
TP,phenylephrine,"Rhinitis, Vasomotor",승인,NA,Approved,,DB00388,C0035460,,,,
TP,phenylephrine,Influenza-like symptoms,승인,NA,Approved,,DB00388,C0392171,,,,
TP,phenylephrine,Mydriasis,승인,NA,Approved,,DB00388,C0026961,,,,
TP,phenylephrine,Common Cold,승인,NA,Approved,,DB00388,C0009443,,,,
TP,phenylephrine,Pruritus Ani,승인,NA,Approved,,DB00388,C0033775,,,,
TP,phenylpropanolamine,Influenza-like symptoms,승인,NA,Approved,,DB00397,C0392171,,,,
TP,phenylpropanolamine,Allergic rhinitis (disorder),승인,NA,Approved,,DB00397,C2607914,,,,
TP,phenylpropanolamine,"Rhinitis, Vasomotor",승인,NA,Approved,,DB00397,C0035460,,,,
TP,phenylpropanolamine,Nasal congestion (finding),승인,NA,Approved,,DB00397,C0027424,,,,
TP,phenylpropanolamine,Coughing,승인,NA,Approved,,DB00397,C0010200,,,,
TP,phenylpropanolamine,Hay fever,승인,NA,Approved,,DB00397,C0018621,,,,
TP,phenylpropanolamine,Rhinorrhea,승인,NA,Approved,,DB00397,C1260880,,,,
TP,phenylpropanolamine,Common Cold,승인,NA,Approved,,DB00397,C0009443,,,,
TP,phenylpropanolamine,Sneezing,승인,NA,Approved,,DB00397,C0037383,,,,
TP,phenylpropanolamine,Allergic Conjunctivitis,승인,NA,Approved,,DB00397,C0009766,,,,
TP,phenylpropanolamine,Sinus headache,승인,NA,Approved,,DB00397,C0037195,,,,
TP,phenylpropanolamine,Rhinitis,승인,NA,Approved,,DB00397,C0035455,,,,
TP,phenyltoloxamine,Dermatographic urticaria,승인,NA,Approved,,DB11160,C0343065,,,,
TP,phenyltoloxamine,Allergic rhinitis (disorder),승인,NA,Approved,,DB11160,C2607914,,,,
TP,phenyltoloxamine,Rhinorrhea,승인,NA,Approved,,DB11160,C1260880,,,,
TP,phenyltoloxamine,"Rhinitis, Vasomotor",승인,NA,Approved,,DB11160,C0035460,,,,
TP,phenyltoloxamine,Influenza-like symptoms,승인,NA,Approved,,DB11160,C0392171,,,,
TP,phenyltoloxamine,Urticaria,승인,NA,Approved,,DB11160,C0042109,,,,
TP,phenyltoloxamine,Pruritus,승인,NA,Approved,,DB11160,C0033774,,,,
TP,phenyltoloxamine,Hay fever,승인,NA,Approved,,DB11160,C0018621,,,,
TP,phenyltoloxamine,Allergic Conjunctivitis,승인,NA,Approved,,DB11160,C0009766,,,,
TP,phenytoin,Motor cortex epilepsy,승인,NA,Approved,,DB00252,C0234978,,,,
TP,phenytoin,"Epilepsies, Partial",승인,NA,Approved,,DB00252,C0014547,,,,
TP,phenytoin,Tonic - clonic seizures,승인,NA,Approved,,DB00252,C0494475,,,,
TP,phenytoin,Lennox-Gastaut syndrome,승인,NA,Approved,,DB00252,C0238111,,,,
TP,phenytoin,Status Epilepticus,승인,NA,Approved,,DB00252,C0038220,,,,
TP,phenytoin,Tonic-Clonic Epilepsy,승인,NA,Approved,,DB00252,C0014549,,,,
TP,phenytoin,Epilepsy,승인,NA,Approved,,DB00252,C0014544,,,,
TP,phenytoin,Bipolar disorder in remission,승인,NA,Approved,,DB00252,C0270425,,,,
TP,phenytoin,Simple Partial Seizures,승인,NA,Approved,,DB00252,C0234974,,,,
TP,phenytoin,Epilepsy characterized by intractable complex partial seizures,승인,NA,Approved,,DB00252,C2711653,,,,
TP,physostigmine,"Glaucoma, Open-Angle",승인,NA,Approved,,DB00981,C0017612,,,,
TP,pilocarpine,Xerostomia,승인,NA,Approved,,DB01085,C0043352,,,,
TP,pilocarpine,"Glaucoma, Open-Angle",승인,NA,Approved,,DB01085,C0017612,,,,
TP,pilocarpine,Ocular Hypertension,승인,NA,Approved,,DB01085,C0028840,,,,
TP,pilsicainide,Tachyarrhythmia,승인,NA,Approved,,DB12712,C0080203,,,,
TP,pimecrolimus,"Dermatitis, Atopic",승인,NA,Approved,,DB00337,C0011615,,,,
TP,anecortave,Exudative age-related macular degeneration,승인,NA,Approved,,DB12081,C0271084,,,,
TP,pimozide,Gilles de la Tourette syndrome,승인,NA,Approved,,DB01100,C0040517,,,,
TP,pinacidil,Hypertensive disease,승인,NA,Approved,,DB06762,C0020538,,,,
TP,pindolol,Hypertensive disease,승인,NA,Approved,,DB00960,C0020538,,,,
TP,pioglitazone,"Diabetes Mellitus, Non-Insulin-Dependent",승인,NA,Approved,,DB01132,C0011860,,,,
TP,piperacillin,Infection due to Pseudomonas aeruginosa,승인,NA,Approved,,DB00319,C0276075,,,,
TP,piperacillin,Proteus septicemia,승인,NA,Approved,,DB00319,C0577690,,,,
TP,piperacillin,Acute gonococcal endometritis,승인,NA,Approved,,DB00319,C0153196,,,,
TP,piperacillin,Staphylococcus aureus infection,승인,NA,Approved,,DB00319,C1318973,,,,
TP,piperacillin,Bacterial sepsis,승인,NA,Approved,,DB00319,C0684256,,,,
TP,piperacillin,Proteus urinary tract infection,승인,NA,Approved,,DB00319,C0577709,,,,
TP,piperacillin,Acute gonococcal cervicitis,승인,NA,Approved,,DB00319,C0153195,,,,
TP,piperacillin,Abdominal Abscess,승인,NA,Approved,,DB00319,C0243001,,,,
TP,piperacillin,Bacterial infection due to Klebsiella pneumoniae,승인,NA,Approved,,DB00319,C0343402,,,,
TP,piperacillin,Escherichia coli septicemia,승인,NA,Approved,,DB00319,C0276088,,,,
TP,piperacillin,Hospital acquired pneumonia,승인,NA,Approved,,DB00319,C0949083,,,,
TP,piperacillin,Lower respiratory tract infection,승인,NA,Approved,,DB00319,C0149725,,,,
TP,piperacillin,Pneumonia due to Escherichia coli,승인,NA,Approved,,DB00319,C0276089,,,,
TP,piperacillin,Infection of bone,승인,NA,Approved,,DB00319,C2242472,,,,
TP,piperacillin,Urinary tract infection caused by Escherichia coli,승인,NA,Approved,,DB00319,C0577708,,,,
TP,piperacillin,Arthropathy associated with infection,승인,NA,Approved,,DB00319,C0157749,,,,
TP,piperacillin,Escherichia coli Infections,승인,NA,Approved,,DB00319,C0014836,,,,
TP,piperacillin,Streptococcal sepsis,승인,NA,Approved,,DB00319,C0152964,,,,
TP,piperacillin,Septicemia due to enterococcus,승인,NA,Approved,,DB00319,C0588233,,,,
TP,piperacillin,Appendicitis,승인,NA,Approved,,DB00319,C0003615,,,,
TP,piperacillin,Enterobacteriaceae Infections,승인,NA,Approved,,DB00319,C0014347,,,,
TP,piperacillin,Sepsis due to Pseudomonas,승인,NA,Approved,,DB00319,C2887096,,,,
TP,piperacillin,Postoperative infection,승인,NA,Approved,,DB00319,C0392618,,,,
TP,piperacillin,Peritonitis,승인,NA,Approved,,DB00319,C0031154,,,,
TP,piperacillin,Acute gonococcal urethritis,승인,NA,Approved,,DB00319,C0275652,,,,
TP,piperacillin,Abdominal Infection,승인,NA,Approved,,DB00319,C1112209,,,,
TP,piperacillin,Sepsis caused by Gram negative bacteria,승인,NA,Approved,,DB00319,C3163829,,,,
TP,piperacillin,Pneumonia due to Pseudomonas,승인,NA,Approved,,DB00319,C0155860,,,,
TP,piperacillin,Rhinoscleroma,승인,NA,Approved,,DB00319,C0035468,,,,
TP,piperacillin,Gonorrhea,승인,NA,Approved,,DB00319,C0018081,,,,
TP,piperacillin,Serratia Infections,승인,NA,Approved,,DB00319,C0085394,,,,
TP,piperacillin,Sepsis caused by Bacteroides,승인,NA,Approved,,DB00319,C0276064,,,,
TP,piperacillin,Serratia sepsis,승인,NA,Approved,,DB00319,C0152973,,,,
TP,piperacillin,Urinary tract infection,승인,NA,Approved,,DB00319,C0042029,,,,
TP,piperacillin,Haemophilus influenzae pneumonia,승인,NA,Approved,,DB00319,C0276026,,,,
TP,piperacillin,"Pneumonia, Bacterial",승인,NA,Approved,,DB00319,C0004626,,,,
TP,piperacillin,Klebsiella cystitis,승인,NA,Approved,,DB00319,C0520775,,,,
TP,piperacillin,Urinary tract infection caused by Klebsiella,승인,NA,Approved,,DB00319,C4076057,,,,
TP,piperacillin,Female genital tract infection,승인,NA,Approved,,DB00319,C1263758,,,,
TP,piperazine,Enterobiasis,승인,NA,Approved,,DB00592,C0086227,,,,
TP,piperazine,Ascariasis,승인,NA,Approved,,DB00592,C0003950,,,,
TP,piperidione,Coughing,승인,NA,Approved,,DB13224,C0010200,,,,
TP,pipotiazine palmitate,Schizophrenia,승인,NA,Approved,,DB01621,C0036341,,,,
TP,pirbuterol,Lung diseases,승인,NA,Approved,,DB01291,C0024115,,,,
TP,pirbuterol,Bronchiectasis,승인,NA,Approved,,DB01291,C0006267,,,,
TP,pirbuterol,Pulmonary Emphysema,승인,NA,Approved,,DB01291,C0034067,,,,
TP,pirbuterol,Asthma,승인,NA,Approved,,DB01291,C0004096,,,,
TP,pirbuterol,Bronchitis,승인,NA,Approved,,DB01291,C0006277,,,,
TP,pirbuterol,Asthma attack,승인,NA,Approved,,DB01291,C0347950,,,,
TP,pirenzepine,Peptic Ulcer,승인,NA,Approved,,DB00670,C0030920,,,,
TP,piretanide,Edema,승인,NA,Approved,,DB02925,C0013604,,,,
TP,piretanide,Hypertensive disease,승인,NA,Approved,,DB02925,C0020538,,,,
TP,piribedil,Parkinsonian Disorders,승인,NA,Approved,,DB12478,C0242422,,,,
TP,pirlindole,Depressive disorder,승인,NA,Approved,,DB09244,C0011581,,,,
TP,piroxicam,Degenerative polyarthritis,승인,NA,Approved,,DB00554,C0029408,,,,
TP,piroxicam,Rheumatoid Arthritis,승인,NA,Approved,,DB00554,C0003873,,,,
TP,pitavastatin,"Hyperlipidemia, Familial Combined",승인,NA,Approved,,DB08860,C0020474,,,,
TP,pitavastatin,Hypercholesterolemia,승인,NA,Approved,,DB08860,C0020443,,,,
TP,plicamycin,Malignant neoplasm of testis,승인,NA,Approved,,DB06810,C0153594,,,,
TP,poldine,Peptic Ulcer,승인,NA,Approved,,DB13507,C0030920,,,,
TP,polysorbate 80,Dry Eye Syndromes,승인,NA,Approved,,DB11063,C0013238,,,,
TP,polythiazide,Hypertensive disease,승인,NA,Approved,,DB01324,C0020538,,,,
TP,octatropine methylbromide,Gastric ulcer,승인,NA,Approved,,DB00517,C0038358,,,,
TP,octatropine methylbromide,Peptic Ulcer,승인,NA,Approved,,DB00517,C0030920,,,,
TP,prajmalium,Ventricular arrhythmia,승인,NA,Approved,,DB13555,C0085612,,,,
TP,pralidoxime,Organophosphate poisoning,승인,NA,Approved,,DB00733,C0700359,,,,
TP,pramipexole,Restless Legs Syndrome,승인,NA,Approved,,DB00413,C0035258,,,,
TP,pramipexole,Parkinson Disease,승인,NA,Approved,,DB00413,C0030567,,,,
TP,pramiracetam,Senile dementia,승인,NA,Approved,,DB13247,C0011268,,,,
TP,pramiracetam,Memory impairment,승인,NA,Approved,,DB13247,C0233794,,,,
TP,pranlukast,Allergic rhinitis (disorder),승인,NA,Approved,,DB01411,C2607914,,,,
TP,pranlukast,Asthma,승인,NA,Approved,,DB01411,C0004096,,,,
TP,pravastatin,Cerebrovascular accident,승인,NA,Approved,,DB00175,C0038454,,,,
TP,pravastatin,Hyperlipoproteinemia Type III,승인,NA,Approved,,DB00175,C0020479,,,,
TP,pravastatin,Familial hypercholesterolemia - heterozygous,승인,NA,Approved,,DB00175,C0342882,,,,
TP,pravastatin,Hypercholesterolemia,승인,NA,Approved,,DB00175,C0020443,,,,
TP,pravastatin,Hypertriglyceridemia,승인,NA,Approved,,DB00175,C0020557,,,,
TP,pravastatin,"Hyperlipidemia, Familial Combined",승인,NA,Approved,,DB00175,C0020474,,,,
TP,pravastatin,Arteriosclerosis,승인,NA,Approved,,DB00175,C0003850,,,,
TP,antazoline,"Rhinitis, Vasomotor",승인,NA,Approved,,DB08799,C0035460,,,,
TP,antazoline,Dermatographic urticaria,승인,NA,Approved,,DB08799,C0343065,,,,
TP,antazoline,Nasal congestion (finding),승인,NA,Approved,,DB08799,C0027424,,,,
TP,antazoline,Pruritus,승인,NA,Approved,,DB08799,C0033774,,,,
TP,antazoline,Sneezing,승인,NA,Approved,,DB08799,C0037383,,,,
TP,antazoline,Rhinorrhea,승인,NA,Approved,,DB08799,C1260880,,,,
TP,antazoline,Allergic Conjunctivitis,승인,NA,Approved,,DB08799,C0009766,,,,
TP,antazoline,Redness of eye,승인,NA,Approved,,DB08799,C0235267,,,,
TP,antazoline,Urticaria,승인,NA,Approved,,DB08799,C0042109,,,,
TP,antazoline,Allergic rhinitis (disorder),승인,NA,Approved,,DB08799,C2607914,,,,
TP,prazepam,Anxiety,승인,NA,Approved,,DB01588,C0003467,,,,
TP,prazepam,Sleeplessness,승인,NA,Approved,,DB01588,C0917801,,,,
TP,praziquantel,Opisthorchiasis,승인,NA,Approved,,DB01058,C0029106,,,,
TP,praziquantel,Schistosomiasis,승인,NA,Approved,,DB01058,C0036323,,,,
TP,prednicarbate,"Dermatitis, Atopic",승인,NA,Approved,,DB01130,C0011615,,,,
TP,prednicarbate,Pruritus of genital organs,승인,NA,Approved,,DB01130,C0033777,,,,
TP,prednicarbate,Pruritus Ani,승인,NA,Approved,,DB01130,C0033775,,,,
TP,prednicarbate,Chronic discoid lupus erythematosus,승인,NA,Approved,,DB01130,C0024138,,,,
TP,prednicarbate,Lichen Simplex Chronicus,승인,NA,Approved,,DB01130,C0149922,,,,
TP,prednicarbate,"Lymphoma, T-Cell, Cutaneous",승인,NA,Approved,,DB01130,C0079773,,,,
TP,prednicarbate,Contact Dermatitis,승인,NA,Approved,,DB01130,C0011616,,,,
TP,prednicarbate,Granuloma Annulare,승인,NA,Approved,,DB01130,C0085074,,,,
TP,prednicarbate,Exanthema,승인,NA,Approved,,DB01130,C0015230,,,,
TP,prednicarbate,Psoriasis of scalp,승인,NA,Approved,,DB01130,C0406326,,,,
TP,prednicarbate,Seborrheic dermatitis,승인,NA,Approved,,DB01130,C0036508,,,,
TP,prednicarbate,Chronic small plaque psoriasis,승인,NA,Approved,,DB01130,C0406317,,,,
TP,pregabalin,Generalized Anxiety Disorder,승인,NA,Approved,,DB00230,C0270549,,,,
TP,pregabalin,Diabetic peripheral neuropathy,승인,NA,Approved,,DB00230,C0740447,,,,
TP,pregabalin,Fibromyalgia,승인,NA,Approved,,DB00230,C0016053,,,,
TP,pregabalin,Postherpetic neuralgia,승인,NA,Approved,,DB00230,C0032768,,,,
TP,prilocaine,Premature Ejaculation,승인,NA,Approved,,DB00750,C0033038,,,,
TP,primaquine,"Malaria, Vivax",승인,NA,Approved,,DB01087,C0024537,,,,
TP,primidone,Simple Partial Seizures,승인,NA,Approved,,DB00794,C0234974,,,,
TP,primidone,Epilepsy characterized by intractable complex partial seizures,승인,NA,Approved,,DB00794,C2711653,,,,
TP,primidone,Bipolar disorder in remission,승인,NA,Approved,,DB00794,C0270425,,,,
TP,primidone,Epilepsy,승인,NA,Approved,,DB00794,C0014544,,,,
TP,primidone,Tonic - clonic seizures,승인,NA,Approved,,DB00794,C0494475,,,,
TP,primidone,Tonic-Clonic Epilepsy,승인,NA,Approved,,DB00794,C0014549,,,,
TP,primidone,Lennox-Gastaut syndrome,승인,NA,Approved,,DB00794,C0238111,,,,
TP,primidone,"Epilepsies, Partial",승인,NA,Approved,,DB00794,C0014547,,,,
TP,probenecid,"Arthritis, Gouty",승인,NA,Approved,,DB01032,C0003868,,,,
TP,probenecid,Chronic gouty arthritis,승인,NA,Approved,,DB01032,C0268108,,,,
TP,probenecid,Hyperuricemia,승인,NA,Approved,,DB01032,C0740394,,,,
TP,probucol,Hypercholesterolemia,승인,NA,Approved,,DB01599,C0020443,,,,
TP,probucol,Hyperlipidemia,승인,NA,Approved,,DB01599,C0020473,,,,
TP,procarbazine,Hodgkin Disease,승인,NA,Approved,,DB01168,C0019829,,,,
TP,prochlorperazine,Schizophrenia,승인,NA,Approved,,DB00433,C0036341,,,,
TP,prochlorperazine,Nausea and vomiting,승인,NA,Approved,,DB00433,C0027498,,,,
TP,procyclidine,Parkinson Disease,승인,NA,Approved,,DB00387,C0030567,,,,
TP,procyclidine,Parkinsonian Disorders,승인,NA,Approved,,DB00387,C0242422,,,,
TP,procyclidine,Extrapyramidal Disorders,승인,NA,Approved,,DB00387,C0015371,,,,
TP,procyclidine,"Parkinson Disease, Postencephalitic",승인,NA,Approved,,DB00387,C0030568,,,,
TP,progesterone,Hot flushes,승인,NA,Approved,,DB00396,C0600142,,,,
TP,progesterone,Endometrial Carcinoma,승인,NA,Approved,,DB00396,C0476089,,,,
TP,progesterone,Metastatic malignant neoplasm to kidney,승인,NA,Approved,,DB00396,C0153685,,,,
TP,progesterone,Endometriosis,승인,NA,Approved,,DB00396,C0014175,,,,
TP,progesterone,Metrorrhagia,승인,NA,Approved,,DB00396,C0025874,,,,
TP,progesterone,Atrophic Vaginitis,승인,NA,Approved,,DB00396,C0221392,,,,
TP,progesterone,Secondary physiologic amenorrhea,승인,NA,Approved,,DB00396,C0232940,,,,
TP,progesterone,"Osteoporosis, Postmenopausal",승인,NA,Approved,,DB00396,C0029458,,,,
TP,apomorphine,Parkinson Disease,승인,NA,Approved,,DB00714,C0030567,,,,
TP,proglumetacin,Arthritis,승인,NA,Approved,,DB13527,C0003864,,,,
TP,proglumetacin,Degenerative polyarthritis,승인,NA,Approved,,DB13527,C0029408,,,,
TP,proglumetacin,Rheumatoid Arthritis,승인,NA,Approved,,DB13527,C0003873,,,,
TP,proguanil,"Malaria, Falciparum",승인,NA,Approved,,DB01131,C0024535,,,,
TP,promazine,"Bipolar affective disorder, current episode manic",승인,NA,Approved,,DB00420,C0338873,,,,
TP,promazine,Angioedema,승인,NA,Approved,,DB00420,C0002994,,,,
TP,promazine,Vomiting,승인,NA,Approved,,DB00420,C0042963,,,,
TP,promazine,Dermatographic urticaria,승인,NA,Approved,,DB00420,C0343065,,,,
TP,promazine,Allergic rhinitis (disorder),승인,NA,Approved,,DB00420,C2607914,,,,
TP,promazine,Pruritus,승인,NA,Approved,,DB00420,C0033774,,,,
TP,promazine,Urticaria,승인,NA,Approved,,DB00420,C0042109,,,,
TP,promazine,Nausea and vomiting,승인,NA,Approved,,DB00420,C0027498,,,,
TP,promazine,Acute intermittent porphyria,승인,NA,Approved,,DB00420,C0162565,,,,
TP,promazine,Sneezing,승인,NA,Approved,,DB00420,C0037383,,,,
TP,promazine,Disruptive Behavior Disorder,승인,NA,Approved,,DB00420,C0012734,,,,
TP,promazine,Psychotic Disorders,승인,NA,Approved,,DB00420,C0033975,,,,
TP,promazine,Rhinorrhea,승인,NA,Approved,,DB00420,C1260880,,,,
TP,promazine,Nasal congestion (finding),승인,NA,Approved,,DB00420,C0027424,,,,
TP,promazine,Allergic Conjunctivitis,승인,NA,Approved,,DB00420,C0009766,,,,
TP,promazine,Nausea,승인,NA,Approved,,DB00420,C0027497,,,,
TP,promazine,Schizophrenia,승인,NA,Approved,,DB00420,C0036341,,,,
TP,promethazine,Hay fever,승인,NA,Approved,,DB01069,C0018621,,,,
TP,promethazine,Nausea and vomiting,승인,NA,Approved,,DB01069,C0027498,,,,
TP,promethazine,"Rhinitis, Vasomotor",승인,NA,Approved,,DB01069,C0035460,,,,
TP,promethazine,Urticaria,승인,NA,Approved,,DB01069,C0042109,,,,
TP,promethazine,Allergic Conjunctivitis,승인,NA,Approved,,DB01069,C0009766,,,,
TP,apraclonidine,"Glaucoma, Open-Angle",승인,NA,Approved,,DB00964,C0017612,,,,
TP,propafenone,Paroxysmal atrial fibrillation,승인,NA,Approved,,DB01182,C0235480,,,,
TP,propafenone,Atrial Fibrillation,승인,NA,Approved,,DB01182,C0004238,,,,
TP,propafenone,Paroxysmal atrial flutter,승인,NA,Approved,,DB01182,C0741292,,,,
TP,propafenone,Paroxysmal supraventricular tachycardia,승인,NA,Approved,,DB01182,C0030590,,,,
TP,propantheline,Peptic Ulcer,승인,NA,Approved,,DB00782,C0030920,,,,
TP,propranolol,Hemangioma,승인,NA,Approved,,DB00571,C0018916,,,,
TP,propranolol,Idiopathic hypertrophic subaortic stenosis,승인,NA,Approved,,DB00571,C0700053,,,,
TP,propranolol,Atrial Fibrillation,승인,NA,Approved,,DB00571,C0004238,,,,
TP,propranolol,Supraventricular tachycardia,승인,NA,Approved,,DB00571,C0039240,,,,
TP,propranolol,Angina Pectoris,승인,NA,Approved,,DB00571,C0002962,,,,
TP,propranolol,Hypertrophic Cardiomyopathy,승인,NA,Approved,,DB00571,C0007194,,,,
TP,propranolol,Hypertensive disease,승인,NA,Approved,,DB00571,C0020538,,,,
TP,propylthiouracil,Thyroid Crisis,승인,NA,Approved,,DB00550,C0040127,,,,
TP,propylthiouracil,Hyperthyroidism,승인,NA,Approved,,DB00550,C0020550,,,,
TP,aprindine,Supraventricular arrhythmia,승인,NA,Approved,,DB01429,C0428974,,,,
TP,aprindine,Ventricular arrhythmia,승인,NA,Approved,,DB01429,C0085612,,,,
TP,aprobarbital,Severe anxiety (panic),승인,NA,Approved,,DB01352,C0231403,,,,
TP,aprobarbital,Sleeplessness,승인,NA,Approved,,DB01352,C0917801,,,,
TP,protriptyline,Depressive disorder,승인,NA,Approved,,DB00344,C0011581,,,,
TP,prulifloxacin,Lower urinary tract infectious disease,승인,NA,Approved,,DB11892,C0268821,,,,
TP,prulifloxacin,Acute exacerbation of chronic bronchitis,승인,NA,Approved,,DB11892,C0856695,,,,
TP,pseudoephedrine,Headache Disorders,승인,NA,Approved,,DB00852,C0393735,,,,
TP,pseudoephedrine,Nasal congestion (finding),승인,NA,Approved,,DB00852,C0027424,,,,
TP,pseudoephedrine,Rhinorrhea,승인,NA,Approved,,DB00852,C1260880,,,,
TP,pseudoephedrine,Allergic Conjunctivitis,승인,NA,Approved,,DB00852,C0009766,,,,
TP,pseudoephedrine,Hay fever,승인,NA,Approved,,DB00852,C0018621,,,,
TP,pseudoephedrine,"Rhinitis, Vasomotor",승인,NA,Approved,,DB00852,C0035460,,,,
TP,pseudoephedrine,Allergic rhinitis (disorder),승인,NA,Approved,,DB00852,C2607914,,,,
TP,pseudoephedrine,Influenza-like symptoms,승인,NA,Approved,,DB00852,C0392171,,,,
TP,pseudoephedrine,Sinus headache,승인,NA,Approved,,DB00852,C0037195,,,,
TP,pseudoephedrine,Rhinitis,승인,NA,Approved,,DB00852,C0035455,,,,
TP,pseudoephedrine,Common Cold,승인,NA,Approved,,DB00852,C0009443,,,,
TP,parathiazine,Vomiting of pregnancy,승인,NA,Approved,,DB15978,C0269661,,,,
TP,parathiazine,Motion Sickness,승인,NA,Approved,,DB15978,C0026603,,,,
TP,pyrazinamide,Acute tuberculosis,승인,NA,Approved,,DB00339,C0275959,,,,
TP,pyrazinamide,"Tuberculosis, Pulmonary",승인,NA,Approved,,DB00339,C0041327,,,,
TP,pyrazinamide,"Tuberculosis, Meningeal",승인,NA,Approved,,DB00339,C0041318,,,,
TP,pyridostigmine,Myasthenia Gravis,승인,NA,Approved,,DB00545,C0026896,,,,
TP,mepyramine,Sneezing,승인,NA,Approved,,DB06691,C0037383,,,,
TP,mepyramine,Pruritus,승인,NA,Approved,,DB06691,C0033774,,,,
TP,mepyramine,Common Cold,승인,NA,Approved,,DB06691,C0009443,,,,
TP,mepyramine,Influenza-like symptoms,승인,NA,Approved,,DB06691,C0392171,,,,
TP,mepyramine,Rhinorrhea,승인,NA,Approved,,DB06691,C1260880,,,,
TP,mepyramine,Allergic Conjunctivitis,승인,NA,Approved,,DB06691,C0009766,,,,
TP,mepyramine,Hay fever,승인,NA,Approved,,DB06691,C0018621,,,,
TP,mepyramine,Allergic rhinitis (disorder),승인,NA,Approved,,DB06691,C2607914,,,,
TP,mepyramine,"Rhinitis, Vasomotor",승인,NA,Approved,,DB06691,C0035460,,,,
TP,mepyramine,Urticaria,승인,NA,Approved,,DB06691,C0042109,,,,
TP,mepyramine,Dermatographic urticaria,승인,NA,Approved,,DB06691,C0343065,,,,
TP,mepyramine,Nasal congestion (finding),승인,NA,Approved,,DB06691,C0027424,,,,
TP,mepyramine,Sinus headache,승인,NA,Approved,,DB06691,C0037195,,,,
TP,mepyramine,Dysmenorrhea,승인,NA,Approved,,DB06691,C0013390,,,,
TP,pyrimethamine,Malaria,승인,NA,Approved,,DB00205,C0024530,,,,
TP,pyrimethamine,Toxoplasmosis associated with acquired immunodeficiency syndrome,승인,NA,Approved,,DB00205,C1720498,,,,
TP,pyrimethamine,Toxoplasmosis,승인,NA,Approved,,DB00205,C0040558,,,,
TP,quazepam,Sleeplessness,승인,NA,Approved,,DB01589,C0917801,,,,
TP,quetiapine,Schizophrenia,승인,NA,Approved,,DB01224,C0036341,,,,
TP,quetiapine,"Depression, Bipolar",승인,NA,Approved,,DB01224,C0005587,,,,
TP,quetiapine,Bipolar Disorder,승인,NA,Approved,,DB01224,C0005586,,,,
TP,quetiapine,"Bipolar affective disorder, current episode manic",승인,NA,Approved,,DB01224,C0338873,,,,
TP,quetiapine,Bipolar disorder in remission,승인,NA,Approved,,DB01224,C0270425,,,,
TP,mepacrine,Giardiasis,승인,NA,Approved,,DB01103,C0017536,,,,
TP,aranidipine,Hypertensive disease,승인,NA,Approved,,DB09229,C0020538,,,,
TP,quinapril,Hypertensive disease,승인,NA,Approved,,DB00881,C0020538,,,,
TP,quinapril,Chronic heart failure,승인,NA,Approved,,DB00881,C0264716,,,,
TP,quinestrol,Female hypogonadism syndrome,승인,NA,Approved,,DB04575,C0271578,,,,
TP,quinestrol,Hot flushes,승인,NA,Approved,,DB04575,C0600142,,,,
TP,quinestrol,Atrophic Vaginitis,승인,NA,Approved,,DB04575,C0221392,,,,
TP,quinfamide,Amebiasis,승인,NA,Approved,,DB12780,C0002438,,,,
TP,quinidine,Atrial Fibrillation,승인,NA,Approved,,DB00908,C0004238,,,,
TP,quinidine,Malaria,승인,NA,Approved,,DB00908,C0024530,,,,
TP,quinidine,Pseudobulbar affect,승인,NA,Approved,,DB00908,C2316460,,,,
TP,quinupristin,Group A Streptococcal Infections,승인,NA,Approved,,DB01369,C0554628,,,,
TP,rabeprazole,Multiple Endocrine Neoplasia,승인,NA,Approved,,DB01129,C0027662,,,,
TP,rabeprazole,Zollinger-Ellison syndrome,승인,NA,Approved,,DB01129,C0043515,,,,
TP,rabeprazole,"Mastocytosis, Systemic",승인,NA,Approved,,DB01129,C0221013,,,,
TP,rabeprazole,Gastroesophageal reflux disease,승인,NA,Approved,,DB01129,C0017168,,,,
TP,rabeprazole,Duodenal Ulcer,승인,NA,Approved,,DB01129,C0013295,,,,
TP,rabeprazole,Peptic Ulcer,승인,NA,Approved,,DB01129,C0030920,,,,
TP,raloxifene,"Osteoporosis, Postmenopausal",승인,NA,Approved,,DB00481,C0029458,,,,
TP,raltegravir,HIV Infections,승인,NA,Approved,,DB06817,C0019693,,,,
TP,ramatroban,Allergic rhinitis (disorder),승인,NA,Approved,,DB13036,C2607914,,,,
TP,ramelteon,Initial insomnia,승인,NA,Approved,,DB00980,C0393760,,,,
TP,ramipril,Cerebrovascular accident,승인,NA,Approved,,DB00178,C0038454,,,,
TP,ramipril,Chronic heart failure,승인,NA,Approved,,DB00178,C0264716,,,,
TP,ramipril,Left ventricular cardiac dysfunction,승인,NA,Approved,,DB00178,C1997351,,,,
TP,ramipril,Hypertensive disease,승인,NA,Approved,,DB00178,C0020538,,,,
TP,ramosetron,Irritable bowel syndrome with diarrhea,승인,NA,Approved,,DB09290,C0348898,,,,
TP,ranolazine,Angina Pectoris,승인,NA,Approved,,DB00243,C0002962,,,,
TP,rebamipide,Gastritis,승인,NA,Approved,,DB11656,C0017152,,,,
TP,rebamipide,Peptic Ulcer,승인,NA,Approved,,DB11656,C0030920,,,,
TP,reboxetine,Major Depressive Disorder,승인,NA,Approved,,DB00234,C1269683,,,,
TP,remifentanil,"Postoperative Pain, Acute",승인,NA,Approved,,DB00899,C2215257,,,,
TP,repaglinide,"Diabetes Mellitus, Non-Insulin-Dependent",승인,NA,Approved,,DB00912,C0011860,,,,
TP,reproterol,Asthma,승인,NA,Approved,,DB12846,C0004096,,,,
TP,reserpine,Psychotic Disorders,승인,NA,Approved,,DB00206,C0033975,,,,
TP,reserpine,Hypertensive disease,승인,NA,Approved,,DB00206,C0020538,,,,
TP,retapamulin,Superficial bacterial infection of skin,승인,NA,Approved,,DB01256,C0342985,,,,
TP,retapamulin,Impetigo,승인,NA,Approved,,DB01256,C0021099,,,,
TP,ribavirin,"Hepatitis C, Chronic",승인,NA,Approved,,DB00811,C0524910,,,,
TP,ribavirin,Respiratory Syncytial Virus Infections,승인,NA,Approved,,DB00811,C0035235,,,,
TP,ribavirin,Early cirrhosis,승인,NA,Approved,,DB00811,C1299579,,,,
TP,rifabutin,Pulmonary Mycobacterium avium complex infection,승인,NA,Approved,,DB00615,C2733595,,,,
TP,rifampicin,Acute tuberculosis,승인,NA,Approved,,DB01045,C0275959,,,,
TP,rifampicin,Meningococcus carrier,승인,NA,Approved,,DB01045,C0421162,,,,
TP,rifampicin,"Tuberculosis, Pulmonary",승인,NA,Approved,,DB01045,C0041327,,,,
TP,rifapentine,"Tuberculosis, Pulmonary",승인,NA,Approved,,DB01201,C0041327,,,,
TP,rifaximin,Hepatic Encephalopathy,승인,NA,Approved,,DB01220,C0019151,,,,
TP,rifaximin,Irritable bowel syndrome with diarrhea,승인,NA,Approved,,DB01220,C0348898,,,,
TP,rilmenidine,Hypertensive disease,승인,NA,Approved,,DB11738,C0020538,,,,
TP,riluzole,Amyotrophic Lateral Sclerosis,승인,NA,Approved,,DB00740,C0002736,,,,
TP,rimantadine,Influenza due to Influenza A virus,승인,NA,Approved,,DB00478,C2711180,,,,
TP,rimexolone,Uveitis,승인,NA,Approved,,DB00896,C0042164,,,,
TP,risedronic acid,Osteitis Deformans,승인,NA,Approved,,DB00884,C0029401,,,,
TP,risedronic acid,"Osteoporosis, Postmenopausal",승인,NA,Approved,,DB00884,C0029458,,,,
TP,risedronic acid,Osteoporosis,승인,NA,Approved,,DB00884,C0029456,,,,
TP,risperidone,Schizophrenia,승인,NA,Approved,,DB00734,C0036341,,,,
TP,risperidone,Bipolar disorder in remission,승인,NA,Approved,,DB00734,C0270425,,,,
TP,risperidone,Autistic Disorder,승인,NA,Approved,,DB00734,C0004352,,,,
TP,risperidone,Mixed bipolar I disorder,승인,NA,Approved,,DB00734,C0236780,,,,
TP,risperidone,"Bipolar affective disorder, current episode manic",승인,NA,Approved,,DB00734,C0338873,,,,
TP,ritodrine,Premature Obstetric Labor,승인,NA,Approved,,DB00867,C0022876,,,,
TP,ritonavir,HIV Infections,승인,NA,Approved,,DB00503,C0019693,,,,
TP,ritonavir,"Hepatitis C, Chronic",승인,NA,Approved,,DB00503,C0524910,,,,
TP,ritonavir,COVID19 (disease),승인,NA,Approved,,DB00503,C5203670,,,,
TP,rivastigmine,Alzheimer's Disease,승인,NA,Approved,,DB00989,C0002395,,,,
TP,rivastigmine,Dementia associated with Parkinson's Disease,승인,NA,Approved,,DB00989,C1828079,,,,
TP,rizatriptan,Migraine Disorders,승인,NA,Approved,,DB00953,C0149931,,,,
TP,rofecoxib,Rheumatoid Arthritis,승인,NA,Approved,,DB00533,C0003873,,,,
TP,rofecoxib,Juvenile arthritis,승인,NA,Approved,,DB00533,C3495559,,,,
TP,rofecoxib,Pain,승인,NA,Approved,,DB00533,C0030193,,,,
TP,rofecoxib,Migraine Disorders,승인,NA,Approved,,DB00533,C0149931,,,,
TP,rofecoxib,Degenerative polyarthritis,승인,NA,Approved,,DB00533,C0029408,,,,
TP,rofecoxib,Dysmenorrhea,승인,NA,Approved,,DB00533,C0013390,,,,
TP,phenylbutanoic acid,"Urea Cycle Disorders, Inborn",승인,NA,Approved,,DB06819,C0154246,,,,
TP,phenylbutanoic acid,Carbamoyl-Phosphate Synthase I Deficiency Disease,승인,NA,Approved,,DB06819,C0751753,,,,
TP,phenylbutanoic acid,Ornithine carbamoyltransferase deficiency,승인,NA,Approved,,DB06819,C0268542,,,,
TP,phenylbutanoic acid,Citrullinemia,승인,NA,Approved,,DB06819,C0175683,,,,
TP,phenylbutanoic acid,Amyotrophic Lateral Sclerosis,승인,NA,Approved,,DB06819,C0002736,,,,
TP,ropinirole,Parkinson Disease,승인,NA,Approved,,DB00268,C0030567,,,,
TP,ropinirole,Restless Legs Syndrome,승인,NA,Approved,,DB00268,C0035258,,,,
TP,rosuvastatin,Familial hypercholesterolemia - heterozygous,승인,NA,Approved,,DB01098,C0342882,,,,
TP,rosuvastatin,Cerebrovascular accident,승인,NA,Approved,,DB01098,C0038454,,,,
TP,rosuvastatin,"Hyperlipidemia, Familial Combined",승인,NA,Approved,,DB01098,C0020474,,,,
TP,rosuvastatin,Homozygous Familial Hypercholesterolemia,승인,NA,Approved,,DB01098,C0342881,,,,
TP,rosuvastatin,Arteriosclerosis,승인,NA,Approved,,DB01098,C0003850,,,,
TP,rosuvastatin,Hypercholesterolemia,승인,NA,Approved,,DB01098,C0020443,,,,
TP,rosuvastatin,Hypertriglyceridemia,승인,NA,Approved,,DB01098,C0020557,,,,
TP,rosuvastatin,Hyperlipoproteinemia Type III,승인,NA,Approved,,DB01098,C0020479,,,,
TP,rotigotine,Restless Legs Syndrome,승인,NA,Approved,,DB05271,C0035258,,,,
TP,rotigotine,Parkinson Disease,승인,NA,Approved,,DB05271,C0030567,,,,
TP,roxatidine acetate,Gastroesophageal reflux disease,승인,NA,Approved,,DB08806,C0017168,,,,
TP,roxatidine acetate,Zollinger-Ellison syndrome,승인,NA,Approved,,DB08806,C0043515,,,,
TP,roxatidine acetate,Gastric ulcer,승인,NA,Approved,,DB08806,C0038358,,,,
TP,rupatadine,Allergic rhinitis (disorder),승인,NA,Approved,,DB11614,C2607914,,,,
TP,rupatadine,Urticaria,승인,NA,Approved,,DB11614,C0042109,,,,
TP,salicylamide,Back Pain,승인,NA,Approved,,DB08797,C0004604,,,,
TP,salicylamide,Headache Disorders,승인,NA,Approved,,DB08797,C0393735,,,,
TP,salicylamide,Arthralgia,승인,NA,Approved,,DB08797,C0003862,,,,
TP,salicylamide,Fever,승인,NA,Approved,,DB08797,C0015967,,,,
TP,salicylamide,Pain,승인,NA,Approved,,DB08797,C0030193,,,,
TP,salicylic acid,Allergic rhinitis (disorder),승인,NA,Approved,,DB00936,C2607914,,,,
TP,salicylic acid,Degenerative polyarthritis,승인,NA,Approved,,DB00936,C0029408,,,,
TP,salicylic acid,Hyperkeratosis,승인,NA,Approved,,DB00936,C0870082,,,,
TP,salicylic acid,Fever,승인,NA,Approved,,DB00936,C0015967,,,,
TP,salicylic acid,Seborrheic dermatitis,승인,NA,Approved,,DB00936,C0036508,,,,
TP,salicylic acid,Scurfiness of scalp,승인,NA,Approved,,DB00936,C0423775,,,,
TP,salicylic acid,Common Cold,승인,NA,Approved,,DB00936,C0009443,,,,
TP,salicylic acid,Plantar wart,승인,NA,Approved,,DB00936,C0042548,,,,
TP,salicylic acid,Acne Vulgaris,승인,NA,Approved,,DB00936,C0001144,,,,
TP,salicylic acid,Tinea Pedis,승인,NA,Approved,,DB00936,C0040259,,,,
TP,salicylic acid,Rheumatoid Arthritis,승인,NA,Approved,,DB00936,C0003873,,,,
TP,salicylic acid,Pain,승인,NA,Approved,,DB00936,C0030193,,,,
TP,salicylic acid,Tinea corporis (disorder),승인,NA,Approved,,DB00936,C0040252,,,,
TP,salicylic acid,Greasy skin,승인,NA,Approved,,DB00936,C0234925,,,,
TP,salicylic acid,Synovitis,승인,NA,Approved,,DB00936,C0039103,,,,
TP,salicylic acid,Disorder of keratinization,승인,NA,Approved,,DB00936,C0475811,,,,
TP,salmeterol,Intrinsic asthma,승인,NA,Approved,,DB00938,C0155880,,,,
TP,salmeterol,Pulmonary Emphysema,승인,NA,Approved,,DB00938,C0034067,,,,
TP,salmeterol,Allergic asthma,승인,NA,Approved,,DB00938,C0155877,,,,
TP,aripiprazole,Bipolar disorder in remission,승인,NA,Approved,,DB01238,C0270425,,,,
TP,aripiprazole,Autistic Disorder,승인,NA,Approved,,DB01238,C0004352,,,,
TP,aripiprazole,Mixed bipolar I disorder,승인,NA,Approved,,DB01238,C0236780,,,,
TP,aripiprazole,Schizophrenia,승인,NA,Approved,,DB01238,C0036341,,,,
TP,aripiprazole,"Bipolar affective disorder, current episode manic",승인,NA,Approved,,DB01238,C0338873,,,,
TP,salsalate,Rheumatoid Arthritis,승인,NA,Approved,,DB01399,C0003873,,,,
TP,salsalate,Degenerative polyarthritis,승인,NA,Approved,,DB01399,C0029408,,,,
TP,saquinavir,HIV Infections,승인,NA,Approved,,DB01232,C0019693,,,,
TP,scopolamine,Rhinorrhea,승인,NA,Approved,,DB00747,C1260880,,,,
TP,scopolamine,Posterior synechiae,승인,NA,Approved,,DB00747,C0152253,,,,
TP,scopolamine,"Rhinitis, Vasomotor",승인,NA,Approved,,DB00747,C0035460,,,,
TP,scopolamine,Uveitis,승인,NA,Approved,,DB00747,C0042164,,,,
TP,scopolamine,Peptic Ulcer,승인,NA,Approved,,DB00747,C0030920,,,,
TP,scopolamine,Mydriasis,승인,NA,Approved,,DB00747,C0026961,,,,
TP,scopolamine,Irritable Bowel Syndrome,승인,NA,Approved,,DB00747,C0022104,,,,
TP,scopolamine,Nasal congestion (finding),승인,NA,Approved,,DB00747,C0027424,,,,
TP,scopolamine,Cycloplegia,승인,NA,Approved,,DB00747,C0235238,,,,
TP,scopolamine,Allergic rhinitis (disorder),승인,NA,Approved,,DB00747,C2607914,,,,
TP,scopolamine,Coughing,승인,NA,Approved,,DB00747,C0010200,,,,
TP,scopolamine,Iridocyclitis,승인,NA,Approved,,DB00747,C0022073,,,,
TP,scopolamine,Motion Sickness,승인,NA,Approved,,DB00747,C0026603,,,,
TP,scopolamine,Common Cold,승인,NA,Approved,,DB00747,C0009443,,,,
TP,secnidazole,Bacterial Vaginosis,승인,NA,Approved,,DB12834,C0085166,,,,
TP,secnidazole,Giardiasis,승인,NA,Approved,,DB12834,C0017536,,,,
TP,secnidazole,Trichomonas Infections,승인,NA,Approved,,DB12834,C0040921,,,,
TP,secobarbital,Epilepsy,승인,NA,Approved,,DB00418,C0014544,,,,
TP,secobarbital,Status Epilepticus,승인,NA,Approved,,DB00418,C0038220,,,,
TP,secobarbital,Severe anxiety (panic),승인,NA,Approved,,DB00418,C0231403,,,,
TP,secobarbital,Sleeplessness,승인,NA,Approved,,DB00418,C0917801,,,,
TP,selegiline,Major Depressive Disorder,승인,NA,Approved,,DB01037,C1269683,,,,
TP,selegiline,Parkinson Disease,승인,NA,Approved,,DB01037,C0030567,,,,
TP,sermorelin,Pituitary dwarfism,승인,NA,Approved,,DB00010,C0013338,,,,
TP,sertaconazole,Tinea Pedis,승인,NA,Approved,,DB01153,C0040259,,,,
TP,sertindole,Schizophrenia,승인,NA,Approved,,DB06144,C0036341,,,,
TP,sertraline,Premenstrual Dysphoric Disorder,승인,NA,Approved,,DB01104,C0520676,,,,
TP,sertraline,Depressive disorder,승인,NA,Approved,,DB01104,C0011581,,,,
TP,sertraline,"Phobia, Social",승인,NA,Approved,,DB01104,C0031572,,,,
TP,sertraline,Obsessive-Compulsive Disorder,승인,NA,Approved,,DB01104,C0028768,,,,
TP,sertraline,Panic Disorder,승인,NA,Approved,,DB01104,C0030319,,,,
TP,sertraline,Post-Traumatic Stress Disorder,승인,NA,Approved,,DB01104,C0038436,,,,
TP,setiptiline,Depressive disorder,승인,NA,Approved,,DB09304,C0011581,,,,
TP,arsenic trioxide,Acute myelomonocytic leukemia,승인,NA,Approved,,DB01169,C0023479,,,,
TP,arsenic trioxide,Acute Promyelocytic Leukemia,승인,NA,Approved,,DB01169,C0023487,,,,
TP,sibutramine,Obesity,승인,NA,Approved,,DB01105,C0028754,,,,
TP,sildenafil,Pulmonary arterial hypertension,승인,NA,Approved,,DB00203,C2973725,,,,
TP,sildenafil,Erectile dysfunction,승인,NA,Approved,,DB00203,C0242350,,,,
TP,simvastatin,Hypoalphalipoproteinemias,승인,NA,Approved,,DB00641,C0473527,,,,
TP,simvastatin,Hyperlipoproteinemia Type III,승인,NA,Approved,,DB00641,C0020479,,,,
TP,simvastatin,Cerebrovascular accident,승인,NA,Approved,,DB00641,C0038454,,,,
TP,simvastatin,Arteriosclerosis,승인,NA,Approved,,DB00641,C0003850,,,,
TP,simvastatin,Familial hypercholesterolemia - heterozygous,승인,NA,Approved,,DB00641,C0342882,,,,
TP,simvastatin,Hypercholesterolemia,승인,NA,Approved,,DB00641,C0020443,,,,
TP,simvastatin,Homozygous Familial Hypercholesterolemia,승인,NA,Approved,,DB00641,C0342881,,,,
TP,simvastatin,Hypertriglyceridemia,승인,NA,Approved,,DB00641,C0020557,,,,
TP,simvastatin,"Hyperlipidemia, Familial Combined",승인,NA,Approved,,DB00641,C0020474,,,,
TP,sirolimus,Renal Cell Carcinoma,승인,NA,Approved,,DB00877,C0007134,,,,
TP,sirolimus,Pulmonary lymphangioleiomyomatosis,승인,NA,Approved,,DB00877,C0349649,,,,
TP,sirolimus,Tuberous Sclerosis,승인,NA,Approved,,DB00877,C0041341,,,,
TP,sirolimus,Lymphangioma,승인,NA,Approved,,DB00877,C0024221,,,,
TP,sirolimus,Lymphangiomatosis,승인,NA,Approved,,DB00877,C0334102,,,,
TP,sirolimus,Massive Osteolyses,승인,NA,Approved,,DB00877,C0029438,,,,
TP,sirolimus,Lymphangiectasis,승인,NA,Approved,,DB00877,C0024214,,,,
TP,sitagliptin,"Diabetes Mellitus, Non-Insulin-Dependent",승인,NA,Approved,,DB01261,C0011860,,,,
TP,sitafloxacin,Respiratory Tract Infections,승인,NA,Approved,,DB13261,C0035243,,,,
TP,sitafloxacin,Urinary tract infection,승인,NA,Approved,,DB13261,C0042029,,,,
TP,sivelestat,Acute Lung Injury,승인,NA,Approved,,DB12863,C0242488,,,,
TP,sobrerol,"Bronchitis, Chronic",승인,NA,Approved,,DB13315,C0008677,,,,
TP,sofalcone,Gastric ulcer,승인,NA,Approved,,DB05197,C0038358,,,,
TP,solifenacin,Bladder muscle dysfunction - overactive,승인,NA,Approved,,DB01591,C0403643,,,,
TP,solifenacin,Urgency of micturition,승인,NA,Approved,,DB01591,C0085606,,,,
TP,solifenacin,Urge Incontinence,승인,NA,Approved,,DB01591,C0150045,,,,
TP,sorafenib,Renal Cell Carcinoma,승인,NA,Approved,,DB00398,C0007134,,,,
TP,sorafenib,Liver carcinoma,승인,NA,Approved,,DB00398,C2239176,,,,
TP,sorafenib,Malignant epithelial neoplasm of thyroid,승인,NA,Approved,,DB00398,C3163939,,,,
TP,sotalol,Atrial Fibrillation,승인,NA,Approved,,DB00489,C0004238,,,,
TP,sparfloxacin,Mycoplasma pneumonia,승인,NA,Approved,,DB01208,C0032302,,,,
TP,sparfloxacin,Streptococcal pneumonia,승인,NA,Approved,,DB01208,C0155862,,,,
TP,sparfloxacin,Pneumonia,승인,NA,Approved,,DB01208,C0032285,,,,
TP,sparfloxacin,Haemophilus influenzae pneumonia,승인,NA,Approved,,DB01208,C0276026,,,,
TP,sparfloxacin,Bacterial infection due to Klebsiella pneumoniae,승인,NA,Approved,,DB01208,C0343402,,,,
TP,sparfloxacin,Acute Moraxella catarrhalis bronchitis,승인,NA,Approved,,DB01208,C0339932,,,,
TP,sparfloxacin,Acute bacterial bronchitis,승인,NA,Approved,,DB01208,C0339933,,,,
TP,sparfloxacin,Chlamydial pneumonia,승인,NA,Approved,,DB01208,C0339959,,,,
TP,spectinomycin,Gonorrhea of rectum,승인,NA,Approved,,DB00919,C0275665,,,,
TP,spectinomycin,Gonorrhea,승인,NA,Approved,,DB00919,C0018081,,,,
TP,spectinomycin,Acute gonococcal cervicitis,승인,NA,Approved,,DB00919,C0153195,,,,
TP,spectinomycin,Acute gonococcal urethritis,승인,NA,Approved,,DB00919,C0275652,,,,
TP,artesunate,"Malaria, Falciparum",승인,NA,Approved,,DB09274,C0024535,,,,
TP,artesunate,"Malaria, Vivax",승인,NA,Approved,,DB09274,C0024537,,,,
TP,spirapril,Hypertensive disease,승인,NA,Approved,,DB01348,C0020538,,,,
TP,spironolactone,Hypertensive disease,승인,NA,Approved,,DB00421,C0020538,,,,
TP,spironolactone,Ascites,승인,NA,Approved,,DB00421,C0003962,,,,
TP,spironolactone,Edema,승인,NA,Approved,,DB00421,C0013604,,,,
TP,spironolactone,Chronic heart failure,승인,NA,Approved,,DB00421,C0264716,,,,
TP,spironolactone,Hyperaldosteronism,승인,NA,Approved,,DB00421,C0020428,,,,
TP,stanozolol,"Angioedemas, Hereditary",승인,NA,Approved,,DB06718,C0019243,,,,
TP,stavudine,HIV Infections,승인,NA,Approved,,DB00649,C0019693,,,,
TP,stiripentol,Myoclonic Epilepsy,승인,NA,Approved,,DB09118,C0014550,,,,
TP,stiripentol,Infantile Severe Myoclonic Epilepsy,승인,NA,Approved,,DB09118,C0751122,,,,
TP,streptomycin,Bacterial urinary infection,승인,NA,Approved,,DB01082,C0729524,,,,
TP,streptomycin,Plague,승인,NA,Approved,,DB01082,C0032064,,,,
TP,streptomycin,Urinary tract infection caused by Escherichia coli,승인,NA,Approved,,DB01082,C0577708,,,,
TP,streptomycin,Haemophilus influenzae pneumonia,승인,NA,Approved,,DB01082,C0276026,,,,
TP,streptomycin,Proteus urinary tract infection,승인,NA,Approved,,DB01082,C0577709,,,,
TP,streptomycin,Chancroids,승인,NA,Approved,,DB01082,C0007947,,,,
TP,streptomycin,Klebsiella cystitis,승인,NA,Approved,,DB01082,C0520775,,,,
TP,streptomycin,Brucellosis,승인,NA,Approved,,DB01082,C0006309,,,,
TP,streptomycin,Acute tuberculosis,승인,NA,Approved,,DB01082,C0275959,,,,
TP,streptomycin,Granuloma Inguinale,승인,NA,Approved,,DB01082,C0018190,,,,
TP,streptomycin,Tularemia,승인,NA,Approved,,DB01082,C0041351,,,,
TP,streptomycin,"Tuberculosis, Pulmonary",승인,NA,Approved,,DB01082,C0041327,,,,
TP,streptozocin,Neuroendocrine tumor of pancreas,승인,NA,Approved,,DB00428,C4305467,,,,
TP,succimer,Accidental poisoning by lead and its compounds and fumes,승인,NA,Approved,,DB00566,C0261486,,,,
TP,succinic acid,Iron deficiency anemia,승인,NA,Approved,,DB00139,C0162316,,,,
TP,astemizole,Sneezing,승인,NA,Approved,,DB00637,C0037383,,,,
TP,astemizole,Allergic Conjunctivitis,승인,NA,Approved,,DB00637,C0009766,,,,
TP,astemizole,Chronic Spontaneous Urticaria,승인,NA,Approved,,DB00637,C0578870,,,,
TP,astemizole,Allergic rhinitis (disorder),승인,NA,Approved,,DB00637,C2607914,,,,
TP,sufentanil,"Pain, Postoperative",승인,NA,Approved,,DB00708,C0030201,,,,
TP,sulbactam,Abdominal Infection,승인,NA,Approved,,DB09324,C1112209,,,,
TP,sulbactam,Rhinoscleroma,승인,NA,Approved,,DB09324,C0035468,,,,
TP,sulbactam,Female genital tract infection,승인,NA,Approved,,DB09324,C1263758,,,,
TP,sulbactam,Staphylococcus aureus infection,승인,NA,Approved,,DB09324,C1318973,,,,
TP,sulbactam,Bacterial peritonitis,승인,NA,Approved,,DB09324,C0341503,,,,
TP,sulbactam,Cholangitis,승인,NA,Approved,,DB09324,C0008311,,,,
TP,sulbactam,Enterobacteriaceae Infections,승인,NA,Approved,,DB09324,C0014347,,,,
TP,sulbactam,Escherichia coli Infections,승인,NA,Approved,,DB09324,C0014836,,,,
TP,sulconazole,Tinea corporis (disorder),승인,NA,Approved,,DB06820,C0040252,,,,
TP,sulconazole,Tinea Versicolor,승인,NA,Approved,,DB06820,C0040262,,,,
TP,sulconazole,Tinea Pedis,승인,NA,Approved,,DB06820,C0040259,,,,
TP,sulconazole,Tinea cruris,승인,NA,Approved,,DB06820,C1384589,,,,
TP,sulfacetamide,Trachoma,승인,NA,Approved,,DB00634,C0040592,,,,
TP,sulfacetamide,Blepharoconjunctivitis,승인,NA,Approved,,DB00634,C0005743,,,,
TP,sulfacetamide,Uveitis,승인,NA,Approved,,DB00634,C0042164,,,,
TP,sulfacetamide,Infective blepharitis,승인,NA,Approved,,DB00634,C0729587,,,,
TP,sulfacetamide,Acne Vulgaris,승인,NA,Approved,,DB00634,C0001144,,,,
TP,sulfacetamide,Inclusion conjunctivitis,승인,NA,Approved,,DB00634,C0009770,,,,
TP,sulfacetamide,Amebiasis,승인,NA,Approved,,DB00634,C0002438,,,,
TP,sulfacetamide,Iridocyclitis,승인,NA,Approved,,DB00634,C0022073,,,,
TP,sulfacetamide,Vulvovaginitis,승인,NA,Approved,,DB00634,C0042998,,,,
TP,sulfacetamide,Seborrheic dermatitis,승인,NA,Approved,,DB00634,C0036508,,,,
TP,sulfacetamide,Scurfiness of scalp,승인,NA,Approved,,DB00634,C0423775,,,,
TP,sulfacytine,Bacterial urinary infection,승인,NA,Approved,,DB01298,C0729524,,,,
TP,azacitidine,"Leukemia, Myelomonocytic, Chronic",승인,NA,Approved,,DB00928,C0023480,,,,
TP,azacitidine,"Leukemia, Myelocytic, Acute",승인,NA,Approved,,DB00928,C0023467,,,,
TP,sulfadiazine,Toxoplasmosis,승인,NA,Approved,,DB00359,C0040558,,,,
TP,sulfadiazine,Chorioretinitis,승인,NA,Approved,,DB00359,C0008513,,,,
TP,sulfadiazine,Ulcerative Colitis,승인,NA,Approved,,DB00359,C0009324,,,,
TP,sulfadiazine,Toxoplasmosis associated with acquired immunodeficiency syndrome,승인,NA,Approved,,DB00359,C1720498,,,,
TP,sulfadiazine,Skin Ulcer,승인,NA,Approved,,DB00359,C0037299,,,,
TP,sulfadiazine,"Toxoplasmosis, Congenital",승인,NA,Approved,,DB00359,C0040560,,,,
TP,sulfamethizole,Bacterial urinary infection,승인,NA,Approved,,DB00576,C0729524,,,,
TP,sulfamethizole,Proteus urinary tract infection,승인,NA,Approved,,DB00576,C0577709,,,,
TP,sulfamethizole,Klebsiella cystitis,승인,NA,Approved,,DB00576,C0520775,,,,
TP,sulfamethizole,Urinary tract infection caused by Escherichia coli,승인,NA,Approved,,DB00576,C0577708,,,,
TP,sulfamethizole,Infective otitis media,승인,NA,Approved,,DB00576,C0729586,,,,
TP,sulfamethizole,Acute otitis media,승인,NA,Approved,,DB00576,C0271429,,,,
TP,sulfamethizole,Shigella Infections,승인,NA,Approved,,DB00576,C0013371,,,,
TP,sulfamethoxazole,Shigella Infections,승인,NA,Approved,,DB01015,C0013371,,,,
TP,sulfamethoxazole,Infective otitis media,승인,NA,Approved,,DB01015,C0729586,,,,
TP,sulfamethoxazole,Toxoplasmosis,승인,NA,Approved,,DB01015,C0040558,,,,
TP,sulfamethoxazole,Klebsiella cystitis,승인,NA,Approved,,DB01015,C0520775,,,,
TP,sulfamethoxazole,Proteus urinary tract infection,승인,NA,Approved,,DB01015,C0577709,,,,
TP,sulfamethoxazole,Nocardia Infections,승인,NA,Approved,,DB01015,C0028242,,,,
TP,sulfamethoxazole,Bacterial urinary infection,승인,NA,Approved,,DB01015,C0729524,,,,
TP,sulfamethoxazole,Acute exacerbation of chronic bronchitis,승인,NA,Approved,,DB01015,C0856695,,,,
TP,sulfamethoxazole,Acute otitis media,승인,NA,Approved,,DB01015,C0271429,,,,
TP,sulfamethoxazole,Inclusion conjunctivitis,승인,NA,Approved,,DB01015,C0009770,,,,
TP,sulfamethoxazole,Urinary tract infection caused by Escherichia coli,승인,NA,Approved,,DB01015,C0577708,,,,
TP,sulfanilamide,Vulvovaginitis,승인,NA,Approved,,DB00259,C0042998,,,,
TP,sulfanilamide,"Candidiasis, Vulvovaginal",승인,NA,Approved,,DB00259,C0700345,,,,
TP,sulfapyridine,Dermatitis Herpetiformis,승인,NA,Approved,,DB00891,C0011608,,,,
TP,sulfasalazine,Rheumatoid Arthritis,승인,NA,Approved,,DB00795,C0003873,,,,
TP,sulfasalazine,Ulcerative Colitis,승인,NA,Approved,,DB00795,C0009324,,,,
TP,sulfasalazine,Juvenile arthritis,승인,NA,Approved,,DB00795,C3495559,,,,
TP,sulfathiazole,Vulvovaginitis,승인,NA,Approved,,DB06147,C0042998,,,,
TP,sulfinpyrazone,Hyperuricemia,승인,NA,Approved,,DB01138,C0740394,,,,
TP,sulfinpyrazone,Chronic gouty arthritis,승인,NA,Approved,,DB01138,C0268108,,,,
TP,sulfafurazole,Infective otitis media,승인,NA,Approved,,DB00263,C0729586,,,,
TP,sulfafurazole,Chancroids,승인,NA,Approved,,DB00263,C0007947,,,,
TP,sulfafurazole,Meningococcal meningitis,승인,NA,Approved,,DB00263,C0025294,,,,
TP,sulfafurazole,Acute otitis media,승인,NA,Approved,,DB00263,C0271429,,,,
TP,sulfafurazole,Nocardia Infections,승인,NA,Approved,,DB00263,C0028242,,,,
TP,sulfafurazole,"Malaria, Falciparum",승인,NA,Approved,,DB00263,C0024535,,,,
TP,sulfafurazole,Trachoma,승인,NA,Approved,,DB00263,C0040592,,,,
TP,sulfafurazole,Inclusion conjunctivitis,승인,NA,Approved,,DB00263,C0009770,,,,
TP,sulfafurazole,Chlamydial urethritis,승인,NA,Approved,,DB00263,C1278807,,,,
TP,sulfafurazole,Urinary tract infection,승인,NA,Approved,,DB00263,C0042029,,,,
TP,sulindac,Ankylosing spondylitis,승인,NA,Approved,,DB00605,C0038013,,,,
TP,sulindac,Rheumatoid Arthritis,승인,NA,Approved,,DB00605,C0003873,,,,
TP,sulindac,Degenerative polyarthritis,승인,NA,Approved,,DB00605,C0029408,,,,
TP,sulindac,"Arthritis, Gouty",승인,NA,Approved,,DB00605,C0003868,,,,
TP,sulindac,Bursitis,승인,NA,Approved,,DB00605,C0006444,,,,
TP,sulindac,Tendinitis,승인,NA,Approved,,DB00605,C0039503,,,,
TP,sulpiride,Schizophrenia,승인,NA,Approved,,DB00391,C0036341,,,,
TP,atazanavir,HIV Infections,승인,NA,Approved,,DB01072,C0019693,,,,
TP,sumatriptan,Migraine Disorders,승인,NA,Approved,,DB00669,C0149931,,,,
TP,sumatriptan,Cluster Headache,승인,NA,Approved,,DB00669,C0009088,,,,
TP,sunitinib,Neuroendocrine tumor of pancreas,승인,NA,Approved,,DB01268,C4305467,,,,
TP,sunitinib,Gastrointestinal Stromal Tumors,승인,NA,Approved,,DB01268,C0238198,,,,
TP,sunitinib,Renal Cell Carcinoma,승인,NA,Approved,,DB01268,C0007134,,,,
TP,atenolol,Myocardial Infarction,승인,NA,Approved,,DB00335,C0027051,,,,
TP,atenolol,Angina Pectoris,승인,NA,Approved,,DB00335,C0002962,,,,
TP,atenolol,Hypertensive disease,승인,NA,Approved,,DB00335,C0020538,,,,
TP,tacrine,Alzheimer's Disease,승인,NA,Approved,,DB00382,C0002395,,,,
TP,tacrolimus,Transplanted organ rejection,승인,NA,Approved,,DB00864,C0345468,,,,
TP,tacrolimus,"Dermatitis, Atopic",승인,NA,Approved,,DB00864,C0011615,,,,
TP,tacrolimus,Renal transplant rejection,승인,NA,Approved,,DB00864,C0238217,,,,
TP,tacrolimus,Liver transplant rejection,승인,NA,Approved,,DB00864,C0400968,,,,
TP,tadalafil,Pulmonary Hypertension,승인,NA,Approved,,DB00820,C0020542,,,,
TP,tadalafil,Erectile dysfunction,승인,NA,Approved,,DB00820,C0242350,,,,
TP,tadalafil,Prostatic Hypertrophy,승인,NA,Approved,,DB00820,C1739363,,,,
TP,talaporfin,Primary malignant neoplasm of brain,승인,NA,Approved,,DB11812,C0750979,,,,
TP,talaporfin,Malignant neoplasm of lung,승인,NA,Approved,,DB11812,C0242379,,,,
TP,talbutal,Sleeplessness,승인,NA,Approved,,DB00306,C0917801,,,,
TP,talinolol,Hypertensive disease,승인,NA,Approved,,DB11770,C0020538,,,,
TP,atomoxetine,Attention deficit hyperactivity disorder,승인,NA,Approved,,DB00289,C1263846,,,,
TP,tamoxifen,Malignant epithelial neoplasm of female breast,승인,NA,Approved,,DB00675,C3163805,,,,
TP,tamoxifen,Invasive Ductal Breast Carcinoma,승인,NA,Approved,,DB00675,C1134719,,,,
TP,tamsulosin,Prostatic Hypertrophy,승인,NA,Approved,,DB00706,C1739363,,,,
TP,tandospirone,Bruxism,승인,NA,Approved,,DB12833,C0006325,,,,
TP,atorvastatin,Angina Pectoris,승인,NA,Approved,,DB01076,C0002962,,,,
TP,atorvastatin,Hypercholesterolemia,승인,NA,Approved,,DB01076,C0020443,,,,
TP,atorvastatin,Cerebrovascular accident,승인,NA,Approved,,DB01076,C0038454,,,,
TP,atorvastatin,Familial hypercholesterolemia - heterozygous,승인,NA,Approved,,DB01076,C0342882,,,,
TP,atorvastatin,"Hyperlipidemia, Familial Combined",승인,NA,Approved,,DB01076,C0020474,,,,
TP,atorvastatin,Arteriosclerosis,승인,NA,Approved,,DB01076,C0003850,,,,
TP,atorvastatin,Hyperlipoproteinemia Type III,승인,NA,Approved,,DB01076,C0020479,,,,
TP,atorvastatin,Homozygous Familial Hypercholesterolemia,승인,NA,Approved,,DB01076,C0342881,,,,
TP,atorvastatin,"Angina Pectoris, Variant",승인,NA,Approved,,DB01076,C0002963,,,,
TP,atorvastatin,Hypertriglyceridemia,승인,NA,Approved,,DB01076,C0020557,,,,
TP,tazarotene,Acne Vulgaris,승인,NA,Approved,,DB00799,C0001144,,,,
TP,tazarotene,Psoriasis,승인,NA,Approved,,DB00799,C0033860,,,,
TP,tazobactam,Appendicitis,승인,NA,Approved,,DB01606,C0003615,,,,
TP,tazobactam,"Pneumonia, Bacterial",승인,NA,Approved,,DB01606,C0004626,,,,
TP,tazobactam,Hospital acquired pneumonia,승인,NA,Approved,,DB01606,C0949083,,,,
TP,tazobactam,Peritonitis,승인,NA,Approved,,DB01606,C0031154,,,,
TP,tazobactam,Abdominal Abscess,승인,NA,Approved,,DB01606,C0243001,,,,
TP,tazobactam,Haemophilus influenzae pneumonia,승인,NA,Approved,,DB01606,C0276026,,,,
TP,tazobactam,Staphylococcus aureus infection,승인,NA,Approved,,DB01606,C1318973,,,,
TP,tazobactam,Sepsis caused by Serratia,승인,NA,Approved,,DB01606,C2887097,,,,
TP,tazobactam,Sepsis caused by Haemophilus influenzae,승인,NA,Approved,,DB01606,C2887091,,,,
TP,tazobactam,Cholecystitis,승인,NA,Approved,,DB01606,C0008325,,,,
TP,tazobactam,Liver Abscess,승인,NA,Approved,,DB01606,C0023885,,,,
TP,tazobactam,Acute pyelonephritis caused by bacterium,승인,NA,Approved,,DB01606,C2062473,,,,
TP,tazobactam,Bacterial cystitis,승인,NA,Approved,,DB01606,C0742964,,,,
TP,tegaserod,Irritable bowel syndrome characterized by constipation,승인,NA,Approved,,DB01079,C1868889,,,,
TP,tegaserod,Chronic idiopathic constipation,승인,NA,Approved,,DB01079,C0267509,,,,
TP,atovaquone,"Malaria, Falciparum",승인,NA,Approved,,DB01117,C0024535,,,,
TP,telithromycin,Haemophilus influenzae pneumonia,승인,NA,Approved,,DB00976,C0276026,,,,
TP,telithromycin,Mycoplasma pneumonia,승인,NA,Approved,,DB00976,C0032302,,,,
TP,telithromycin,Chlamydial pneumonia,승인,NA,Approved,,DB00976,C0339959,,,,
TP,telithromycin,Group A Streptococcal Infections,승인,NA,Approved,,DB00976,C0554628,,,,
TP,telmisartan,Hypertensive disease,승인,NA,Approved,,DB00966,C0020538,,,,
TP,telmisartan,Cerebrovascular accident,승인,NA,Approved,,DB00966,C0038454,,,,
TP,temazepam,Sleeplessness,승인,NA,Approved,,DB00231,C0917801,,,,
TP,temocapril,Hypertensive disease,승인,NA,Approved,,DB08836,C0020538,,,,
TP,temoporfin,Head and Neck Neoplasms,승인,NA,Approved,,DB11630,C0018671,,,,
TP,temoporfin,Squamous cell carcinoma,승인,NA,Approved,,DB11630,C0007137,,,,
TP,temozolomide,Anaplastic astrocytoma,승인,NA,Approved,,DB00853,C0334579,,,,
TP,temozolomide,Brain Glioblastoma,승인,NA,Approved,,DB00853,C0349543,,,,
TP,temozolomide,Ewings sarcoma,승인,NA,Approved,,DB00853,C0553580,,,,
TP,teniposide,Acute lymphocytic leukemia,승인,NA,Approved,,DB00444,C0023449,,,,
TP,tenitramine,Angina Pectoris,승인,NA,Approved,,DB13637,C0002962,,,,
TP,tenofovir,"Hepatitis B, Chronic",승인,NA,Approved,,DB14126,C0524909,,,,
TP,tenofovir,HIV Infections,승인,NA,Approved,,DB14126,C0019693,,,,
TP,tenofovir disoproxil,HIV Infections,승인,NA,Approved,,DB00300,C0019693,,,,
TP,tenofovir disoproxil,"Hepatitis B, Chronic",승인,NA,Approved,,DB00300,C0524909,,,,
TP,tenonitrozole,Trichomonas Infections,승인,NA,Approved,,DB13659,C0040921,,,,
TP,tenoxicam,Arthritis,승인,NA,Approved,,DB00469,C0003864,,,,
TP,terbinafine,Onychomycosis,승인,NA,Approved,,DB00857,C0040261,,,,
TP,terbinafine,Tinea Pedis,승인,NA,Approved,,DB00857,C0040259,,,,
TP,terbinafine,Tinea Versicolor,승인,NA,Approved,,DB00857,C0040262,,,,
TP,terbinafine,Onychomycosis of toenails,승인,NA,Approved,,DB00857,C1274470,,,,
TP,terbinafine,Tinea Capitis,승인,NA,Approved,,DB00857,C0040250,,,,
TP,terbinafine,Tinea cruris,승인,NA,Approved,,DB00857,C1384589,,,,
TP,terbinafine,onychomycosis of fingernail,승인,NA,Approved,,DB00857,C1274469,,,,
TP,terbinafine,Tinea corporis (disorder),승인,NA,Approved,,DB00857,C0040252,,,,
TP,terbutaline,Pulmonary Emphysema,승인,NA,Approved,,DB00871,C0034067,,,,
TP,terbutaline,Pruritus,승인,NA,Approved,,DB00871,C0033774,,,,
TP,terbutaline,Dry Eye Syndromes,승인,NA,Approved,,DB00871,C0013238,,,,
TP,terbutaline,Asthma,승인,NA,Approved,,DB00871,C0004096,,,,
TP,terbutaline,Skin irritation,승인,NA,Approved,,DB00871,C0152030,,,,
TP,terbutaline,Bronchitis,승인,NA,Approved,,DB00871,C0006277,,,,
TP,terbutaline,Asthma attack,승인,NA,Approved,,DB00871,C0347950,,,,
TP,terconazole,"Candidiasis, Vulvovaginal",승인,NA,Approved,,DB00251,C0700345,,,,
TP,fluorouracil,Adenocarcinoma of pancreas,승인,NA,Approved,,DB00544,C0281361,,,,
TP,fluorouracil,Malignant tumor of colon,승인,NA,Approved,,DB00544,C0007102,,,,
TP,fluorouracil,Superficial basal cell carcinoma,승인,NA,Approved,,DB00544,C0862889,,,,
TP,fluorouracil,metastasis from malignant neoplasm of colon,승인,NA,Approved,,DB00544,C1282500,,,,
TP,fluorouracil,Actinic keratosis,승인,NA,Approved,,DB00544,C0022602,,,,
TP,fluorouracil,Malignant neoplasm of stomach,승인,NA,Approved,,DB00544,C0024623,,,,
TP,fluorouracil,Malignant tumor of small intestine,승인,NA,Approved,,DB00544,C0153425,,,,
TP,terfenadine,Chronic Spontaneous Urticaria,승인,NA,Approved,,DB00342,C0578870,,,,
TP,terfenadine,Nasal congestion (finding),승인,NA,Approved,,DB00342,C0027424,,,,
TP,terfenadine,Sneezing,승인,NA,Approved,,DB00342,C0037383,,,,
TP,terfenadine,Rhinorrhea,승인,NA,Approved,,DB00342,C1260880,,,,
TP,terfenadine,Hay fever,승인,NA,Approved,,DB00342,C0018621,,,,
TP,terfenadine,Common Cold,승인,NA,Approved,,DB00342,C0009443,,,,
TP,terfenadine,Allergic Conjunctivitis,승인,NA,Approved,,DB00342,C0009766,,,,
TP,terfenadine,Allergic rhinitis (disorder),승인,NA,Approved,,DB00342,C2607914,,,,
TP,terfenadine,"Rhinitis, Vasomotor",승인,NA,Approved,,DB00342,C0035460,,,,
TP,terguride,Pulmonary arterial hypertension,승인,NA,Approved,,DB13399,C2973725,,,,
TP,terguride,Chronic thromboembolic pulmonary hypertension,승인,NA,Approved,,DB13399,C2363973,,,,
TP,terodiline,Urinary Incontinence,승인,NA,Approved,,DB13725,C0042024,,,,
TP,terpin,Coughing,승인,NA,Approved,,DB13163,C0010200,,,,
TP,testolactone,Malignant epithelial neoplasm of female breast,승인,NA,Approved,,DB00894,C3163805,,,,
TP,testosterone,Hypopituitarism,승인,NA,Approved,,DB00624,C0020635,,,,
TP,testosterone,Delayed Puberty,승인,NA,Approved,,DB00624,C0034012,,,,
TP,testosterone,Deficiency of testosterone biosynthesis,승인,NA,Approved,,DB00624,C0342527,,,,
TP,testosterone,Cryptorchidism,승인,NA,Approved,,DB00624,C0010417,,,,
TP,testosterone,Hormone receptor positive malignant neoplasm of breast,승인,NA,Approved,,DB00624,C1562029,,,,
TP,testosterone,Hypogonadotropic hypogonadism,승인,NA,Approved,,DB00624,C0271623,,,,
TP,testosterone,Testicular hypogonadism,승인,NA,Approved,,DB00624,C0151721,,,,
TP,testosterone,Klinefelter Syndrome,승인,NA,Approved,,DB00624,C0022735,,,,
TP,testosterone,Hot flushes,승인,NA,Approved,,DB00624,C0600142,,,,
TP,testosterone undecanoate,Primary hypogonadism,승인,NA,Approved,,DB13946,C0948896,,,,
TP,testosterone undecanoate,Hypogonadotropic hypogonadism,승인,NA,Approved,,DB13946,C0271623,,,,
TP,tetrabenazine,Huntington Disease,승인,NA,Approved,,DB04844,C0020179,,,,
TP,tetracaine,Pruritus,승인,NA,Approved,,DB09085,C0033774,,,,
TP,tetracaine,Skin irritation,승인,NA,Approved,,DB09085,C0152030,,,,
TP,tetracycline,Lymphogranuloma Venereum,승인,NA,Approved,,DB00759,C0024286,,,,
TP,tetracycline,Relapsing Fever,승인,NA,Approved,,DB00759,C0035021,,,,
TP,tetracycline,Acute gonococcal urethritis,승인,NA,Approved,,DB00759,C0275652,,,,
TP,tetracycline,Gonorrhea,승인,NA,Approved,,DB00759,C0018081,,,,
TP,tetracycline,Sinusitis,승인,NA,Approved,,DB00759,C0037199,,,,
TP,tetracycline,Rickettsialpox,승인,NA,Approved,,DB00759,C0035597,,,,
TP,tetracycline,Anthrax disease,승인,NA,Approved,,DB00759,C0003175,,,,
TP,tetracycline,Actinomycosis,승인,NA,Approved,,DB00759,C0001261,,,,
TP,tetracycline,Gonorrhea of pharynx,승인,NA,Approved,,DB00759,C0149966,,,,
TP,tetracycline,Pneumonia,승인,NA,Approved,,DB00759,C0032285,,,,
TP,tetracycline,Rocky Mountain Spotted Fever,승인,NA,Approved,,DB00759,C0035793,,,,
TP,tetracycline,Bacterial conjunctivitis,승인,NA,Approved,,DB00759,C0009768,,,,
TP,tetracycline,Chlamydia trachomatis infection of genital structure,승인,NA,Approved,,DB00759,C1997322,,,,
TP,tetracycline,Ophthalmia Neonatorum,승인,NA,Approved,,DB00759,C0029076,,,,
TP,tetracycline,Bacterial keratitis,승인,NA,Approved,,DB00759,C0854211,,,,
TP,tetracycline,Psittacosis,승인,NA,Approved,,DB00759,C0029291,,,,
TP,tetracycline,Acute gonococcal epididymo-orchitis,승인,NA,Approved,,DB00759,C0153193,,,,
TP,tetracycline,Brucellosis,승인,NA,Approved,,DB00759,C0006309,,,,
TP,tetracycline,Trachoma,승인,NA,Approved,,DB00759,C0040592,,,,
TP,tetracycline,Urinary tract infection,승인,NA,Approved,,DB00759,C0042029,,,,
TP,tetracycline,Syphilis,승인,NA,Approved,,DB00759,C0039128,,,,
TP,tetracycline,Infective otitis media,승인,NA,Approved,,DB00759,C0729586,,,,
TP,tetracycline,Pharyngitis,승인,NA,Approved,,DB00759,C0031350,,,,
TP,tetracycline,Q Fever,승인,NA,Approved,,DB00759,C0034362,,,,
TP,tetracycline,Acute gonococcal endometritis,승인,NA,Approved,,DB00759,C0153196,,,,
TP,tetracycline,Granuloma Inguinale,승인,NA,Approved,,DB00759,C0018190,,,,
TP,tetracycline,Gonorrhea of rectum,승인,NA,Approved,,DB00759,C0275665,,,,
TP,tetracycline,Bronchitis,승인,NA,Approved,,DB00759,C0006277,,,,
TP,tetracycline,Yaws,승인,NA,Approved,,DB00759,C0043388,,,,
TP,tetracycline,Gingivostomatitis,승인,NA,Approved,,DB00759,C0149704,,,,
TP,tetracycline,Acne Vulgaris,승인,NA,Approved,,DB00759,C0001144,,,,
TP,tetracycline,Acute gonococcal cervicitis,승인,NA,Approved,,DB00759,C0153195,,,,
TP,sapropterin,Classical phenylketonuria,승인,NA,Approved,,DB00360,C0751434,,,,
TP,sapropterin,"Hyperphenylalaninemia, Non-Phenylketonuric",승인,NA,Approved,,DB00360,C0751436,,,,
TP,thalidomide,Multiple Myeloma,승인,NA,Approved,,DB01041,C0026764,,,,
TP,thalidomide,Erythema nodosum leprosum,승인,NA,Approved,,DB01041,C0343467,,,,
TP,thalidomide,POEMS Syndrome,승인,NA,Approved,,DB01041,C0085404,,,,
TP,theophylline,Lung diseases,승인,NA,Approved,,DB00277,C0024115,,,,
TP,theophylline,Asthma,승인,NA,Approved,,DB00277,C0004096,,,,
TP,theophylline,Asthma night-time symptoms,승인,NA,Approved,,DB00277,C1273489,,,,
TP,theophylline,Bronchitis,승인,NA,Approved,,DB00277,C0006277,,,,
TP,theophylline,Pulmonary Emphysema,승인,NA,Approved,,DB00277,C0034067,,,,
TP,theophylline,Asthma-Chronic Obstructive Pulmonary Disease Overlap Syndrome,승인,NA,Approved,,DB00277,C4038730,,,,
TP,theophylline,Bronchospasm,승인,NA,Approved,,DB00277,C0006266,,,,
TP,theophylline,Asthma attack,승인,NA,Approved,,DB00277,C0347950,,,,
TP,thiabendazole,"Larva Migrans, Cutaneous",승인,NA,Approved,,DB00730,C0546999,,,,
TP,thiabendazole,Infection by Uncinaria,승인,NA,Approved,,DB00730,C0041648,,,,
TP,thiabendazole,Toxocariasis,승인,NA,Approved,,DB00730,C0040553,,,,
TP,thiabendazole,Enterobiasis,승인,NA,Approved,,DB00730,C0086227,,,,
TP,thiabendazole,Trichinellosis,승인,NA,Approved,,DB00730,C0040896,,,,
TP,thiabendazole,Ascariasis,승인,NA,Approved,,DB00730,C0003950,,,,
TP,thiabendazole,Infection by Trichuris trichiura,승인,NA,Approved,,DB00730,C0040954,,,,
TP,thiabendazole,Strongyloidiasis,승인,NA,Approved,,DB00730,C0038463,,,,
TP,thiethylperazine,Vomiting,승인,NA,Approved,,DB00372,C0042963,,,,
TP,thiethylperazine,Nausea and vomiting,승인,NA,Approved,,DB00372,C0027498,,,,
TP,thiethylperazine,Nausea,승인,NA,Approved,,DB00372,C0027497,,,,
TP,thioacetazone,"Tuberculosis, Pulmonary",승인,NA,Approved,,DB12829,C0041327,,,,
TP,thioguanine,"Leukemia, Myelocytic, Acute",승인,NA,Approved,,DB00352,C0023467,,,,
TP,thiopental,Epilepsy,승인,NA,Approved,,DB00599,C0014544,,,,
TP,thiopental,Pseudotumor Cerebri,승인,NA,Approved,,DB00599,C0033845,,,,
TP,thiotepa,Hodgkin Disease,승인,NA,Approved,,DB04572,C0019829,,,,
TP,thiotepa,Malignant neoplasm of ovary,승인,NA,Approved,,DB04572,C1140680,,,,
TP,thiotepa,Malignant epithelial neoplasm of female breast,승인,NA,Approved,,DB04572,C3163805,,,,
TP,thiotepa,Malignant neoplasm of urinary bladder,승인,NA,Approved,,DB04572,C0005684,,,,
TP,thiotepa,Lymphoma,승인,NA,Approved,,DB04572,C0024299,,,,
TP,thiothixene,Schizophrenia,승인,NA,Approved,,DB01623,C0036341,,,,
TP,levothyroxine,Myxedema,승인,NA,Approved,,DB00451,C0027145,,,,
TP,levothyroxine,Malignant neoplasm of thyroid,승인,NA,Approved,,DB00451,C0007115,,,,
TP,levothyroxine,Hyperlipidemia,승인,NA,Approved,,DB00451,C0020473,,,,
TP,levothyroxine,Congenital Hypothyroidism,승인,NA,Approved,,DB00451,C0010308,,,,
TP,levothyroxine,Hypothyroidism,승인,NA,Approved,,DB00451,C0020676,,,,
TP,levothyroxine,Hashimoto Disease,승인,NA,Approved,,DB00451,C0677607,,,,
TP,levothyroxine,Goiter,승인,NA,Approved,,DB00451,C0018021,,,,
TP,tiagabine,Epilepsy characterized by intractable complex partial seizures,승인,NA,Approved,,DB00906,C2711653,,,,
TP,tiagabine,Simple Partial Seizures,승인,NA,Approved,,DB00906,C0234974,,,,
TP,azapetine,Peripheral Vascular Diseases,승인,NA,Approved,,DB13727,C0085096,,,,
TP,tiaprofenic acid,Degenerative polyarthritis,승인,NA,Approved,,DB01600,C0029408,,,,
TP,tiaprofenic acid,Pain,승인,NA,Approved,,DB01600,C0030193,,,,
TP,tiaprofenic acid,Rheumatoid Arthritis,승인,NA,Approved,,DB01600,C0003873,,,,
TP,tibolone,"Osteoporosis, Postmenopausal",승인,NA,Approved,,DB09070,C0029458,,,,
TP,ticarcillin,Pneumonia due to Escherichia coli,승인,NA,Approved,,DB01607,C0276089,,,,
TP,ticarcillin,Lung Abscess,승인,NA,Approved,,DB01607,C0024110,,,,
TP,ticarcillin,Salpingitis,승인,NA,Approved,,DB01607,C0036130,,,,
TP,ticarcillin,Klebsiella cystitis,승인,NA,Approved,,DB01607,C0520775,,,,
TP,ticarcillin,Urinary tract infection caused by Escherichia coli,승인,NA,Approved,,DB01607,C0577708,,,,
TP,ticarcillin,Pneumonia due to Pseudomonas,승인,NA,Approved,,DB01607,C0155860,,,,
TP,ticarcillin,Serratia Infections,승인,NA,Approved,,DB01607,C0085394,,,,
TP,ticarcillin,Enterobacteriaceae Infections,승인,NA,Approved,,DB01607,C0014347,,,,
TP,ticarcillin,Sepsis due to Pseudomonas,승인,NA,Approved,,DB01607,C2887096,,,,
TP,ticarcillin,"Empyema, Pleural",승인,NA,Approved,,DB01607,C0014013,,,,
TP,ticarcillin,Rhinoscleroma,승인,NA,Approved,,DB01607,C0035468,,,,
TP,ticarcillin,Proteus pneumonia,승인,NA,Approved,,DB01607,C1260917,,,,
TP,ticarcillin,Urinary tract infection,승인,NA,Approved,,DB01607,C0042029,,,,
TP,ticarcillin,Abdominal Infection,승인,NA,Approved,,DB01607,C1112209,,,,
TP,ticarcillin,"Pneumonia, Bacterial",승인,NA,Approved,,DB01607,C0004626,,,,
TP,ticarcillin,Osteomyelitis due to Staphylococcus aureus,승인,NA,Approved,,DB01607,C1997728,,,,
TP,ticarcillin,Bacterial sepsis,승인,NA,Approved,,DB01607,C0684256,,,,
TP,ticarcillin,Sepsis caused by Gram negative bacteria,승인,NA,Approved,,DB01607,C3163829,,,,
TP,ticarcillin,Haemophilus influenzae pneumonia,승인,NA,Approved,,DB01607,C0276026,,,,
TP,ticarcillin,Escherichia coli Infections,승인,NA,Approved,,DB01607,C0014836,,,,
TP,ticarcillin,Bacterial urinary infection,승인,NA,Approved,,DB01607,C0729524,,,,
TP,ticarcillin,Staphylococcus aureus infection,승인,NA,Approved,,DB01607,C1318973,,,,
TP,ticarcillin,Bacterial infection due to Klebsiella pneumoniae,승인,NA,Approved,,DB01607,C0343402,,,,
TP,ticarcillin,Escherichia coli septicemia,승인,NA,Approved,,DB01607,C0276088,,,,
TP,ticarcillin,Pelvic abscess,승인,NA,Approved,,DB01607,C0030785,,,,
TP,ticarcillin,Staphylococcal Pneumonia,승인,NA,Approved,,DB01607,C0032308,,,,
TP,ticarcillin,Aspiration Pneumonia,승인,NA,Approved,,DB01607,C0032290,,,,
TP,ticarcillin,Proteus septicemia,승인,NA,Approved,,DB01607,C0577690,,,,
TP,ticarcillin,Sepsis due to Staphylococcus aureus,승인,NA,Approved,,DB01607,C2887088,,,,
TP,tienilic acid,Hypertensive disease,승인,NA,Approved,,DB04831,C0020538,,,,
TP,azapropazone,Degenerative polyarthritis,승인,NA,Approved,,DB07402,C0029408,,,,
TP,azapropazone,Gout,승인,NA,Approved,,DB07402,C0018099,,,,
TP,azapropazone,Rheumatoid Arthritis,승인,NA,Approved,,DB07402,C0003873,,,,
TP,azapropazone,Ankylosing spondylitis,승인,NA,Approved,,DB07402,C0038013,,,,
TP,tigecycline,Complicated appendicitis,승인,NA,Approved,,DB00560,C1632842,,,,
TP,tigecycline,Haemophilus influenzae pneumonia,승인,NA,Approved,,DB00560,C0276026,,,,
TP,tigecycline,Abdominal Abscess,승인,NA,Approved,,DB00560,C0243001,,,,
TP,tigecycline,Abdominal Infection,승인,NA,Approved,,DB00560,C1112209,,,,
TP,tigecycline,Streptococcal pneumonia,승인,NA,Approved,,DB00560,C0155862,,,,
TP,tilidine,Pain,승인,NA,Approved,,DB13787,C0030193,,,,
TP,tiludronic acid,Osteitis Deformans,승인,NA,Approved,,DB01133,C0029401,,,,
TP,tinidazole,Acute amebiasis,승인,NA,Approved,,DB00911,C0152499,,,,
TP,tinidazole,Trichomonas Infections,승인,NA,Approved,,DB00911,C0040921,,,,
TP,tinidazole,Bacterial Vaginosis,승인,NA,Approved,,DB00911,C0085166,,,,
TP,tinidazole,"Liver Abscess, Amebic",승인,NA,Approved,,DB00911,C0023886,,,,
TP,tinidazole,Giardiasis,승인,NA,Approved,,DB00911,C0017536,,,,
TP,tinoridine,Pain,승인,NA,Approved,,DB13001,C0030193,,,,
TP,tiocarlide,"Tuberculosis, Pulmonary",승인,NA,Approved,,DB13608,C0041327,,,,
TP,tioconazole,"Candidiasis, Vulvovaginal",승인,NA,Approved,,DB01007,C0700345,,,,
TP,tiopronin,Cystinuria,승인,NA,Approved,,DB06823,C0010691,,,,
TP,tiotropium bromide,"Bronchitis, Chronic",승인,NA,Approved,,DB01409,C0008677,,,,
TP,tiotropium bromide,Pulmonary Emphysema,승인,NA,Approved,,DB01409,C0034067,,,,
TP,tiotropium bromide,Asthma,승인,NA,Approved,,DB01409,C0004096,,,,
TP,azatadine,Pruritus,승인,NA,Approved,,DB00719,C0033774,,,,
TP,azatadine,Nasal congestion (finding),승인,NA,Approved,,DB00719,C0027424,,,,
TP,azatadine,Sneezing,승인,NA,Approved,,DB00719,C0037383,,,,
TP,azatadine,Common Cold,승인,NA,Approved,,DB00719,C0009443,,,,
TP,azatadine,Urticaria,승인,NA,Approved,,DB00719,C0042109,,,,
TP,azatadine,"Rhinitis, Vasomotor",승인,NA,Approved,,DB00719,C0035460,,,,
TP,azatadine,Allergic rhinitis (disorder),승인,NA,Approved,,DB00719,C2607914,,,,
TP,azatadine,Allergic Conjunctivitis,승인,NA,Approved,,DB00719,C0009766,,,,
TP,azatadine,Rhinorrhea,승인,NA,Approved,,DB00719,C1260880,,,,
TP,azatadine,Hay fever,승인,NA,Approved,,DB00719,C0018621,,,,
TP,azatadine,Dermatographic urticaria,승인,NA,Approved,,DB00719,C0343065,,,,
TP,tirofiban,Acute Coronary Syndrome,승인,NA,Approved,,DB00775,C0948089,,,,
TP,tirofiban,Non-Q wave myocardial infarction,승인,NA,Approved,,DB00775,C0542269,,,,
TP,tizanidine,Muscle spasticity of spinal origin,승인,NA,Approved,,DB00697,C1562430,,,,
TP,tizanidine,Muscle Spasticity,승인,NA,Approved,,DB00697,C0026838,,,,
TP,tobramycin,Urinary tract infection caused by Klebsiella,승인,NA,Approved,,DB00684,C4076057,,,,
TP,tobramycin,Enterobacteriaceae Infections,승인,NA,Approved,,DB00684,C0014347,,,,
TP,tobramycin,Bacterial infection due to Klebsiella pneumoniae,승인,NA,Approved,,DB00684,C0343402,,,,
TP,tobramycin,Pneumonia due to Pseudomonas,승인,NA,Approved,,DB00684,C0155860,,,,
TP,tobramycin,Bacterial sepsis,승인,NA,Approved,,DB00684,C0684256,,,,
TP,tobramycin,Punctate keratitis,승인,NA,Approved,,DB00684,C0259799,,,,
TP,tobramycin,Serratia Infections,승인,NA,Approved,,DB00684,C0085394,,,,
TP,tobramycin,Dacryocystitis,승인,NA,Approved,,DB00684,C0010930,,,,
TP,tobramycin,Anterior uveitis,승인,NA,Approved,,DB00684,C0042165,,,,
TP,tobramycin,Bacterial conjunctivitis,승인,NA,Approved,,DB00684,C0009768,,,,
TP,tobramycin,Sepsis due to Pseudomonas,승인,NA,Approved,,DB00684,C2887096,,,,
TP,tobramycin,Escherichia coli septicemia,승인,NA,Approved,,DB00684,C0276088,,,,
TP,tobramycin,Neonatal meningitis,승인,NA,Approved,,DB00684,C0456107,,,,
TP,tobramycin,Osteomyelitis due to Staphylococcus aureus,승인,NA,Approved,,DB00684,C1997728,,,,
TP,tobramycin,Corneal Perforation,승인,NA,Approved,,DB00684,C0339293,,,,
TP,tobramycin,Bacterial peritonitis,승인,NA,Approved,,DB00684,C0341503,,,,
TP,tobramycin,"Meningitis, Bacterial",승인,NA,Approved,,DB00684,C0085437,,,,
TP,tobramycin,Allergic Conjunctivitis,승인,NA,Approved,,DB00684,C0009766,,,,
TP,tobramycin,Rhinoscleroma,승인,NA,Approved,,DB00684,C0035468,,,,
TP,tobramycin,Staphylococcus aureus infection,승인,NA,Approved,,DB00684,C1318973,,,,
TP,tobramycin,Herpes zoster keratitis,승인,NA,Approved,,DB00684,C1275687,,,,
TP,tobramycin,Blepharoconjunctivitis,승인,NA,Approved,,DB00684,C0005743,,,,
TP,tobramycin,Infection of bone,승인,NA,Approved,,DB00684,C2242472,,,,
TP,tobramycin,Sepsis of the newborn,승인,NA,Approved,,DB00684,C0456103,,,,
TP,tobramycin,Rosacea,승인,NA,Approved,,DB00684,C0035854,,,,
TP,tobramycin,Meibomianitis,승인,NA,Approved,,DB00684,C0549398,,,,
TP,tobramycin,Pneumonia due to Escherichia coli,승인,NA,Approved,,DB00684,C0276089,,,,
TP,tobramycin,Escherichia coli Infections,승인,NA,Approved,,DB00684,C0014836,,,,
TP,tobramycin,Keratoconjunctivitis,승인,NA,Approved,,DB00684,C0022573,,,,
TP,tobramycin,Bacterial urinary infection,승인,NA,Approved,,DB00684,C0729524,,,,
TP,tobramycin,Uveitis,승인,NA,Approved,,DB00684,C0042164,,,,
TP,tobramycin,Corneal Abrasions,승인,NA,Approved,,DB00684,C0010032,,,,
TP,tobramycin,Staphylococcal Pneumonia,승인,NA,Approved,,DB00684,C0032308,,,,
TP,tobramycin,Urinary tract infection caused by Escherichia coli,승인,NA,Approved,,DB00684,C0577708,,,,
TP,tobramycin,Hospital acquired pneumonia,승인,NA,Approved,,DB00684,C0949083,,,,
TP,tobramycin,Infective blepharitis,승인,NA,Approved,,DB00684,C0729587,,,,
TP,tocainide,Ventricular arrhythmia,승인,NA,Approved,,DB01056,C0085612,,,,
TP,azathioprine,Ulcerative Colitis,승인,NA,Approved,,DB00993,C0009324,,,,
TP,azathioprine,Rheumatoid Arthritis,승인,NA,Approved,,DB00993,C0003873,,,,
TP,azathioprine,Dermatomyositis,승인,NA,Approved,,DB00993,C0011633,,,,
TP,azathioprine,Autoimmune Chronic Hepatitis,승인,NA,Approved,,DB00993,C0241910,,,,
TP,azathioprine,"Lupus Erythematosus, Systemic",승인,NA,Approved,,DB00993,C0024141,,,,
TP,azathioprine,Crohn Disease,승인,NA,Approved,,DB00993,C0010346,,,,
TP,azathioprine,"Multiple Sclerosis, Acute Relapsing",승인,NA,Approved,,DB00993,C0393664,,,,
TP,azathioprine,Myasthenia Gravis,승인,NA,Approved,,DB00993,C0026896,,,,
TP,azathioprine,Pemphigus Vulgaris,승인,NA,Approved,,DB00993,C0030809,,,,
TP,azathioprine,Polyarteritis Nodosa,승인,NA,Approved,,DB00993,C0031036,,,,
TP,azathioprine,Bullous pemphigoid,승인,NA,Approved,,DB00993,C0030805,,,,
TP,azathioprine,Behcet Syndrome,승인,NA,Approved,,DB00993,C0004943,,,,
TP,azathioprine,Chronic idiopathic thrombocytopenic purpura,승인,NA,Approved,,DB00993,C0272293,,,,
TP,tolazamide,"Diabetes Mellitus, Non-Insulin-Dependent",승인,NA,Approved,,DB00839,C0011860,,,,
TP,tolazoline,Cerebrovascular Disorders,승인,NA,Approved,,DB00797,C0007820,,,,
TP,tolazoline,Persistent Fetal Circulation Syndrome,승인,NA,Approved,,DB00797,C0031190,,,,
TP,tolazoline,Vascular Diseases,승인,NA,Approved,,DB00797,C0042373,,,,
TP,tolbutamide,"Diabetes Mellitus, Non-Insulin-Dependent",승인,NA,Approved,,DB01124,C0011860,,,,
TP,tolcapone,Parkinson Disease,승인,NA,Approved,,DB00323,C0030567,,,,
TP,tolmetin,Degenerative polyarthritis,승인,NA,Approved,,DB00500,C0029408,,,,
TP,tolmetin,Juvenile arthritis,승인,NA,Approved,,DB00500,C3495559,,,,
TP,tolmetin,Rheumatoid Arthritis,승인,NA,Approved,,DB00500,C0003873,,,,
TP,azelaic acid,Rosacea,승인,NA,Approved,,DB00548,C0035854,,,,
TP,azelaic acid,Acne Vulgaris,승인,NA,Approved,,DB00548,C0001144,,,,
TP,toloxatone,Depressive disorder,승인,NA,Approved,,DB09245,C0011581,,,,
TP,tolperisone,Muscle Spasticity,승인,NA,Approved,,DB06264,C0026838,,,,
TP,tolrestat,Complications of Diabetes Mellitus,승인,NA,Approved,,DB02383,C0342257,,,,
TP,tolterodine,Urge Incontinence,승인,NA,Approved,,DB01036,C0150045,,,,
TP,tolterodine,Urgency of micturition,승인,NA,Approved,,DB01036,C0085606,,,,
TP,tolterodine,Bladder muscle dysfunction - overactive,승인,NA,Approved,,DB01036,C0403643,,,,
TP,topiramate,Tonic-Clonic Epilepsy,승인,NA,Approved,,DB00273,C0014549,,,,
TP,topiramate,Epilepsy characterized by intractable complex partial seizures,승인,NA,Approved,,DB00273,C2711653,,,,
TP,topiramate,Lennox-Gastaut syndrome,승인,NA,Approved,,DB00273,C0238111,,,,
TP,topiramate,Simple Partial Seizures,승인,NA,Approved,,DB00273,C0234974,,,,
TP,topotecan,Malignant neoplasm of ovary,승인,NA,Approved,,DB01030,C1140680,,,,
TP,topotecan,Small cell carcinoma of lung,승인,NA,Approved,,DB01030,C0149925,,,,
TP,topotecan,Malignant tumor of cervix,승인,NA,Approved,,DB01030,C0007847,,,,
TP,torsemide,Hypertensive disease,승인,NA,Approved,,DB00214,C0020538,,,,
TP,torsemide,Edema,승인,NA,Approved,,DB00214,C0013604,,,,
TP,torsemide,Decompensated cardiac failure,승인,NA,Approved,,DB00214,C0581377,,,,
TP,azelastine,Allergic rhinitis (disorder),승인,NA,Approved,,DB00972,C2607914,,,,
TP,azelastine,Allergic Conjunctivitis,승인,NA,Approved,,DB00972,C0009766,,,,
TP,azelastine,"Rhinitis, Vasomotor",승인,NA,Approved,,DB00972,C0035460,,,,
TP,azelastine,Hay fever,승인,NA,Approved,,DB00972,C0018621,,,,
TP,tramadol,Chronic pain,승인,NA,Approved,,DB00193,C0150055,,,,
TP,tramadol,Degenerative polyarthritis,승인,NA,Approved,,DB00193,C0029408,,,,
TP,tramadol,Pain,승인,NA,Approved,,DB00193,C0030193,,,,
TP,trandolapril,Left ventricular cardiac dysfunction,승인,NA,Approved,,DB00519,C1997351,,,,
TP,trandolapril,Chronic heart failure,승인,NA,Approved,,DB00519,C0264716,,,,
TP,trandolapril,Hypertensive disease,승인,NA,Approved,,DB00519,C0020538,,,,
TP,tranexamic acid,Female hypogonadism syndrome,승인,NA,Approved,,DB00302,C0271578,,,,
TP,tranexamic acid,Menorrhagia,승인,NA,Approved,,DB00302,C0025323,,,,
TP,tranexamic acid,Endometriosis,승인,NA,Approved,,DB00302,C0014175,,,,
TP,tranilast,Asthma,승인,NA,Approved,,DB07615,C0004096,,,,
TP,tranilast,Allergic rhinitis (disorder),승인,NA,Approved,,DB07615,C2607914,,,,
TP,tranilast,"Dermatitis, Atopic",승인,NA,Approved,,DB07615,C0011615,,,,
TP,tranilast,Keloid,승인,NA,Approved,,DB07615,C0022548,,,,
TP,tranilast,"Cicatrix, Hypertrophic",승인,NA,Approved,,DB07615,C0162810,,,,
TP,tranylcypromine,Major Depressive Disorder,승인,NA,Approved,,DB00752,C1269683,,,,
TP,travoprost,Ocular Hypertension,승인,NA,Approved,,DB00287,C0028840,,,,
TP,travoprost,"Glaucoma, Open-Angle",승인,NA,Approved,,DB00287,C0017612,,,,
TP,trazodone,Major Depressive Disorder,승인,NA,Approved,,DB00656,C1269683,,,,
TP,trepibutone,Pancreatitis,승인,NA,Approved,,DB13311,C0030305,,,,
TP,azelnidipine,Hypertensive disease,승인,NA,Approved,,DB09230,C0020538,,,,
TP,treprostinil,Pulmonary arterial hypertension,승인,NA,Approved,,DB00374,C2973725,,,,
TP,tretinoin,Acute Promyelocytic Leukemia,승인,NA,Approved,,DB00755,C0023487,,,,
TP,tretinoin,Acne Vulgaris,승인,NA,Approved,,DB00755,C0001144,,,,
TP,tretinoin,Hyperkeratosis,승인,NA,Approved,,DB00755,C0870082,,,,
TP,tretinoin,Chloasma,승인,NA,Approved,,DB00755,C0025218,,,,
TP,triamcinolone,Angioedema,승인,NA,Approved,,DB00620,C0002994,,,,
TP,triamcinolone,Autoimmune Diseases,승인,NA,Approved,,DB00620,C0004364,,,,
TP,triamcinolone,Asthma,승인,NA,Approved,,DB00620,C0004096,,,,
TP,triamcinolone,Synovitis,승인,NA,Approved,,DB00620,C0039103,,,,
TP,triamcinolone,"Arthritis, Gouty",승인,NA,Approved,,DB00620,C0003868,,,,
TP,triamcinolone,Erythema Multiforme,승인,NA,Approved,,DB00620,C0014742,,,,
TP,triamcinolone,"Lupus Erythematosus, Systemic",승인,NA,Approved,,DB00620,C0024141,,,,
TP,triamcinolone,Lichen Simplex Chronicus,승인,NA,Approved,,DB00620,C0149922,,,,
TP,triamcinolone,Hodgkin Disease,승인,NA,Approved,,DB00620,C0019829,,,,
TP,triamcinolone,Seborrheic dermatitis,승인,NA,Approved,,DB00620,C0036508,,,,
TP,triamcinolone,Serum Sickness,승인,NA,Approved,,DB00620,C0036830,,,,
TP,triamcinolone,"Lymphoma, Follicular",승인,NA,Approved,,DB00620,C0024301,,,,
TP,triamcinolone,Congenital adrenal hyperplasia,승인,NA,Approved,,DB00620,C0001627,,,,
TP,triamcinolone,Contact Dermatitis,승인,NA,Approved,,DB00620,C0011616,,,,
TP,triamcinolone,Inflammatory Bowel Diseases,승인,NA,Approved,,DB00620,C0021390,,,,
TP,triamcinolone,"Anemia, Diamond-Blackfan",승인,NA,Approved,,DB00620,C1260899,,,,
TP,triamcinolone,Exfoliative dermatitis,승인,NA,Approved,,DB00620,C0011606,,,,
TP,triamcinolone,Necrobiosis Lipoidica Diabeticorum,승인,NA,Approved,,DB00620,C0392445,,,,
TP,triamcinolone,"Ophthalmia, Sympathetic",승인,NA,Approved,,DB00620,C0029077,,,,
TP,triamcinolone,Acute lymphocytic leukemia,승인,NA,Approved,,DB00620,C0023449,,,,
TP,triamcinolone,Psoriasis of scalp,승인,NA,Approved,,DB00620,C0406326,,,,
TP,triamcinolone,Simple Pulmonary Eosinophilia,승인,NA,Approved,,DB00620,C0242459,,,,
TP,triamcinolone,Exanthema,승인,NA,Approved,,DB00620,C0015230,,,,
TP,triamcinolone,Rheumatic Heart Disease,승인,NA,Approved,,DB00620,C0035439,,,,
TP,triamcinolone,Juvenile arthritis,승인,NA,Approved,,DB00620,C3495559,,,,
TP,triamcinolone,Nephrotic Syndrome,승인,NA,Approved,,DB00620,C0027726,,,,
TP,triamcinolone,Uveitis,승인,NA,Approved,,DB00620,C0042164,,,,
TP,triamcinolone,Chronic small plaque psoriasis,승인,NA,Approved,,DB00620,C0406317,,,,
TP,triamcinolone,Epicondylitis,승인,NA,Approved,,DB00620,C0014488,,,,
TP,triamcinolone,Keloid,승인,NA,Approved,,DB00620,C0022548,,,,
TP,triamcinolone,"Tuberculosis, Miliary",승인,NA,Approved,,DB00620,C0041321,,,,
TP,triamcinolone,Psoriasis,승인,NA,Approved,,DB00620,C0033860,,,,
TP,triamcinolone,Laryngeal Edema,승인,NA,Approved,,DB00620,C0023052,,,,
TP,triamcinolone,Crohn Disease,승인,NA,Approved,,DB00620,C0010346,,,,
TP,triamcinolone,Ankylosing spondylitis,승인,NA,Approved,,DB00620,C0038013,,,,
TP,triamcinolone,"Dermatitis, Atopic",승인,NA,Approved,,DB00620,C0011615,,,,
TP,triamcinolone,Pemphigus,승인,NA,Approved,,DB00620,C0030807,,,,
TP,triamcinolone,Bursitis,승인,NA,Approved,,DB00620,C0006444,,,,
TP,triamcinolone,Humoral hypercalcemia of malignancy (disorder),승인,NA,Approved,,DB00620,C0149911,,,,
TP,triamcinolone,"Arthritis, Psoriatic",승인,NA,Approved,,DB00620,C0003872,,,,
TP,triamcinolone,Allergic rhinitis (disorder),승인,NA,Approved,,DB00620,C2607914,,,,
TP,triamcinolone,Subacute bursitis,승인,NA,Approved,,DB00620,C1290159,,,,
TP,triamcinolone,Adrenal cortical hypofunction,승인,NA,Approved,,DB00620,C0405580,,,,
TP,triamcinolone,Pruritus of genital organs,승인,NA,Approved,,DB00620,C0033777,,,,
TP,triamcinolone,Aspiration pneumonitis,승인,NA,Approved,,DB00620,C1761609,,,,
TP,triamcinolone,Autoimmune hemolytic anemia,승인,NA,Approved,,DB00620,C0002880,,,,
TP,triamcinolone,Cutaneous Candidiasis,승인,NA,Approved,,DB00620,C0006846,,,,
TP,triamcinolone,Pruritus Ani,승인,NA,Approved,,DB00620,C0033775,,,,
TP,triamcinolone,Addison Disease,승인,NA,Approved,,DB00620,C0001403,,,,
TP,triamcinolone,Alopecia Areata,승인,NA,Approved,,DB00620,C0002171,,,,
TP,triamcinolone,Addisonian crisis,승인,NA,Approved,,DB00620,C0151467,,,,
TP,triamcinolone,Post traumatic osteoarthritis,승인,NA,Approved,,DB00620,C2894027,,,,
TP,triamcinolone,Cerebral Edema,승인,NA,Approved,,DB00620,C0006114,,,,
TP,triamcinolone,Chronic discoid lupus erythematosus,승인,NA,Approved,,DB00620,C0024138,,,,
TP,triamcinolone,Rheumatoid Arthritis,승인,NA,Approved,,DB00620,C0003873,,,,
TP,triamcinolone,Granuloma Annulare,승인,NA,Approved,,DB00620,C0085074,,,,
TP,triamcinolone,Berylliosis,승인,NA,Approved,,DB00620,C0005138,,,,
TP,triamcinolone,Adrenogenital disorder,승인,NA,Approved,,DB00620,C0701163,,,,
TP,triamcinolone,Musculoskeletal Diseases,승인,NA,Approved,,DB00620,C0026857,,,,
TP,triamcinolone,Transplanted organ rejection,승인,NA,Approved,,DB00620,C0345468,,,,
TP,triamcinolone,Lichen Planus,승인,NA,Approved,,DB00620,C0023646,,,,
TP,triamcinolone,"Lymphoma, T-Cell, Cutaneous",승인,NA,Approved,,DB00620,C0079773,,,,
TP,triamcinolone,Disorder of eye,승인,NA,Approved,,DB00620,C0015397,,,,
TP,triamcinolone,Mycosis Fungoides,승인,NA,Approved,,DB00620,C0026948,,,,
TP,triamcinolone,Tendinitis,승인,NA,Approved,,DB00620,C0039503,,,,
TP,triamcinolone,Thyroiditis,승인,NA,Approved,,DB00620,C0040147,,,,
TP,triamcinolone,Sarcoidosis,승인,NA,Approved,,DB00620,C0036202,,,,
TP,triamcinolone,Acquired thrombocytopenia,승인,NA,Approved,,DB00620,C0154301,,,,
TP,triamcinolone,Dermatitis Herpetiformis,승인,NA,Approved,,DB00620,C0011608,,,,
TP,triamcinolone,Aphthous Stomatitis,승인,NA,Approved,,DB00620,C0038363,,,,
TP,triamcinolone,Multiple Sclerosis,승인,NA,Approved,,DB00620,C0026769,,,,
TP,triamcinolone,Dermatologic disorders,승인,NA,Approved,,DB00620,C0037274,,,,
TP,triamcinolone,Tenosynovitis,승인,NA,Approved,,DB00620,C0039520,,,,
TP,triamcinolone,Giant Cell Arteritis,승인,NA,Approved,,DB00620,C0039483,,,,
TP,triamcinolone acetonide,Hay fever,승인,NA,Approved,,DB00620,C0018621,,,,
TP,triamcinolone acetonide,Psoriasis of scalp,승인,NA,Approved,,DB00620,C0406326,,,,
TP,triamcinolone acetonide,Tendinitis,승인,NA,Approved,,DB00620,C0039503,,,,
TP,triamcinolone acetonide,Inflammatory Bowel Diseases,승인,NA,Approved,,DB00620,C0021390,,,,
TP,triamcinolone acetonide,Giant Cell Arteritis,승인,NA,Approved,,DB00620,C0039483,,,,
TP,triamcinolone acetonide,Granuloma Annulare,승인,NA,Approved,,DB00620,C0085074,,,,
TP,triamcinolone acetonide,Uveitis,승인,NA,Approved,,DB00620,C0042164,,,,
TP,triamcinolone acetonide,Aphthous Stomatitis,승인,NA,Approved,,DB00620,C0038363,,,,
TP,triamcinolone acetonide,Keloid,승인,NA,Approved,,DB00620,C0022548,,,,
TP,triamcinolone acetonide,Asthma,승인,NA,Approved,,DB00620,C0004096,,,,
TP,triamcinolone acetonide,Simple Pulmonary Eosinophilia,승인,NA,Approved,,DB00620,C0242459,,,,
TP,triamcinolone acetonide,Exanthema,승인,NA,Approved,,DB00620,C0015230,,,,
TP,triamcinolone acetonide,Erythema Multiforme,승인,NA,Approved,,DB00620,C0014742,,,,
TP,triamcinolone acetonide,Contact Dermatitis,승인,NA,Approved,,DB00620,C0011616,,,,
TP,triamcinolone acetonide,"Arthritis, Gouty",승인,NA,Approved,,DB00620,C0003868,,,,
TP,triamcinolone acetonide,Autoimmune Diseases,승인,NA,Approved,,DB00620,C0004364,,,,
TP,triamcinolone acetonide,Post traumatic osteoarthritis,승인,NA,Approved,,DB00620,C2894027,,,,
TP,triamcinolone acetonide,Lichen Simplex Chronicus,승인,NA,Approved,,DB00620,C0149922,,,,
TP,triamcinolone acetonide,Laryngeal Edema,승인,NA,Approved,,DB00620,C0023052,,,,
TP,triamcinolone acetonide,Autoimmune hemolytic anemia,승인,NA,Approved,,DB00620,C0002880,,,,
TP,triamcinolone acetonide,Bursitis,승인,NA,Approved,,DB00620,C0006444,,,,
TP,triamcinolone acetonide,Exfoliative dermatitis,승인,NA,Approved,,DB00620,C0011606,,,,
TP,triamcinolone acetonide,Chronic small plaque psoriasis,승인,NA,Approved,,DB00620,C0406317,,,,
TP,triamcinolone acetonide,Crohn Disease,승인,NA,Approved,,DB00620,C0010346,,,,
TP,triamcinolone acetonide,Acute lymphocytic leukemia,승인,NA,Approved,,DB00620,C0023449,,,,
TP,triamcinolone acetonide,Adrenogenital disorder,승인,NA,Approved,,DB00620,C0701163,,,,
TP,triamcinolone acetonide,Disorder of eye,승인,NA,Approved,,DB00620,C0015397,,,,
TP,triamcinolone acetonide,Thyroiditis,승인,NA,Approved,,DB00620,C0040147,,,,
TP,triamcinolone acetonide,Pemphigus,승인,NA,Approved,,DB00620,C0030807,,,,
TP,triamcinolone acetonide,Aspiration pneumonitis,승인,NA,Approved,,DB00620,C1761609,,,,
TP,triamcinolone acetonide,Sarcoidosis,승인,NA,Approved,,DB00620,C0036202,,,,
TP,triamcinolone acetonide,Pruritus Ani,승인,NA,Approved,,DB00620,C0033775,,,,
TP,triamcinolone acetonide,Multiple Sclerosis,승인,NA,Approved,,DB00620,C0026769,,,,
TP,triamcinolone acetonide,Alopecia Areata,승인,NA,Approved,,DB00620,C0002171,,,,
TP,triamcinolone acetonide,"Arthritis, Psoriatic",승인,NA,Approved,,DB00620,C0003872,,,,
TP,triamcinolone acetonide,Cutaneous Candidiasis,승인,NA,Approved,,DB00620,C0006846,,,,
TP,triamcinolone acetonide,Epicondylitis,승인,NA,Approved,,DB00620,C0014488,,,,
TP,triamcinolone acetonide,Trichinellosis,승인,NA,Approved,,DB00620,C0040896,,,,
TP,triamcinolone acetonide,Addisonian crisis,승인,NA,Approved,,DB00620,C0151467,,,,
TP,triamcinolone acetonide,Berylliosis,승인,NA,Approved,,DB00620,C0005138,,,,
TP,triamcinolone acetonide,Lichen Planus,승인,NA,Approved,,DB00620,C0023646,,,,
TP,triamcinolone acetonide,"Ophthalmia, Sympathetic",승인,NA,Approved,,DB00620,C0029077,,,,
TP,triamcinolone acetonide,Acquired thrombocytopenia,승인,NA,Approved,,DB00620,C0154301,,,,
TP,triamcinolone acetonide,Mycosis Fungoides,승인,NA,Approved,,DB00620,C0026948,,,,
TP,triamcinolone acetonide,Synovitis,승인,NA,Approved,,DB00620,C0039103,,,,
TP,triamcinolone acetonide,Serum Sickness,승인,NA,Approved,,DB00620,C0036830,,,,
TP,triamcinolone acetonide,"Dermatitis, Atopic",승인,NA,Approved,,DB00620,C0011615,,,,
TP,triamcinolone acetonide,"Lupus Erythematosus, Systemic",승인,NA,Approved,,DB00620,C0024141,,,,
TP,triamcinolone acetonide,Allergic rhinitis (disorder),승인,NA,Approved,,DB00620,C2607914,,,,
TP,triamcinolone acetonide,Nephrotic Syndrome,승인,NA,Approved,,DB00620,C0027726,,,,
TP,triamcinolone acetonide,Rheumatic Heart Disease,승인,NA,Approved,,DB00620,C0035439,,,,
TP,triamcinolone acetonide,Pruritus of genital organs,승인,NA,Approved,,DB00620,C0033777,,,,
TP,triamcinolone acetonide,Seborrheic dermatitis,승인,NA,Approved,,DB00620,C0036508,,,,
TP,triamcinolone acetonide,Tenosynovitis,승인,NA,Approved,,DB00620,C0039520,,,,
TP,triamcinolone acetonide,"Lymphoma, T-Cell, Cutaneous",승인,NA,Approved,,DB00620,C0079773,,,,
TP,triamcinolone acetonide,Transplanted organ rejection,승인,NA,Approved,,DB00620,C0345468,,,,
TP,triamcinolone acetonide,Rheumatoid Arthritis,승인,NA,Approved,,DB00620,C0003873,,,,
TP,triamcinolone acetonide,Humoral hypercalcemia of malignancy (disorder),승인,NA,Approved,,DB00620,C0149911,,,,
TP,triamcinolone acetonide,Hodgkin Disease,승인,NA,Approved,,DB00620,C0019829,,,,
TP,triamcinolone acetonide,Dermatitis Herpetiformis,승인,NA,Approved,,DB00620,C0011608,,,,
TP,triamcinolone acetonide,Psoriasis,승인,NA,Approved,,DB00620,C0033860,,,,
TP,triamcinolone acetonide,Angioedema,승인,NA,Approved,,DB00620,C0002994,,,,
TP,triamcinolone acetonide,Chronic discoid lupus erythematosus,승인,NA,Approved,,DB00620,C0024138,,,,
TP,triamcinolone acetonide,Adrenal cortical hypofunction,승인,NA,Approved,,DB00620,C0405580,,,,
TP,triamcinolone acetonide,Ankylosing spondylitis,승인,NA,Approved,,DB00620,C0038013,,,,
TP,triamcinolone acetonide,Cerebral Edema,승인,NA,Approved,,DB00620,C0006114,,,,
TP,triamcinolone acetonide,Subacute bursitis,승인,NA,Approved,,DB00620,C1290159,,,,
TP,triamcinolone diacetate,"Arthritis, Psoriatic",승인,NA,Approved,,DB00620,C0003872,,,,
TP,triamcinolone diacetate,Erythema Multiforme,승인,NA,Approved,,DB00620,C0014742,,,,
TP,triamcinolone diacetate,Tendinitis,승인,NA,Approved,,DB00620,C0039503,,,,
TP,triamcinolone diacetate,Acquired thrombocytopenia,승인,NA,Approved,,DB00620,C0154301,,,,
TP,triamcinolone diacetate,Simple Pulmonary Eosinophilia,승인,NA,Approved,,DB00620,C0242459,,,,
TP,triamcinolone diacetate,Alopecia Areata,승인,NA,Approved,,DB00620,C0002171,,,,
TP,triamcinolone diacetate,"Tuberculosis, Miliary",승인,NA,Approved,,DB00620,C0041321,,,,
TP,triamcinolone diacetate,Serum Sickness,승인,NA,Approved,,DB00620,C0036830,,,,
TP,triamcinolone diacetate,Crohn Disease,승인,NA,Approved,,DB00620,C0010346,,,,
TP,triamcinolone diacetate,Hodgkin Disease,승인,NA,Approved,,DB00620,C0019829,,,,
TP,triamcinolone diacetate,"Lupus Erythematosus, Systemic",승인,NA,Approved,,DB00620,C0024141,,,,
TP,triamcinolone diacetate,Dermatologic disorders,승인,NA,Approved,,DB00620,C0037274,,,,
TP,triamcinolone diacetate,"Dermatitis, Atopic",승인,NA,Approved,,DB00620,C0011615,,,,
TP,triamcinolone diacetate,"Anemia, Diamond-Blackfan",승인,NA,Approved,,DB00620,C1260899,,,,
TP,triamcinolone diacetate,Chronic small plaque psoriasis,승인,NA,Approved,,DB00620,C0406317,,,,
TP,triamcinolone diacetate,Lichen Planus,승인,NA,Approved,,DB00620,C0023646,,,,
TP,triamcinolone diacetate,Thyroiditis,승인,NA,Approved,,DB00620,C0040147,,,,
TP,triamcinolone diacetate,Aspiration pneumonitis,승인,NA,Approved,,DB00620,C1761609,,,,
TP,triamcinolone diacetate,Adrenogenital disorder,승인,NA,Approved,,DB00620,C0701163,,,,
TP,triamcinolone diacetate,Laryngeal Edema,승인,NA,Approved,,DB00620,C0023052,,,,
TP,triamcinolone diacetate,Subacute bursitis,승인,NA,Approved,,DB00620,C1290159,,,,
TP,triamcinolone diacetate,Autoimmune Diseases,승인,NA,Approved,,DB00620,C0004364,,,,
TP,triamcinolone diacetate,Transplanted organ rejection,승인,NA,Approved,,DB00620,C0345468,,,,
TP,triamcinolone diacetate,Pemphigus,승인,NA,Approved,,DB00620,C0030807,,,,
TP,triamcinolone diacetate,Epicondylitis,승인,NA,Approved,,DB00620,C0014488,,,,
TP,triamcinolone diacetate,Post traumatic osteoarthritis,승인,NA,Approved,,DB00620,C2894027,,,,
TP,triamcinolone diacetate,Addison Disease,승인,NA,Approved,,DB00620,C0001403,,,,
TP,triamcinolone diacetate,Congenital adrenal hyperplasia,승인,NA,Approved,,DB00620,C0001627,,,,
TP,triamcinolone diacetate,Allergic rhinitis (disorder),승인,NA,Approved,,DB00620,C2607914,,,,
TP,triamcinolone diacetate,Tenosynovitis,승인,NA,Approved,,DB00620,C0039520,,,,
TP,triamcinolone diacetate,"Arthritis, Gouty",승인,NA,Approved,,DB00620,C0003868,,,,
TP,triamcinolone diacetate,Addisonian crisis,승인,NA,Approved,,DB00620,C0151467,,,,
TP,triamcinolone diacetate,Keloid,승인,NA,Approved,,DB00620,C0022548,,,,
TP,triamcinolone diacetate,Asthma,승인,NA,Approved,,DB00620,C0004096,,,,
TP,triamcinolone diacetate,Angioedema,승인,NA,Approved,,DB00620,C0002994,,,,
TP,triamcinolone diacetate,Cerebral Edema,승인,NA,Approved,,DB00620,C0006114,,,,
TP,triamcinolone diacetate,Acute lymphocytic leukemia,승인,NA,Approved,,DB00620,C0023449,,,,
TP,triamcinolone diacetate,Berylliosis,승인,NA,Approved,,DB00620,C0005138,,,,
TP,triamcinolone diacetate,Nephrotic Syndrome,승인,NA,Approved,,DB00620,C0027726,,,,
TP,triamcinolone diacetate,Synovitis,승인,NA,Approved,,DB00620,C0039103,,,,
TP,triamcinolone diacetate,Ankylosing spondylitis,승인,NA,Approved,,DB00620,C0038013,,,,
TP,triamcinolone diacetate,Granuloma Annulare,승인,NA,Approved,,DB00620,C0085074,,,,
TP,triamcinolone diacetate,Humoral hypercalcemia of malignancy (disorder),승인,NA,Approved,,DB00620,C0149911,,,,
TP,triamcinolone diacetate,Disorder of eye,승인,NA,Approved,,DB00620,C0015397,,,,
TP,triamcinolone diacetate,Dermatitis Herpetiformis,승인,NA,Approved,,DB00620,C0011608,,,,
TP,triamcinolone diacetate,Musculoskeletal Diseases,승인,NA,Approved,,DB00620,C0026857,,,,
TP,triamcinolone diacetate,Trichinellosis,승인,NA,Approved,,DB00620,C0040896,,,,
TP,triamcinolone diacetate,Exfoliative dermatitis,승인,NA,Approved,,DB00620,C0011606,,,,
TP,triamcinolone diacetate,Lichen Simplex Chronicus,승인,NA,Approved,,DB00620,C0149922,,,,
TP,triamcinolone diacetate,Contact Dermatitis,승인,NA,Approved,,DB00620,C0011616,,,,
TP,triamcinolone diacetate,Inflammatory Bowel Diseases,승인,NA,Approved,,DB00620,C0021390,,,,
TP,triamcinolone diacetate,Multiple Sclerosis,승인,NA,Approved,,DB00620,C0026769,,,,
TP,triamcinolone diacetate,Rheumatic Heart Disease,승인,NA,Approved,,DB00620,C0035439,,,,
TP,triamcinolone diacetate,"Lymphoma, Follicular",승인,NA,Approved,,DB00620,C0024301,,,,
TP,triamcinolone diacetate,Chronic discoid lupus erythematosus,승인,NA,Approved,,DB00620,C0024138,,,,
TP,triamcinolone diacetate,Sarcoidosis,승인,NA,Approved,,DB00620,C0036202,,,,
TP,triamcinolone diacetate,Rheumatoid Arthritis,승인,NA,Approved,,DB00620,C0003873,,,,
TP,triamcinolone diacetate,Juvenile arthritis,승인,NA,Approved,,DB00620,C3495559,,,,
TP,triamcinolone diacetate,Psoriasis,승인,NA,Approved,,DB00620,C0033860,,,,
TP,triamcinolone diacetate,Mycosis Fungoides,승인,NA,Approved,,DB00620,C0026948,,,,
TP,triamcinolone diacetate,Autoimmune hemolytic anemia,승인,NA,Approved,,DB00620,C0002880,,,,
TP,triamcinolone diacetate,Bursitis,승인,NA,Approved,,DB00620,C0006444,,,,
TP,triamcinolone diacetate,Exanthema,승인,NA,Approved,,DB00620,C0015230,,,,
TP,triamcinolone diacetate,Adrenal cortical hypofunction,승인,NA,Approved,,DB00620,C0405580,,,,
TP,triamterene,Hypertensive disease,승인,NA,Approved,,DB00384,C0020538,,,,
TP,triamterene,Edema,승인,NA,Approved,,DB00384,C0013604,,,,
TP,triazolam,Sleeplessness,승인,NA,Approved,,DB00897,C0917801,,,,
TP,azidocillin,Respiratory Tract Infections,승인,NA,Approved,,DB08795,C0035243,,,,
TP,trichlormethiazide,Hypertensive disease,승인,NA,Approved,,DB01021,C0020538,,,,
TP,triclabendazole,Fascioliasis,승인,NA,Approved,,DB12245,C0015652,,,,
TP,tridihexethyl,Gastric ulcer,승인,NA,Approved,,DB00505,C0038358,,,,
TP,tridihexethyl,Peptic Ulcer,승인,NA,Approved,,DB00505,C0030920,,,,
TP,trientine,Renal Cell Carcinoma,승인,NA,Approved,,DB06824,C0007134,,,,
TP,trientine,Hepatolenticular Degeneration,승인,NA,Approved,,DB06824,C0019202,,,,
TP,trientine,Psoriasis of scalp,승인,NA,Approved,,DB06824,C0406326,,,,
TP,trientine,Chronic small plaque psoriasis,승인,NA,Approved,,DB06824,C0406317,,,,
TP,tretamine,Malignant neoplasm of ovary,승인,NA,Approved,,DB14031,C1140680,,,,
TP,trifluoperazine,Schizophrenia,승인,NA,Approved,,DB00831,C0036341,,,,
TP,trifluoperazine,Anxiety,승인,NA,Approved,,DB00831,C0003467,,,,
TP,triflupromazine,Psychotic Disorders,승인,NA,Approved,,DB00508,C0033975,,,,
TP,triflupromazine,Nausea,승인,NA,Approved,,DB00508,C0027497,,,,
TP,triflupromazine,Vomiting,승인,NA,Approved,,DB00508,C0042963,,,,
TP,triflupromazine,Nausea and vomiting,승인,NA,Approved,,DB00508,C0027498,,,,
TP,trifluridine,Herpes simplex keratoconjunctivitis,승인,NA,Approved,,DB00432,C0276228,,,,
TP,trifluridine,"Keratitis, Herpetic",승인,NA,Approved,,DB00432,C0019357,,,,
TP,trifluridine,Malignant tumor of colon,승인,NA,Approved,,DB00432,C0007102,,,,
TP,trifluridine,Malignant neoplasm of stomach,승인,NA,Approved,,DB00432,C0024623,,,,
TP,trihexyphenidyl,Extrapyramidal Disorders,승인,NA,Approved,,DB00376,C0015371,,,,
TP,trihexyphenidyl,Parkinsonian Disorders,승인,NA,Approved,,DB00376,C0242422,,,,
TP,trihexyphenidyl,Parkinson Disease,승인,NA,Approved,,DB00376,C0030567,,,,
TP,trihexyphenidyl,"Parkinson Disease, Postencephalitic",승인,NA,Approved,,DB00376,C0030568,,,,
TP,trilostane,Adrenal Gland Hyperfunction,승인,NA,Approved,,DB01108,C0001622,,,,
TP,trimazosin,Hypertensive disease,승인,NA,Approved,,DB09206,C0020538,,,,
TP,alimemazine,Sneezing,승인,NA,Approved,,DB01246,C0037383,,,,
TP,alimemazine,Rhinorrhea,승인,NA,Approved,,DB01246,C1260880,,,,
TP,alimemazine,Allergic rhinitis (disorder),승인,NA,Approved,,DB01246,C2607914,,,,
TP,alimemazine,Allergic Conjunctivitis,승인,NA,Approved,,DB01246,C0009766,,,,
TP,alimemazine,Angioedema,승인,NA,Approved,,DB01246,C0002994,,,,
TP,alimemazine,Nasal congestion (finding),승인,NA,Approved,,DB01246,C0027424,,,,
TP,alimemazine,Dermatographic urticaria,승인,NA,Approved,,DB01246,C0343065,,,,
TP,alimemazine,Urticaria,승인,NA,Approved,,DB01246,C0042109,,,,
TP,alimemazine,Pruritus,승인,NA,Approved,,DB01246,C0033774,,,,
TP,trimetazidine,Angina Pectoris,승인,NA,Approved,,DB09069,C0002962,,,,
TP,trimethadione,Epilepsy,승인,NA,Approved,,DB00347,C0014544,,,,
TP,trimethadione,Absence Epilepsy,승인,NA,Approved,,DB00347,C0014553,,,,
TP,trimetaphan,Pulmonary Edema,승인,NA,Approved,,DB01116,C0034063,,,,
TP,trimethobenzamide,Vomiting,승인,NA,Approved,,DB00662,C0042963,,,,
TP,trimethobenzamide,Nausea,승인,NA,Approved,,DB00662,C0027497,,,,
TP,trimethobenzamide,Nausea and vomiting,승인,NA,Approved,,DB00662,C0027498,,,,
TP,trimethoprim,Urinary tract infection,승인,NA,Approved,,DB00440,C0042029,,,,
TP,trimethoprim,Bacterial conjunctivitis,승인,NA,Approved,,DB00440,C0009768,,,,
TP,trimethoprim,Proteus urinary tract infection,승인,NA,Approved,,DB00440,C0577709,,,,
TP,trimethoprim,Shigella Infections,승인,NA,Approved,,DB00440,C0013371,,,,
TP,trimethoprim,Blepharoconjunctivitis,승인,NA,Approved,,DB00440,C0005743,,,,
TP,trimethoprim,Urinary tract infection caused by Escherichia coli,승인,NA,Approved,,DB00440,C0577708,,,,
TP,trimethoprim,Klebsiella cystitis,승인,NA,Approved,,DB00440,C0520775,,,,
TP,trimethoprim,Bacterial urinary infection,승인,NA,Approved,,DB00440,C0729524,,,,
TP,trimethoprim,Acute exacerbation of chronic bronchitis,승인,NA,Approved,,DB00440,C0856695,,,,
TP,trimethoprim,Infective otitis media,승인,NA,Approved,,DB00440,C0729586,,,,
TP,trimethoprim,Acute otitis media,승인,NA,Approved,,DB00440,C0271429,,,,
TP,trimipramine,Depressive disorder,승인,NA,Approved,,DB00726,C0011581,,,,
TP,trioxsalen,Photosensitivity of skin,승인,NA,Approved,,DB04571,C0349506,,,,
TP,trioxsalen,Vitiligo,승인,NA,Approved,,DB04571,C0042900,,,,
TP,azithromycin,Pulmonary Mycobacterium avium complex infection,승인,NA,Approved,,DB00207,C2733595,,,,
TP,azithromycin,Streptococcal tonsillitis,승인,NA,Approved,,DB00207,C0275804,,,,
TP,azithromycin,Pneumonia due to Staphylococcus aureus,승인,NA,Approved,,DB00207,C2349530,,,,
TP,azithromycin,Acute bacterial bronchitis,승인,NA,Approved,,DB00207,C0339933,,,,
TP,azithromycin,Infective otitis media,승인,NA,Approved,,DB00207,C0729586,,,,
TP,azithromycin,Chlamydial pneumonia,승인,NA,Approved,,DB00207,C0339959,,,,
TP,azithromycin,Chlamydial urethritis,승인,NA,Approved,,DB00207,C1278807,,,,
TP,azithromycin,Group A Streptococcal Infections,승인,NA,Approved,,DB00207,C0554628,,,,
TP,azithromycin,Acute gonococcal cervicitis,승인,NA,Approved,,DB00207,C0153195,,,,
TP,azithromycin,Acute gonococcal urethritis,승인,NA,Approved,,DB00207,C0275652,,,,
TP,azithromycin,Acute bacterial sinusitis,승인,NA,Approved,,DB00207,C0275556,,,,
TP,azithromycin,Chancroids,승인,NA,Approved,,DB00207,C0007947,,,,
TP,azithromycin,Bacterial conjunctivitis,승인,NA,Approved,,DB00207,C0009768,,,,
TP,azithromycin,"Pneumonia, Bacterial",승인,NA,Approved,,DB00207,C0004626,,,,
TP,azithromycin,Chlamydial pelvic inflammatory disease,승인,NA,Approved,,DB00207,C0520777,,,,
TP,azithromycin,Mycoplasma pneumonia,승인,NA,Approved,,DB00207,C0032302,,,,
TP,azithromycin,Staphylococcus aureus infection,승인,NA,Approved,,DB00207,C1318973,,,,
TP,azithromycin,Pelvic inflammatory disease due to Mycoplasma hominis,승인,NA,Approved,,DB00207,C1261256,,,,
TP,azithromycin,Haemophilus influenzae pneumonia,승인,NA,Approved,,DB00207,C0276026,,,,
TP,azithromycin,Acute exacerbation of chronic bronchitis,승인,NA,Approved,,DB00207,C0856695,,,,
TP,azithromycin,Hordeolum,승인,NA,Approved,,DB00207,C0019917,,,,
TP,azithromycin,Dacryocystitis,승인,NA,Approved,,DB00207,C0010930,,,,
TP,azithromycin,Blepharitis,승인,NA,Approved,,DB00207,C0005741,,,,
TP,tripamide,Essential Hypertension,승인,NA,Approved,,DB15959,C0085580,,,,
TP,tripelennamine,Pruritus,승인,NA,Approved,,DB00792,C0033774,,,,
TP,tripelennamine,Dermatographic urticaria,승인,NA,Approved,,DB00792,C0343065,,,,
TP,tripelennamine,Allergic rhinitis (disorder),승인,NA,Approved,,DB00792,C2607914,,,,
TP,tripelennamine,Rhinorrhea,승인,NA,Approved,,DB00792,C1260880,,,,
TP,tripelennamine,Urticaria,승인,NA,Approved,,DB00792,C0042109,,,,
TP,tripelennamine,"Rhinitis, Vasomotor",승인,NA,Approved,,DB00792,C0035460,,,,
TP,tripelennamine,Nasal congestion (finding),승인,NA,Approved,,DB00792,C0027424,,,,
TP,tripelennamine,Sneezing,승인,NA,Approved,,DB00792,C0037383,,,,
TP,tripelennamine,Allergic Conjunctivitis,승인,NA,Approved,,DB00792,C0009766,,,,
TP,triprolidine,Hay fever,승인,NA,Approved,,DB00427,C0018621,,,,
TP,triprolidine,Rhinorrhea,승인,NA,Approved,,DB00427,C1260880,,,,
TP,triprolidine,"Rhinitis, Vasomotor",승인,NA,Approved,,DB00427,C0035460,,,,
TP,triprolidine,Common Cold,승인,NA,Approved,,DB00427,C0009443,,,,
TP,triprolidine,Urticaria,승인,NA,Approved,,DB00427,C0042109,,,,
TP,triprolidine,Pruritus,승인,NA,Approved,,DB00427,C0033774,,,,
TP,triprolidine,Allergic Conjunctivitis,승인,NA,Approved,,DB00427,C0009766,,,,
TP,triprolidine,Dermatographic urticaria,승인,NA,Approved,,DB00427,C0343065,,,,
TP,triprolidine,Allergic rhinitis (disorder),승인,NA,Approved,,DB00427,C2607914,,,,
TP,troglitazone,"Diabetes Mellitus, Non-Insulin-Dependent",승인,NA,Approved,,DB00197,C0011860,,,,
TP,trolamine,Impacted cerumen,승인,NA,Approved,,DB13747,C0021092,,,,
TP,azlocillin,Aspiration Pneumonia,승인,NA,Approved,,DB01061,C0032290,,,,
TP,azlocillin,Serratia Infections,승인,NA,Approved,,DB01061,C0085394,,,,
TP,azlocillin,Pneumonia due to Pseudomonas,승인,NA,Approved,,DB01061,C0155860,,,,
TP,azlocillin,Pneumonia due to Escherichia coli,승인,NA,Approved,,DB01061,C0276089,,,,
TP,azlocillin,Urinary tract infection,승인,NA,Approved,,DB01061,C0042029,,,,
TP,azlocillin,Bacterial sepsis,승인,NA,Approved,,DB01061,C0684256,,,,
TP,azlocillin,Infection of bone,승인,NA,Approved,,DB01061,C2242472,,,,
TP,azlocillin,Arthropathy associated with infection,승인,NA,Approved,,DB01061,C0157749,,,,
TP,azlocillin,Haemophilus influenzae pneumonia,승인,NA,Approved,,DB01061,C0276026,,,,
TP,azlocillin,Bacterial infection due to Klebsiella pneumoniae,승인,NA,Approved,,DB01061,C0343402,,,,
TP,trometamol,Allergic Conjunctivitis,승인,NA,Approved,,DB03754,C0009766,,,,
TP,tropicamide,Mydriasis,승인,NA,Approved,,DB00809,C0026961,,,,
TP,tropicamide,Cycloplegia,승인,NA,Approved,,DB00809,C0235238,,,,
TP,tropisetron,Chemotherapy-induced nausea and vomiting,승인,NA,Approved,,DB11699,C0401160,,,,
TP,trospium,Urge Incontinence,승인,NA,Approved,,DB00209,C0150045,,,,
TP,trospium,Bladder muscle dysfunction - overactive,승인,NA,Approved,,DB00209,C0403643,,,,
TP,trospium,Urgency of micturition,승인,NA,Approved,,DB00209,C0085606,,,,
TP,trovafloxacin,Haemophilus influenzae pneumonia,승인,NA,Approved,,DB00685,C0276026,,,,
TP,trovafloxacin,Infection due to Pseudomonas aeruginosa,승인,NA,Approved,,DB00685,C0276075,,,,
TP,trovafloxacin,Endomyometritis,승인,NA,Approved,,DB00685,C0269050,,,,
TP,trovafloxacin,Streptococcal pneumonia,승인,NA,Approved,,DB00685,C0155862,,,,
TP,trovafloxacin,Abdominal Infection,승인,NA,Approved,,DB00685,C1112209,,,,
TP,trovafloxacin,Female genital tract infection,승인,NA,Approved,,DB00685,C1263758,,,,
TP,trovafloxacin,Female pelvic cellulitis,승인,NA,Approved,,DB00685,C0349734,,,,
TP,trovafloxacin,Pneumonia due to Escherichia coli,승인,NA,Approved,,DB00685,C0276089,,,,
TP,trovafloxacin,Acute bacterial peritonitis,승인,NA,Approved,,DB00685,C0275550,,,,
TP,trovafloxacin,Chlamydial pneumonia,승인,NA,Approved,,DB00685,C0339959,,,,
TP,trovafloxacin,Pneumonia due to Pseudomonas,승인,NA,Approved,,DB00685,C0155860,,,,
TP,trovafloxacin,Staphylococcal Pneumonia,승인,NA,Approved,,DB00685,C0032308,,,,
TP,trovafloxacin,Bacterial infection due to Klebsiella pneumoniae,승인,NA,Approved,,DB00685,C0343402,,,,
TP,trovafloxacin,Miscarriage with sepsis,승인,NA,Approved,,DB00685,C0269398,,,,
TP,trovafloxacin,Mycoplasma pneumonia,승인,NA,Approved,,DB00685,C0032302,,,,
TP,trovafloxacin,Postnatal infection,승인,NA,Approved,,DB00685,C1278797,,,,
TP,trovafloxacin,Postoperative infection,승인,NA,Approved,,DB00685,C0392618,,,,
TP,trovafloxacin,Chlamydial pelvic inflammatory disease,승인,NA,Approved,,DB00685,C0520777,,,,
TP,trovafloxacin,Urinary tract infection,승인,NA,Approved,,DB00685,C0042029,,,,
TP,trovafloxacin,Acute Moraxella catarrhalis bronchitis,승인,NA,Approved,,DB00685,C0339932,,,,
TP,trovafloxacin,Acute bacterial bronchitis,승인,NA,Approved,,DB00685,C0339933,,,,
TP,trovafloxacin,Acute bacterial sinusitis,승인,NA,Approved,,DB00685,C0275556,,,,
TP,trovafloxacin,Gonorrhea of rectum,승인,NA,Approved,,DB00685,C0275665,,,,
TP,trovafloxacin,Acute gonococcal endometritis,승인,NA,Approved,,DB00685,C0153196,,,,
TP,trovafloxacin,Acute gonococcal cervicitis,승인,NA,Approved,,DB00685,C0153195,,,,
TP,trovafloxacin,Acute gonococcal urethritis,승인,NA,Approved,,DB00685,C0275652,,,,
TP,troxipide,Gastric ulcer,승인,NA,Approved,,DB13419,C0038358,,,,
TP,azosemide,Congestive heart failure,승인,NA,Approved,,DB08961,C0018802,,,,
TP,tulobuterol,Asthma,승인,NA,Approved,,DB12248,C0004096,,,,
TP,tulobuterol,Pulmonary Emphysema,승인,NA,Approved,,DB12248,C0034067,,,,
TP,tyramine,Hyperlipidemia,승인,NA,Approved,,DB08841,C0020473,,,,
TP,tyramine,Hypercholesterolemia,승인,NA,Approved,,DB08841,C0020443,,,,
TP,aztreonam,Abdominal Infection,승인,NA,Approved,,DB00355,C1112209,,,,
TP,aztreonam,Serratia Infections,승인,NA,Approved,,DB00355,C0085394,,,,
TP,aztreonam,Bacterial infection due to Klebsiella pneumoniae,승인,NA,Approved,,DB00355,C0343402,,,,
TP,aztreonam,Bacterial urinary infection,승인,NA,Approved,,DB00355,C0729524,,,,
TP,aztreonam,Klebsiella cystitis,승인,NA,Approved,,DB00355,C0520775,,,,
TP,aztreonam,Sepsis due to Pseudomonas,승인,NA,Approved,,DB00355,C2887096,,,,
TP,aztreonam,Rhinoscleroma,승인,NA,Approved,,DB00355,C0035468,,,,
TP,aztreonam,Infection due to Pseudomonas aeruginosa,승인,NA,Approved,,DB00355,C0276075,,,,
TP,aztreonam,Haemophilus influenzae pneumonia,승인,NA,Approved,,DB00355,C0276026,,,,
TP,aztreonam,Proteus urinary tract infection,승인,NA,Approved,,DB00355,C0577709,,,,
TP,aztreonam,Enterobacteriaceae Infections,승인,NA,Approved,,DB00355,C0014347,,,,
TP,aztreonam,Bacterial peritonitis,승인,NA,Approved,,DB00355,C0341503,,,,
TP,aztreonam,Pneumonia due to Escherichia coli,승인,NA,Approved,,DB00355,C0276089,,,,
TP,aztreonam,Escherichia coli Infections,승인,NA,Approved,,DB00355,C0014836,,,,
TP,aztreonam,Peritonitis,승인,NA,Approved,,DB00355,C0031154,,,,
TP,aztreonam,Endometritis,승인,NA,Approved,,DB00355,C0014179,,,,
TP,aztreonam,Urinary tract infection caused by Escherichia coli,승인,NA,Approved,,DB00355,C0577708,,,,
TP,aztreonam,Escherichia coli septicemia,승인,NA,Approved,,DB00355,C0276088,,,,
TP,aztreonam,Female genital tract infection,승인,NA,Approved,,DB00355,C1263758,,,,
TP,aztreonam,Serratia sepsis,승인,NA,Approved,,DB00355,C0152973,,,,
TP,aztreonam,Pneumonia due to Pseudomonas,승인,NA,Approved,,DB00355,C0155860,,,,
TP,aztreonam,Proteus septicemia,승인,NA,Approved,,DB00355,C0577690,,,,
TP,aztreonam,Lower respiratory tract infection,승인,NA,Approved,,DB00355,C0149725,,,,
TP,aztreonam,Sepsis caused by Gram negative bacteria,승인,NA,Approved,,DB00355,C3163829,,,,
TP,aztreonam,Urinary tract infection,승인,NA,Approved,,DB00355,C0042029,,,,
TP,aztreonam,Proteus pneumonia,승인,NA,Approved,,DB00355,C1260917,,,,
TP,uracil mustard,Polycythemia Vera,승인,NA,Approved,,DB00791,C0032463,,,,
TP,uracil mustard,"Myeloid Leukemia, Chronic",승인,NA,Approved,,DB00791,C0023473,,,,
TP,uracil mustard,Chronic Lymphocytic Leukemia,승인,NA,Approved,,DB00791,C0023434,,,,
TP,urapidil,Hypertensive emergency,승인,NA,Approved,,DB12661,C0745136,,,,
TP,ursodiol,Cholelithiasis,승인,NA,Approved,,DB01586,C0008350,,,,
TP,ursodiol,Primary Biliary Cholangitis,승인,NA,Approved,,DB01586,C0008312,,,,
TP,valaciclovir,Herpes zoster disease,승인,NA,Approved,,DB00577,C0019360,,,,
TP,valaciclovir,Recurrent genital herpes simplex,승인,NA,Approved,,DB00577,C1274323,,,,
TP,valaciclovir,Herpes Labialis,승인,NA,Approved,,DB00577,C0019345,,,,
TP,valaciclovir,Chickenpox,승인,NA,Approved,,DB00577,C0008049,,,,
TP,valaciclovir,Genital Herpes,승인,NA,Approved,,DB00577,C0019342,,,,
TP,valdecoxib,"Postoperative Pain, Acute",승인,NA,Approved,,DB00580,C2215257,,,,
TP,bacampicillin,Gonorrhea,승인,NA,Approved,,DB01602,C0018081,,,,
TP,bacampicillin,Urinary tract infection,승인,NA,Approved,,DB01602,C0042029,,,,
TP,bacampicillin,Pharyngitis,승인,NA,Approved,,DB01602,C0031350,,,,
TP,bacampicillin,Sinusitis,승인,NA,Approved,,DB01602,C0037199,,,,
TP,bacampicillin,Haemophilus influenzae pneumonia,승인,NA,Approved,,DB01602,C0276026,,,,
TP,bacampicillin,Infective otitis media,승인,NA,Approved,,DB01602,C0729586,,,,
TP,valproic acid,"Bipolar affective disorder, current episode manic",승인,NA,Approved,,DB00313,C0338873,,,,
TP,valproic acid,Epilepsy characterized by intractable complex partial seizures,승인,NA,Approved,,DB00313,C2711653,,,,
TP,valproic acid,Epilepsy,승인,NA,Approved,,DB00313,C0014544,,,,
TP,valproic acid,Absence Epilepsy,승인,NA,Approved,,DB00313,C0014553,,,,
TP,valrubicin,Malignant neoplasm of urinary bladder,승인,NA,Approved,,DB00385,C0005684,,,,
TP,valsartan,Chronic heart failure,승인,NA,Approved,,DB00177,C0264716,,,,
TP,valsartan,Hypertensive disease,승인,NA,Approved,,DB00177,C0020538,,,,
TP,valsartan,Left ventricular cardiac dysfunction,승인,NA,Approved,,DB00177,C1997351,,,,
TP,vancomycin,Bacterial Endocarditis,승인,NA,Approved,,DB00512,C0014121,,,,
TP,vancomycin,Neonatal pneumonia,승인,NA,Approved,,DB00512,C0339968,,,,
TP,vancomycin,Bacterial sepsis,승인,NA,Approved,,DB00512,C0684256,,,,
TP,vancomycin,Staphylococcal Pneumonia,승인,NA,Approved,,DB00512,C0032308,,,,
TP,vancomycin,Sepsis of the newborn,승인,NA,Approved,,DB00512,C0456103,,,,
TP,vancomycin,Staphylococcus aureus infection,승인,NA,Approved,,DB00512,C1318973,,,,
TP,vancomycin,Staphylococcal sepsis,승인,NA,Approved,,DB00512,C0152965,,,,
TP,vancomycin,Staphylococcal Infections,승인,NA,Approved,,DB00512,C0038160,,,,
TP,vancomycin,"Enterocolitis, Pseudomembranous",승인,NA,Approved,,DB00512,C0014358,,,,
TP,vancomycin,Staphylococcal enterocolitis,승인,NA,Approved,,DB00512,C0038157,,,,
TP,vancomycin,Infection of bone,승인,NA,Approved,,DB00512,C2242472,,,,
TP,vancomycin,Arthropathy associated with infection,승인,NA,Approved,,DB00512,C0157749,,,,
TP,vancomycin,Staphylococcal endocarditis,승인,NA,Approved,,DB00512,C0520767,,,,
TP,vancomycin,Osteomyelitis due to Staphylococcus aureus,승인,NA,Approved,,DB00512,C1997728,,,,
TP,vardenafil,Erectile dysfunction,승인,NA,Approved,,DB00862,C0242350,,,,
TP,bacitracin,Corneal Abrasions,승인,NA,Approved,,DB00626,C0010032,,,,
TP,bacitracin,Bacterial keratitis,승인,NA,Approved,,DB00626,C0854211,,,,
TP,bacitracin,Keratitis,승인,NA,Approved,,DB00626,C0022568,,,,
TP,bacitracin,Blepharoconjunctivitis,승인,NA,Approved,,DB00626,C0005743,,,,
TP,bacitracin,Infective blepharitis,승인,NA,Approved,,DB00626,C0729587,,,,
TP,vasopressin,Bedwetting,승인,NA,Approved,,DB00067,C0270327,,,,
TP,vasopressin,von Willebrand Disease,승인,NA,Approved,,DB00067,C0042974,,,,
TP,vasopressin,Hemophilia A,승인,NA,Approved,,DB00067,C0019069,,,,
TP,venlafaxine,"Phobia, Social",승인,NA,Approved,,DB00285,C0031572,,,,
TP,venlafaxine,Major Depressive Disorder,승인,NA,Approved,,DB00285,C1269683,,,,
TP,venlafaxine,Generalized Anxiety Disorder,승인,NA,Approved,,DB00285,C0270549,,,,
TP,venlafaxine,Panic Disorder,승인,NA,Approved,,DB00285,C0030319,,,,
TP,verapamil,Atrial Fibrillation,승인,NA,Approved,,DB00661,C0004238,,,,
TP,verapamil,Hypertensive disease,승인,NA,Approved,,DB00661,C0020538,,,,
TP,verapamil,"Angina Pectoris, Variant",승인,NA,Approved,,DB00661,C0002963,,,,
TP,verapamil,Angina Pectoris,승인,NA,Approved,,DB00661,C0002962,,,,
TP,verapamil,Acute Coronary Syndrome,승인,NA,Approved,,DB00661,C0948089,,,,
TP,verapamil,Paroxysmal supraventricular tachycardia,승인,NA,Approved,,DB00661,C0030590,,,,
TP,verteporfin,Choroidal retinal neovascularization,승인,NA,Approved,,DB00460,C0271066,,,,
TP,verteporfin,Ocular histoplasmosis syndrome,승인,NA,Approved,,DB00460,C1562543,,,,
TP,verteporfin,Exudative age-related macular degeneration,승인,NA,Approved,,DB00460,C0271084,,,,
TP,vidarabine,"Keratitis, Dendritic",승인,NA,Approved,,DB00194,C0022570,,,,
TP,vidarabine,"Keratitis, Herpetic",승인,NA,Approved,,DB00194,C0019357,,,,
TP,vigabatrin,Epilepsy characterized by intractable complex partial seizures,승인,NA,Approved,,DB01080,C2711653,,,,
TP,vigabatrin,West Syndrome,승인,NA,Approved,,DB01080,C0037769,,,,
TP,baclofen,Muscle spasticity of spinal origin,승인,NA,Approved,,DB00181,C1562430,,,,
TP,viloxazine,Narcolepsy-Cataplexy Syndrome,승인,NA,Approved,,DB09185,C0751362,,,,
TP,viloxazine,Attention deficit hyperactivity disorder,승인,NA,Approved,,DB09185,C1263846,,,,
TP,vinblastine,Gestational Trophoblastic Neoplasms,승인,NA,Approved,,DB00570,C1135868,,,,
TP,vinblastine,Hodgkin Disease,승인,NA,Approved,,DB00570,C0019829,,,,
TP,vinblastine,Letterer-Siwe Disease,승인,NA,Approved,,DB00570,C0023381,,,,
TP,vinblastine,Malignant neoplasm of testis,승인,NA,Approved,,DB00570,C0153594,,,,
TP,vinblastine,Mycosis Fungoides,승인,NA,Approved,,DB00570,C0026948,,,,
TP,vinblastine,Kaposi Sarcoma,승인,NA,Approved,,DB00570,C0036220,,,,
TP,vinblastine,Malignant epithelial neoplasm of female breast,승인,NA,Approved,,DB00570,C3163805,,,,
TP,vincristine,Rhabdomyosarcoma,승인,NA,Approved,,DB00541,C0035412,,,,
TP,vincristine,Nephroblastoma,승인,NA,Approved,,DB00541,C0027708,,,,
TP,vincristine,"Lymphoma, Follicular",승인,NA,Approved,,DB00541,C0024301,,,,
TP,vincristine,Acute lymphocytic leukemia,승인,NA,Approved,,DB00541,C0023449,,,,
TP,vincristine,Diffuse Large B-Cell Lymphoma,승인,NA,Approved,,DB00541,C0079744,,,,
TP,vincristine,Burkitt Lymphoma,승인,NA,Approved,,DB00541,C0006413,,,,
TP,vincristine,Hodgkin Disease,승인,NA,Approved,,DB00541,C0019829,,,,
TP,vincristine,Neuroblastoma,승인,NA,Approved,,DB00541,C0027819,,,,
TP,vindesine,Malignant neoplasm of lung,승인,NA,Approved,,DB00309,C0242379,,,,
TP,vindesine,"Myeloid Leukemia, Chronic",승인,NA,Approved,,DB00309,C0023473,,,,
TP,vindesine,melanoma,승인,NA,Approved,,DB00309,C0025202,,,,
TP,vindesine,Acute lymphocytic leukemia,승인,NA,Approved,,DB00309,C0023449,,,,
TP,vinorelbine,Non-Small Cell Lung Carcinoma,승인,NA,Approved,,DB00361,C0007131,,,,
TP,vinpocetine,Dementia,승인,NA,Approved,,DB12131,C0497327,,,,
TP,retinol,Mineral deficiency,승인,NA,Approved,,DB00162,C0687148,,,,
TP,retinol,Vitamin Deficiency,승인,NA,Approved,,DB00162,C1510471,,,,
TP,retinol,Vitamin A Deficiency,승인,NA,Approved,,DB00162,C0042842,,,,
TP,thiamine,Vitamin B 12 Deficiency,승인,NA,Approved,,DB00152,C0042847,,,,
TP,thiamine,Wernicke-Korsakoff Syndrome,승인,NA,Approved,,DB00152,C0349464,,,,
TP,thiamine,Vitamin Deficiency,승인,NA,Approved,,DB00152,C1510471,,,,
TP,thiamine,"Anemia, Pernicious",승인,NA,Approved,,DB00152,C0002892,,,,
TP,thiamine,Thiamine Deficiency,승인,NA,Approved,,DB00152,C0039841,,,,
TP,thiamine,Mineral deficiency,승인,NA,Approved,,DB00152,C0687148,,,,
TP,riboflavin,Mineral deficiency,승인,NA,Approved,,DB00140,C0687148,,,,
TP,riboflavin,Vitamin Deficiency,승인,NA,Approved,,DB00140,C1510471,,,,
TP,nicotinic acid,Hypercholesterolemia,승인,NA,Approved,,DB00627,C0020443,,,,
TP,nicotinic acid,Hypertriglyceridemia,승인,NA,Approved,,DB00627,C0020557,,,,
TP,nicotinic acid,Familial hypercholesterolemia - heterozygous,승인,NA,Approved,,DB00627,C0342882,,,,
TP,nicotinic acid,"Hyperlipidemia, Familial Combined",승인,NA,Approved,,DB00627,C0020474,,,,
TP,nicotinic acid,Vitamin Deficiency,승인,NA,Approved,,DB00627,C1510471,,,,
TP,nicotinic acid,Hyperlipidemia,승인,NA,Approved,,DB00627,C0020473,,,,
TP,pyridoxine,Breastfeeding (mother),승인,NA,Approved,,DB00165,C1623040,,,,
TP,pyridoxine,Vitamin B 6 Deficiency,승인,NA,Approved,,DB00165,C0936215,,,,
TP,ergocalciferol,"Osteoporosis, Postmenopausal",승인,NA,Approved,,DB00153,C0029458,,,,
TP,ergocalciferol,Vitamin D Deficiency,승인,NA,Approved,,DB00153,C0042870,,,,
TP,ergocalciferol,Hypocalcemia,승인,NA,Approved,,DB00153,C0020598,,,,
TP,ergocalciferol,Osteomalacia,승인,NA,Approved,,DB00153,C0029442,,,,
TP,ergocalciferol,Rickets,승인,NA,Approved,,DB00153,C0035579,,,,
TP,ergocalciferol,Vitamin Deficiency,승인,NA,Approved,,DB00153,C1510471,,,,
TP,ergocalciferol,Osteoporosis,승인,NA,Approved,,DB00153,C0029456,,,,
TP,ergocalciferol,"Vitamin D-Resistant Rickets, X-Linked",승인,NA,Approved,,DB00153,C3536984,,,,
TP,ergocalciferol,Hypoparathyroidism,승인,NA,Approved,,DB00153,C0020626,,,,
TP,balsalazide,Ulcerative Colitis,승인,NA,Approved,,DB01014,C0009324,,,,
TP,colecalciferol,"Osteoporosis, Postmenopausal",승인,NA,Approved,,DB00169,C0029458,,,,
TP,colecalciferol,Hypoparathyroidism,승인,NA,Approved,,DB00169,C0020626,,,,
TP,colecalciferol,Vitamin D Deficiency,승인,NA,Approved,,DB00169,C0042870,,,,
TP,colecalciferol,Rickets,승인,NA,Approved,,DB00169,C0035579,,,,
TP,colecalciferol,Hypocalcemia,승인,NA,Approved,,DB00169,C0020598,,,,
TP,colecalciferol,Vitamin Deficiency,승인,NA,Approved,,DB00169,C1510471,,,,
TP,colecalciferol,Osteomalacia,승인,NA,Approved,,DB00169,C0029442,,,,
TP,colecalciferol,Osteoporosis,승인,NA,Approved,,DB00169,C0029456,,,,
TP,dihydrotachysterol,Hypocalcemia,승인,NA,Approved,,DB01070,C0020598,,,,
TP,dihydrotachysterol,Tetany,승인,NA,Approved,,DB01070,C0039621,,,,
TP,dihydrotachysterol,Hypoparathyroidism,승인,NA,Approved,,DB01070,C0020626,,,,
TP,dihydrotachysterol,Rickets,승인,NA,Approved,,DB01070,C0035579,,,,
TP,dihydrotachysterol,Hypophosphatemia,승인,NA,Approved,,DB01070,C0085682,,,,
TP,phytomenadione,Hypocalcemia,승인,NA,Approved,,DB01022,C0020598,,,,
TP,phytomenadione,Osteoporosis,승인,NA,Approved,,DB01022,C0029456,,,,
TP,phytomenadione,"Osteoporosis, Postmenopausal",승인,NA,Approved,,DB01022,C0029458,,,,
TP,phytomenadione,Factor II deficiency,승인,NA,Approved,,DB01022,C3203356,,,,
TP,voglibose,Gaucher Disease,승인,NA,Approved,,DB04878,C0017205,,,,
TP,voglibose,"Diabetes Mellitus, Non-Insulin-Dependent",승인,NA,Approved,,DB04878,C0011860,,,,
TP,voriconazole,Fusariosis,승인,NA,Approved,,DB00582,C0276758,,,,
TP,voriconazole,Systemic candidiasis,승인,NA,Approved,,DB00582,C0153252,,,,
TP,voriconazole,Candidiasis of the esophagus,승인,NA,Approved,,DB00582,C0239295,,,,
TP,voriconazole,Invasive Pulmonary Aspergillosis,승인,NA,Approved,,DB00582,C0276653,,,,
TP,voriconazole,Candidemia,승인,NA,Approved,,DB00582,C0877445,,,,
TP,warfarin,Pulmonary Thromboembolisms,승인,NA,Approved,,DB00682,C0524702,,,,
TP,warfarin,Thrombosis,승인,NA,Approved,,DB00682,C0040053,,,,
TP,warfarin,Thromboembolism,승인,NA,Approved,,DB00682,C0040038,,,,
TP,warfarin,Cerebral Embolism,승인,NA,Approved,,DB00682,C0007780,,,,
TP,warfarin,Deep Vein Thrombosis,승인,NA,Approved,,DB00682,C0149871,,,,
TP,xipamide,Hypertensive disease,승인,NA,Approved,,DB13803,C0020538,,,,
TP,xipamide,Edema,승인,NA,Approved,,DB13803,C0013604,,,,
TP,zafirlukast,Asthma,승인,NA,Approved,,DB00549,C0004096,,,,
TP,zalcitabine,HIV Infections,승인,NA,Approved,,DB00943,C0019693,,,,
TP,zaleplon,Sleep Initiation and Maintenance Disorders,승인,NA,Approved,,DB00962,C0021603,,,,
TP,zaleplon,Initial insomnia,승인,NA,Approved,,DB00962,C0393760,,,,
TP,zanamivir,Influenza,승인,NA,Approved,,DB00558,C0021400,,,,
TP,zidovudine,HIV Infections,승인,NA,Approved,,DB00495,C0019693,,,,
TP,zileuton,Allergic asthma,승인,NA,Approved,,DB00744,C0155877,,,,
TP,zileuton,Intrinsic asthma,승인,NA,Approved,,DB00744,C0155880,,,,
TP,zipeprol,Coughing,승인,NA,Approved,,DB13564,C0010200,,,,
TP,ziprasidone,Bipolar disorder in remission,승인,NA,Approved,,DB00246,C0270425,,,,
TP,ziprasidone,Schizophrenia,승인,NA,Approved,,DB00246,C0036341,,,,
TP,ziprasidone,Mixed bipolar I disorder,승인,NA,Approved,,DB00246,C0236780,,,,
TP,ziprasidone,"Bipolar affective disorder, current episode manic",승인,NA,Approved,,DB00246,C0338873,,,,
TP,zofenopril,Hypertensive disease,승인,NA,Approved,,DB13166,C0020538,,,,
TP,zoledronic acid,Osteoporosis,승인,NA,Approved,,DB00399,C0029456,,,,
TP,zoledronic acid,"Osteoporosis, Postmenopausal",승인,NA,Approved,,DB00399,C0029458,,,,
TP,zoledronic acid,Humoral hypercalcemia of malignancy (disorder),승인,NA,Approved,,DB00399,C0149911,,,,
TP,zoledronic acid,Osteitis Deformans,승인,NA,Approved,,DB00399,C0029401,,,,
TP,zolmitriptan,Migraine Disorders,승인,NA,Approved,,DB00315,C0149931,,,,
TP,zolpidem,Sleeplessness,승인,NA,Approved,,DB00425,C0917801,,,,
TP,zolpidem,Initial insomnia,승인,NA,Approved,,DB00425,C0393760,,,,
TP,zonisamide,Lewy Body Disease,승인,NA,Approved,,DB00909,C0752347,,,,
TP,zopiclone,Sleeplessness,승인,NA,Approved,,DB01198,C0917801,,,,
TP,zuclopenthixol,Schizophrenia,승인,NA,Approved,,DB01624,C0036341,,,,
TP,ziconotide,Pain in spine,승인,NA,Approved,,DB06283,C0423673,,,,
TP,ziconotide,Chronic pain,승인,NA,Approved,,DB06283,C0150055,,,,
TP,ziconotide,Severe pain,승인,NA,Approved,,DB06283,C0278140,,,,
TP,bamipine,Urticaria,승인,NA,Approved,,DB13489,C0042109,,,,
TP,barbital,Sleeplessness,승인,NA,Approved,,DB01483,C0917801,,,,
TP,beclometasone dipropionate,"Rhinitis, Vasomotor",승인,NA,Approved,,DB00394,C0035460,,,,
TP,beclometasone dipropionate,Rhinitis,승인,NA,Approved,,DB00394,C0035455,,,,
TP,beclometasone dipropionate,Asthma,승인,NA,Approved,,DB00394,C0004096,,,,
TP,beclometasone dipropionate,Allergic rhinitis (disorder),승인,NA,Approved,,DB00394,C2607914,,,,
TP,befunolol,Ocular Hypertension,승인,NA,Approved,,DB09013,C0028840,,,,
TP,befunolol,"Glaucoma, Open-Angle",승인,NA,Approved,,DB09013,C0017612,,,,
TP,gonadorelin,Amenorrhea,승인,NA,Approved,,DB00644,C0002453,,,,
TP,belotecan,Non-Small Cell Lung Carcinoma,승인,NA,Approved,,DB12459,C0007131,,,,
TP,belotecan,Malignant neoplasm of ovary,승인,NA,Approved,,DB12459,C1140680,,,,
TP,mifamurtide,Osteosarcoma of bone,승인,NA,Approved,,DB13615,C0585442,,,,
TP,suramin,African Trypanosomiasis,승인,NA,Approved,,DB04786,C0041228,,,,
TP,terlipressin,Hepatorenal Syndrome,승인,NA,Approved,,DB02638,C0019212,,,,
TP,histrelin,Precocious Puberty,승인,NA,Approved,,DB06788,C0034013,,,,
TP,caspofungin,Candidiasis of the esophagus,승인,NA,Approved,,DB00520,C0239295,,,,
TP,caspofungin,Candidemia,승인,NA,Approved,,DB00520,C0877445,,,,
TP,calcitonin (salmon synthetic),"Osteoporosis, Postmenopausal",승인,NA,Approved,,DB00017,C0029458,,,,
TP,calcitonin (salmon synthetic),Osteitis Deformans,승인,NA,Approved,,DB00017,C0029401,,,,
TP,benazepril,Hypertensive disease,승인,NA,Approved,,DB00542,C0020538,,,,
TP,glucagon,Hypoglycemia,승인,NA,Approved,,DB00040,C0020615,,,,
TP,glucagon,Hypoglycemia due to diabetes mellitus,승인,NA,Approved,,DB00040,C0342313,,,,
TP,teicoplanin,Staphylococcal Infections,승인,NA,Approved,,DB06149,C0038160,,,,
TP,pyrantel,Ascariasis,승인,NA,Approved,,DB11156,C0003950,,,,
TP,pyrantel,Enterobiasis,승인,NA,Approved,,DB11156,C0086227,,,,
TP,pyrantel,Mixed intestinal helminthiasis,승인,NA,Approved,,DB11156,C0153303,,,,
TP,methoxsalen,"Lymphoma, T-Cell, Cutaneous",승인,NA,Approved,,DB00553,C0079773,,,,
TP,methoxsalen,Vitiligo,승인,NA,Approved,,DB00553,C0042900,,,,
TP,bencyclane,Cerebrovascular Disorders,승인,NA,Approved,,DB13488,C0007820,,,,
TP,benzalkonium,Skin irritation,승인,NA,Approved,,DB11105,C0152030,,,,
TP,benzalkonium,Pruritus,승인,NA,Approved,,DB11105,C0033774,,,,
TP,benzalkonium,Otitis Externa,승인,NA,Approved,,DB11105,C0029878,,,,
TP,benzalkonium,Itching of ear,승인,NA,Approved,,DB11105,C0849907,,,,
TP,benzalkonium,Allergic otitis externa,승인,NA,Approved,,DB11105,C1320547,,,,
TP,benzalkonium,Uveitis,승인,NA,Approved,,DB11105,C0042164,,,,
TP,benzethonium,Skin irritation,승인,NA,Approved,,DB11125,C0152030,,,,
TP,benzethonium,Pruritus,승인,NA,Approved,,DB11125,C0033774,,,,
TP,bendamustine,"Lymphoma, Follicular",승인,NA,Approved,,DB06769,C0024301,,,,
TP,bendamustine,Chronic Lymphocytic Leukemia,승인,NA,Approved,,DB06769,C0023434,,,,
TP,bendamustine,Diffuse large B-cell lymphoma refractory,승인,NA,Approved,,DB06769,C0855112,,,,
TP,bendroflumethiazide,Hypertensive disease,승인,NA,Approved,,DB00436,C0020538,,,,
TP,butacaine,Neurogenic Urinary Bladder,승인,NA,Approved,,DB11502,C0005697,,,,
TP,butacaine,Bladder muscle dysfunction - overactive,승인,NA,Approved,,DB11502,C0403643,,,,
TP,butacaine,Urgency of micturition,승인,NA,Approved,,DB11502,C0085606,,,,
TP,butacaine,Urge Incontinence,승인,NA,Approved,,DB11502,C0150045,,,,
TP,butamben,Pruritus,승인,NA,Approved,,DB11148,C0033774,,,,
TP,butamben,Skin irritation,승인,NA,Approved,,DB11148,C0152030,,,,
TP,butedronic acid,Osteoporosis,승인,NA,Approved,,DB16004,C0029456,,,,
TP,capreomycin,Acute tuberculosis,승인,NA,Approved,,DB00314,C0275959,,,,
TP,capreomycin,"Tuberculosis, Pulmonary",승인,NA,Approved,,DB00314,C0041327,,,,
TP,capsaicin,Postherpetic neuralgia,승인,NA,Approved,,DB06774,C0032768,,,,
TP,capsaicin,Neuralgia,승인,NA,Approved,,DB06774,C0027796,,,,
TP,capsaicin,Back Pain,승인,NA,Approved,,DB06774,C0004604,,,,
TP,carbarsone,Acute amebiasis,승인,NA,Approved,,DB11382,C0152499,,,,
TP,benfluorex,Type 2 diabetes mellitus in obese,승인,NA,Approved,,DB09022,C0271638,,,,
TP,chlorbenzoxamine,Gastric ulcer,승인,NA,Approved,,DB13788,C0038358,,,,
TP,cholic acid,Biliary Tract Diseases,승인,NA,Approved,,DB02659,C0005424,,,,
TP,cholic acid,Cholelithiasis,승인,NA,Approved,,DB02659,C0008350,,,,
TP,cholic acid,Constipation,승인,NA,Approved,,DB02659,C0009806,,,,
TP,cholic acid,Incomplete passage of stool,승인,NA,Approved,,DB02659,C0426639,,,,
TP,cholic acid,"Xanthomatosis, Cerebrotendinous",승인,NA,Approved,,DB02659,C0238052,,,,
TP,choline,Sleeplessness,승인,NA,Approved,,DB00122,C0917801,,,,
TP,cinchophen,Gout,승인,NA,Approved,,DB13551,C0018099,,,,
TP,benoxaprofen,Rheumatoid Arthritis,승인,NA,Approved,,DB04812,C0003873,,,,
TP,benperidol,Antisocial behavior,승인,NA,Approved,,DB12867,C0233523,,,,
TP,dantron,Constipation,승인,NA,Approved,,DB04816,C0009806,,,,
TP,deferasirox,beta Thalassemia,승인,NA,Approved,,DB01609,C0005283,,,,
TP,diphenidol,Vertigo,승인,NA,Approved,,DB01231,C0042571,,,,
TP,desonide,Chronic small plaque psoriasis,승인,NA,Approved,,DB01260,C0406317,,,,
TP,desonide,Seborrheic dermatitis,승인,NA,Approved,,DB01260,C0036508,,,,
TP,desonide,Crohn Disease,승인,NA,Approved,,DB01260,C0010346,,,,
TP,desonide,Otitis Externa,승인,NA,Approved,,DB01260,C0029878,,,,
TP,desonide,Granuloma Annulare,승인,NA,Approved,,DB01260,C0085074,,,,
TP,desonide,"Lymphoma, T-Cell, Cutaneous",승인,NA,Approved,,DB01260,C0079773,,,,
TP,desonide,"Dermatitis, Atopic",승인,NA,Approved,,DB01260,C0011615,,,,
TP,desonide,Pruritus of genital organs,승인,NA,Approved,,DB01260,C0033777,,,,
TP,desonide,Allergic rhinitis (disorder),승인,NA,Approved,,DB01260,C2607914,,,,
TP,desonide,Crohn's disease in remission,승인,NA,Approved,,DB01260,C1960764,,,,
TP,desonide,Exanthema,승인,NA,Approved,,DB01260,C0015230,,,,
TP,desonide,Pruritus Ani,승인,NA,Approved,,DB01260,C0033775,,,,
TP,desonide,Chronic discoid lupus erythematosus,승인,NA,Approved,,DB01260,C0024138,,,,
TP,desonide,Lichen Simplex Chronicus,승인,NA,Approved,,DB01260,C0149922,,,,
TP,desonide,Psoriasis of scalp,승인,NA,Approved,,DB01260,C0406326,,,,
TP,desonide,Contact Dermatitis,승인,NA,Approved,,DB01260,C0011616,,,,
TP,desonide,Asthma,승인,NA,Approved,,DB01260,C0004096,,,,
TP,dimercaprol,Arsenic Poisoning,승인,NA,Approved,,DB06782,C0311375,,,,
TP,dimercaprol,Accidental poisoning by lead and its compounds and fumes,승인,NA,Approved,,DB06782,C0261486,,,,
TP,dimethicone,Diaper Rash,승인,NA,Approved,,DB11074,C0011974,,,,
TP,dioxybenzone,Chloasma,승인,NA,Approved,,DB11221,C0025218,,,,
TP,dioxybenzone,Discoloration of skin,승인,NA,Approved,,DB11221,C0151907,,,,
TP,eicosapentaenoic acid,Breastfeeding (mother),승인,NA,Approved,,DB00159,C1623040,,,,
TP,benzbromarone,Gout,승인,NA,Approved,,DB12319,C0018099,,,,
TP,benzbromarone,Hyperuricemia,승인,NA,Approved,,DB12319,C0740394,,,,
TP,enviomycin,"Tuberculosis, Pulmonary",승인,NA,Approved,,DB08993,C0041327,,,,
TP,dihydroergocornine,Dementia,승인,NA,Approved,,DB11273,C0497327,,,,
TP,estrone,Acne Vulgaris,승인,NA,Approved,,DB00655,C0001144,,,,
TP,estrone,Chemotherapy-induced nausea and vomiting,승인,NA,Approved,,DB00655,C0401160,,,,
TP,etofenamate,Degenerative polyarthritis,승인,NA,Approved,,DB08984,C0029408,,,,
TP,benznidazole,Chagas Disease,승인,NA,Approved,,DB11989,C0041234,,,,
TP,fumaric acid,Psoriasis,승인,NA,Approved,,DB01677,C0033860,,,,
TP,benzocaine,Skin irritation,승인,NA,Approved,,DB01086,C0152030,,,,
TP,benzocaine,Coughing,승인,NA,Approved,,DB01086,C0010200,,,,
TP,benzocaine,Sore Throat,승인,NA,Approved,,DB01086,C0242429,,,,
TP,benzocaine,Pruritus,승인,NA,Approved,,DB01086,C0033774,,,,
TP,benzocaine,Tinea Pedis,승인,NA,Approved,,DB01086,C0040259,,,,
TP,benzocaine,Tinea corporis (disorder),승인,NA,Approved,,DB01086,C0040252,,,,
TP,formaldehyde,Influenza,승인,NA,Approved,,DB03843,C0021400,,,,
TP,benzonatate,Coughing,승인,NA,Approved,,DB00868,C0010200,,,,
TP,hematoporphyrin,Malignant neoplasm of esophagus,승인,NA,Approved,,DB16183,C0546837,,,,
TP,hematoporphyrin,Non-Small Cell Lung Carcinoma,승인,NA,Approved,,DB16183,C0007131,,,,
TP,hexamidine,Acanthamoeba Keratitis,승인,NA,Approved,,DB03808,C0000880,,,,
TP,benzoyl peroxide,Seborrheic dermatitis,승인,NA,Approved,,DB09096,C0036508,,,,
TP,benzoyl peroxide,"Dermatitis, Atopic",승인,NA,Approved,,DB09096,C0011615,,,,
TP,benzoyl peroxide,Acne Vulgaris,승인,NA,Approved,,DB09096,C0001144,,,,
TP,benzoyl peroxide,Exanthema,승인,NA,Approved,,DB09096,C0015230,,,,
TP,benzoyl peroxide,Granuloma Annulare,승인,NA,Approved,,DB09096,C0085074,,,,
TP,benzoyl peroxide,Pruritus of genital organs,승인,NA,Approved,,DB09096,C0033777,,,,
TP,benzoyl peroxide,Contact Dermatitis,승인,NA,Approved,,DB09096,C0011616,,,,
TP,benzoyl peroxide,Pruritus Ani,승인,NA,Approved,,DB09096,C0033775,,,,
TP,hydroquinone,Discoloration of skin,승인,NA,Approved,,DB09526,C0151907,,,,
TP,hydroquinone,Chloasma,승인,NA,Approved,,DB09526,C0025218,,,,
TP,benzphetamine,Obesity,승인,NA,Approved,,DB00865,C0028754,,,,
TP,iloperidone,Schizophrenia,승인,NA,Approved,,DB04946,C0036341,,,,
TP,indanazoline,Nasal congestion (finding),승인,NA,Approved,,DB13827,C0027424,,,,
TP,benzquinamide,Postoperative Nausea and Vomiting,승인,NA,Approved,,DB00767,C0520909,,,,
TP,ivabradine,Chronic heart failure,승인,NA,Approved,,DB09083,C0264716,,,,
TP,ivabradine,Angina Pectoris,승인,NA,Approved,,DB09083,C0002962,,,,
TP,lenalidomide,Multiple Myeloma,승인,NA,Approved,,DB00480,C0026764,,,,
TP,lenalidomide,Marginal Zone B-Cell Lymphoma,승인,NA,Approved,,DB00480,C1367654,,,,
TP,lodoxamide,"Conjunctivitis, Vernal",승인,NA,Approved,,DB06794,C0009773,,,,
TP,lodoxamide,"Keratoconjunctivitis, Vernal",승인,NA,Approved,,DB06794,C0022577,,,,
TP,benzatropine,Extrapyramidal Disorders,승인,NA,Approved,,DB00245,C0015371,,,,
TP,benzatropine,"Parkinson Disease, Postencephalitic",승인,NA,Approved,,DB00245,C0030568,,,,
TP,benzatropine,Parkinson Disease,승인,NA,Approved,,DB00245,C0030567,,,,
TP,benzatropine,Parkinsonian Disorders,승인,NA,Approved,,DB00245,C0242422,,,,
TP,meclocycline,Bronchitis,승인,NA,Approved,,DB13092,C0006277,,,,
TP,meclocycline,Acute gonococcal urethritis,승인,NA,Approved,,DB13092,C0275652,,,,
TP,meclocycline,Relapsing Fever,승인,NA,Approved,,DB13092,C0035021,,,,
TP,meclocycline,Gonorrhea of pharynx,승인,NA,Approved,,DB13092,C0149966,,,,
TP,meclocycline,Brucellosis,승인,NA,Approved,,DB13092,C0006309,,,,
TP,meclocycline,Klebsiella cystitis,승인,NA,Approved,,DB13092,C0520775,,,,
TP,meclocycline,Acute gonococcal endometritis,승인,NA,Approved,,DB13092,C0153196,,,,
TP,meclocycline,Yaws,승인,NA,Approved,,DB13092,C0043388,,,,
TP,meclocycline,Acute bacterial sinusitis,승인,NA,Approved,,DB13092,C0275556,,,,
TP,meclocycline,Chancroids,승인,NA,Approved,,DB13092,C0007947,,,,
TP,meclocycline,Anthrax disease,승인,NA,Approved,,DB13092,C0003175,,,,
TP,meclocycline,Gonorrhea of rectum,승인,NA,Approved,,DB13092,C0275665,,,,
TP,meclocycline,Gingivostomatitis,승인,NA,Approved,,DB13092,C0149704,,,,
TP,meclocycline,Acne Vulgaris,승인,NA,Approved,,DB13092,C0001144,,,,
TP,meclocycline,Urinary tract infection,승인,NA,Approved,,DB13092,C0042029,,,,
TP,meclocycline,Actinomycosis,승인,NA,Approved,,DB13092,C0001261,,,,
TP,meclocycline,Trachoma,승인,NA,Approved,,DB13092,C0040592,,,,
TP,meclocycline,Staphylococcus aureus infection,승인,NA,Approved,,DB13092,C1318973,,,,
TP,meclocycline,Lymphogranuloma Venereum,승인,NA,Approved,,DB13092,C0024286,,,,
TP,meclocycline,Acute gonococcal cervicitis,승인,NA,Approved,,DB13092,C0153195,,,,
TP,meclocycline,Gonorrhea,승인,NA,Approved,,DB13092,C0018081,,,,
TP,meclocycline,Psittacosis,승인,NA,Approved,,DB13092,C0029291,,,,
TP,meclocycline,Infective otitis media,승인,NA,Approved,,DB13092,C0729586,,,,
TP,meclocycline,Q Fever,승인,NA,Approved,,DB13092,C0034362,,,,
TP,meclocycline,Pharyngitis,승인,NA,Approved,,DB13092,C0031350,,,,
TP,meclocycline,Rickettsialpox,승인,NA,Approved,,DB13092,C0035597,,,,
TP,meclocycline,Pneumonia,승인,NA,Approved,,DB13092,C0032285,,,,
TP,meclocycline,Syphilis,승인,NA,Approved,,DB13092,C0039128,,,,
TP,meclocycline,Sinusitis,승인,NA,Approved,,DB13092,C0037199,,,,
TP,meclocycline,Granuloma Inguinale,승인,NA,Approved,,DB13092,C0018190,,,,
TP,meclocycline,Rocky Mountain Spotted Fever,승인,NA,Approved,,DB13092,C0035793,,,,
TP,melarsoprol,African Trypanosomiasis,승인,NA,Approved,,DB12864,C0041228,,,,
TP,benzyl alcohol,Skin irritation,승인,NA,Approved,,DB06770,C0152030,,,,
TP,benzyl alcohol,Pruritus,승인,NA,Approved,,DB06770,C0033774,,,,
TP,methenamine,Urinary tract infection,승인,NA,Approved,,DB06799,C0042029,,,,
TP,methyl nicotinate,Arthralgia,승인,NA,Approved,,DB13882,C0003862,,,,
TP,methyltestosterone,Testicular hypogonadism,승인,NA,Approved,,DB06710,C0151721,,,,
TP,methyltestosterone,Deficiency of testosterone biosynthesis,승인,NA,Approved,,DB06710,C0342527,,,,
TP,methyltestosterone,Hormone receptor positive malignant neoplasm of breast,승인,NA,Approved,,DB06710,C1562029,,,,
TP,methyltestosterone,Hot flushes,승인,NA,Approved,,DB06710,C0600142,,,,
TP,methyltestosterone,Delayed Puberty,승인,NA,Approved,,DB06710,C0034012,,,,
TP,naphazoline,Redness of eye,승인,NA,Approved,,DB06711,C0235267,,,,
TP,neridronic acid,Osteoporosis,승인,NA,Approved,,DB11620,C0029456,,,,
TP,neridronic acid,Humoral hypercalcemia of malignancy (disorder),승인,NA,Approved,,DB11620,C0149911,,,,
TP,noxytiolin,Infective cystitis,승인,NA,Approved,,DB13838,C0600041,,,,
TP,abacavir,HIV Infections,승인,NA,Approved,,DB01048,C0019693,,,,
TP,oxiconazole,Tinea corporis (disorder),승인,NA,Approved,,DB00239,C0040252,,,,
TP,oxiconazole,Tinea Versicolor,승인,NA,Approved,,DB00239,C0040262,,,,
TP,oxiconazole,Tinea cruris,승인,NA,Approved,,DB00239,C1384589,,,,
TP,oxiconazole,Tinea Pedis,승인,NA,Approved,,DB00239,C0040259,,,,
TP,bepotastine,Allergic Conjunctivitis,승인,NA,Approved,,DB04890,C0009766,,,,
TP,bepridil,Angina Pectoris,승인,NA,Approved,,DB01244,C0002962,,,,
TP,pentazocine,Labor Pain,승인,NA,Approved,,DB00652,C0474368,,,,
TP,pentazocine,Pain,승인,NA,Approved,,DB00652,C0030193,,,,
TP,beraprost,Pulmonary arterial hypertension,승인,NA,Approved,,DB05229,C2973725,,,,
TP,undecylenic acid,Tinea corporis (disorder),승인,NA,Approved,,DB11117,C0040252,,,,
TP,undecylenic acid,Tinea Pedis,승인,NA,Approved,,DB11117,C0040259,,,,
TP,betahistine,Meniere Disease,승인,NA,Approved,,DB06698,C0025281,,,,
TP,betaine,Homocystinuria,승인,NA,Approved,,DB06756,C0019880,,,,
TP,betaine,Bacterial urinary infection,승인,NA,Approved,,DB06756,C0729524,,,,
TP,betaine,Urinary tract infection caused by Klebsiella,승인,NA,Approved,,DB06756,C4076057,,,,
TP,betaine,Urinary tract infection caused by Escherichia coli,승인,NA,Approved,,DB06756,C0577708,,,,
TP,betaine,Klebsiella cystitis,승인,NA,Approved,,DB06756,C0520775,,,,
TP,betaine,Infective cystitis,승인,NA,Approved,,DB06756,C0600041,,,,
TP,betaine,Cystitis,승인,NA,Approved,,DB06756,C0010692,,,,
TP,betamethasone,Transplanted organ rejection,승인,NA,Approved,,DB00443,C0345468,,,,
TP,betamethasone,Chronic small plaque psoriasis,승인,NA,Approved,,DB00443,C0406317,,,,
TP,betamethasone,Disorder of eye,승인,NA,Approved,,DB00443,C0015397,,,,
TP,betamethasone,Nephrotic Syndrome,승인,NA,Approved,,DB00443,C0027726,,,,
TP,betamethasone,"Lupus Erythematosus, Systemic",승인,NA,Approved,,DB00443,C0024141,,,,
TP,betamethasone,Sarcoidosis,승인,NA,Approved,,DB00443,C0036202,,,,
TP,betamethasone,Inflammatory Bowel Diseases,승인,NA,Approved,,DB00443,C0021390,,,,
TP,betamethasone,Cerebral Edema,승인,NA,Approved,,DB00443,C0006114,,,,
TP,betamethasone,Serum Sickness,승인,NA,Approved,,DB00443,C0036830,,,,
TP,betamethasone,Seborrheic dermatitis,승인,NA,Approved,,DB00443,C0036508,,,,
TP,betamethasone,Juvenile arthritis,승인,NA,Approved,,DB00443,C3495559,,,,
TP,betamethasone,Hodgkin Disease,승인,NA,Approved,,DB00443,C0019829,,,,
TP,betamethasone,Congenital adrenal hyperplasia,승인,NA,Approved,,DB00443,C0001627,,,,
TP,betamethasone,Bursitis,승인,NA,Approved,,DB00443,C0006444,,,,
TP,betamethasone,Asthma,승인,NA,Approved,,DB00443,C0004096,,,,
TP,betamethasone,Erythema Multiforme,승인,NA,Approved,,DB00443,C0014742,,,,
TP,betamethasone,Dermatologic disorders,승인,NA,Approved,,DB00443,C0037274,,,,
TP,betamethasone,Angioedema,승인,NA,Approved,,DB00443,C0002994,,,,
TP,betamethasone,Crohn Disease,승인,NA,Approved,,DB00443,C0010346,,,,
TP,betamethasone,Rheumatoid Arthritis,승인,NA,Approved,,DB00443,C0003873,,,,
TP,betamethasone,Adrenal cortical hypofunction,승인,NA,Approved,,DB00443,C0405580,,,,
TP,betamethasone,Acquired thrombocytopenia,승인,NA,Approved,,DB00443,C0154301,,,,
TP,betamethasone,"Lymphoma, Follicular",승인,NA,Approved,,DB00443,C0024301,,,,
TP,betamethasone,Humoral hypercalcemia of malignancy (disorder),승인,NA,Approved,,DB00443,C0149911,,,,
TP,betamethasone,Tendinitis,승인,NA,Approved,,DB00443,C0039503,,,,
TP,betamethasone,Exfoliative dermatitis,승인,NA,Approved,,DB00443,C0011606,,,,
TP,betamethasone,Synovitis,승인,NA,Approved,,DB00443,C0039103,,,,
TP,betamethasone,Laryngeal Edema,승인,NA,Approved,,DB00443,C0023052,,,,
TP,betamethasone,"Lymphoma, T-Cell, Cutaneous",승인,NA,Approved,,DB00443,C0079773,,,,
TP,betamethasone,Psoriasis of scalp,승인,NA,Approved,,DB00443,C0406326,,,,
TP,betamethasone,Allergic rhinitis (disorder),승인,NA,Approved,,DB00443,C2607914,,,,
TP,betamethasone,Tinea Pedis,승인,NA,Approved,,DB00443,C0040259,,,,
TP,betamethasone,Lichen Simplex Chronicus,승인,NA,Approved,,DB00443,C0149922,,,,
TP,betamethasone,Pemphigus,승인,NA,Approved,,DB00443,C0030807,,,,
TP,betamethasone,Contact Dermatitis,승인,NA,Approved,,DB00443,C0011616,,,,
TP,betamethasone,Mycosis Fungoides,승인,NA,Approved,,DB00443,C0026948,,,,
TP,betamethasone,Autoimmune Diseases,승인,NA,Approved,,DB00443,C0004364,,,,
TP,betamethasone,"Dermatitis, Atopic",승인,NA,Approved,,DB00443,C0011615,,,,
TP,betamethasone,Multiple Sclerosis,승인,NA,Approved,,DB00443,C0026769,,,,
TP,betamethasone,Simple Pulmonary Eosinophilia,승인,NA,Approved,,DB00443,C0242459,,,,
TP,betamethasone,Chronic discoid lupus erythematosus,승인,NA,Approved,,DB00443,C0024138,,,,
TP,betamethasone,Epicondylitis,승인,NA,Approved,,DB00443,C0014488,,,,
TP,betamethasone,Trichinellosis,승인,NA,Approved,,DB00443,C0040896,,,,
TP,betamethasone,Autoimmune hemolytic anemia,승인,NA,Approved,,DB00443,C0002880,,,,
TP,betamethasone,Acute lymphocytic leukemia,승인,NA,Approved,,DB00443,C0023449,,,,
TP,betamethasone,Addisonian crisis,승인,NA,Approved,,DB00443,C0151467,,,,
TP,betamethasone,Pruritus Ani,승인,NA,Approved,,DB00443,C0033775,,,,
TP,betamethasone,"Tuberculosis, Miliary",승인,NA,Approved,,DB00443,C0041321,,,,
TP,betamethasone,Scalp Dermatoses,승인,NA,Approved,,DB00443,C0036271,,,,
TP,betamethasone,Addison Disease,승인,NA,Approved,,DB00443,C0001403,,,,
TP,betamethasone,"Arthritis, Psoriatic",승인,NA,Approved,,DB00443,C0003872,,,,
TP,betamethasone,Tinea cruris,승인,NA,Approved,,DB00443,C1384589,,,,
TP,betamethasone,Rheumatic Heart Disease,승인,NA,Approved,,DB00443,C0035439,,,,
TP,betamethasone,"Anemia, Diamond-Blackfan",승인,NA,Approved,,DB00443,C1260899,,,,
TP,betamethasone,Aspiration pneumonitis,승인,NA,Approved,,DB00443,C1761609,,,,
TP,betamethasone,Psoriasis,승인,NA,Approved,,DB00443,C0033860,,,,
TP,betamethasone,Dermatitis Herpetiformis,승인,NA,Approved,,DB00443,C0011608,,,,
TP,betamethasone,Post traumatic osteoarthritis,승인,NA,Approved,,DB00443,C2894027,,,,
TP,betamethasone,"Arthritis, Gouty",승인,NA,Approved,,DB00443,C0003868,,,,
TP,betamethasone,Tinea corporis (disorder),승인,NA,Approved,,DB00443,C0040252,,,,
TP,betamethasone,Granuloma Annulare,승인,NA,Approved,,DB00443,C0085074,,,,
TP,betamethasone,Berylliosis,승인,NA,Approved,,DB00443,C0005138,,,,
TP,betamethasone,Ankylosing spondylitis,승인,NA,Approved,,DB00443,C0038013,,,,
TP,betamethasone,Adrenogenital disorder,승인,NA,Approved,,DB00443,C0701163,,,,
TP,betamethasone,Musculoskeletal Diseases,승인,NA,Approved,,DB00443,C0026857,,,,
TP,betamethasone,Thyroiditis,승인,NA,Approved,,DB00443,C0040147,,,,
TP,betamethasone,Exanthema,승인,NA,Approved,,DB00443,C0015230,,,,
TP,betamethasone,Tenosynovitis,승인,NA,Approved,,DB00443,C0039520,,,,
TP,betamethasone,Pruritus of genital organs,승인,NA,Approved,,DB00443,C0033777,,,,
TP,podophyllotoxin,Condylomata Acuminata,승인,NA,Approved,,DB01179,C0009663,,,,
TP,posaconazole,Aspergillosis,승인,NA,Approved,,DB01263,C0004030,,,,
TP,posaconazole,Fusariosis,승인,NA,Approved,,DB01263,C0276758,,,,
TP,posaconazole,Chromoblastomycosis,승인,NA,Approved,,DB01263,C0008582,,,,
TP,posaconazole,Mycetoma,승인,NA,Approved,,DB01263,C0024449,,,,
TP,posaconazole,Coccidioidomycosis,승인,NA,Approved,,DB01263,C0009186,,,,
TP,posaconazole,Candidiasis,승인,NA,Approved,,DB01263,C0006840,,,,
TP,posaconazole,Mycoses,승인,NA,Approved,,DB01263,C0026946,,,,
TP,posaconazole,Mucormycosis,승인,NA,Approved,,DB01263,C0026718,,,,
TP,sulfogaiacol,Rhinorrhea,승인,NA,Approved,,DB15992,C1260880,,,,
TP,sulfogaiacol,Coughing,승인,NA,Approved,,DB15992,C0010200,,,,
TP,sulfogaiacol,Nasal congestion (finding),승인,NA,Approved,,DB15992,C0027424,,,,
TP,sulfogaiacol,Rhinitis,승인,NA,Approved,,DB15992,C0035455,,,,
TP,sulfogaiacol,Common Cold,승인,NA,Approved,,DB15992,C0009443,,,,
TP,pramocaine,Pruritus,승인,NA,Approved,,DB09345,C0033774,,,,
TP,pramocaine,Skin irritation,승인,NA,Approved,,DB09345,C0152030,,,,
TP,pramocaine,Tinea cruris,승인,NA,Approved,,DB09345,C1384589,,,,
TP,pramocaine,Proctitis,승인,NA,Approved,,DB09345,C0033246,,,,
TP,pramocaine,Injury wounds,승인,NA,Approved,,DB09345,C0043250,,,,
TP,pramocaine,Rectal pain,승인,NA,Approved,,DB09345,C0034886,,,,
TP,pramocaine,Arthropod bite wound,승인,NA,Approved,,DB09345,C1444173,,,,
TP,pramocaine,Otitis Externa,승인,NA,Approved,,DB09345,C0029878,,,,
TP,pramocaine,Tinea Pedis,승인,NA,Approved,,DB09345,C0040259,,,,
TP,pramocaine,Pruritus Ani,승인,NA,Approved,,DB09345,C0033775,,,,
TP,pramocaine,Exanthema,승인,NA,Approved,,DB09345,C0015230,,,,
TP,pramocaine,Dry skin,승인,NA,Approved,,DB09345,C0151908,,,,
TP,pramocaine,Tinea corporis (disorder),승인,NA,Approved,,DB09345,C0040252,,,,
TP,pramocaine,Burn injury,승인,NA,Approved,,DB09345,C0006434,,,,
TP,pramocaine,Hemorrhoids,승인,NA,Approved,,DB09345,C0019112,,,,
TP,pramocaine,Itching of ear,승인,NA,Approved,,DB09345,C0849907,,,,
TP,pramocaine,Inflammatory dermatosis,승인,NA,Approved,,DB09345,C3875321,,,,
TP,pramocaine,Allergic otitis externa,승인,NA,Approved,,DB09345,C1320547,,,,
TP,betamethasone acetate,Exanthema,승인,NA,Approved,,DB00443,C0015230,,,,
TP,betamethasone acetate,Humoral hypercalcemia of malignancy (disorder),승인,NA,Approved,,DB00443,C0149911,,,,
TP,betamethasone acetate,Acute lymphocytic leukemia,승인,NA,Approved,,DB00443,C0023449,,,,
TP,betamethasone acetate,Simple Pulmonary Eosinophilia,승인,NA,Approved,,DB00443,C0242459,,,,
TP,betamethasone acetate,Adrenal cortical hypofunction,승인,NA,Approved,,DB00443,C0405580,,,,
TP,betamethasone acetate,Crohn Disease,승인,NA,Approved,,DB00443,C0010346,,,,
TP,betamethasone acetate,Adrenogenital disorder,승인,NA,Approved,,DB00443,C0701163,,,,
TP,betamethasone acetate,Pemphigus,승인,NA,Approved,,DB00443,C0030807,,,,
TP,betamethasone acetate,Angioedema,승인,NA,Approved,,DB00443,C0002994,,,,
TP,betamethasone acetate,Bursitis,승인,NA,Approved,,DB00443,C0006444,,,,
TP,betamethasone acetate,Synovitis,승인,NA,Approved,,DB00443,C0039103,,,,
TP,betamethasone acetate,"Arthritis, Psoriatic",승인,NA,Approved,,DB00443,C0003872,,,,
TP,betamethasone acetate,Nephrotic Syndrome,승인,NA,Approved,,DB00443,C0027726,,,,
TP,betamethasone acetate,Cerebral Edema,승인,NA,Approved,,DB00443,C0006114,,,,
TP,betamethasone acetate,Rheumatoid Arthritis,승인,NA,Approved,,DB00443,C0003873,,,,
TP,betamethasone acetate,Inflammatory Bowel Diseases,승인,NA,Approved,,DB00443,C0021390,,,,
TP,betamethasone acetate,Disorder of eye,승인,NA,Approved,,DB00443,C0015397,,,,
TP,betamethasone acetate,"Dermatitis, Atopic",승인,NA,Approved,,DB00443,C0011615,,,,
TP,betamethasone acetate,"Lupus Erythematosus, Systemic",승인,NA,Approved,,DB00443,C0024141,,,,
TP,betamethasone acetate,Contact Dermatitis,승인,NA,Approved,,DB00443,C0011616,,,,
TP,betamethasone acetate,Autoimmune hemolytic anemia,승인,NA,Approved,,DB00443,C0002880,,,,
TP,betamethasone acetate,Aspiration pneumonitis,승인,NA,Approved,,DB00443,C1761609,,,,
TP,betamethasone acetate,Addisonian crisis,승인,NA,Approved,,DB00443,C0151467,,,,
TP,betamethasone acetate,Laryngeal Edema,승인,NA,Approved,,DB00443,C0023052,,,,
TP,betamethasone acetate,Asthma,승인,NA,Approved,,DB00443,C0004096,,,,
TP,betamethasone acetate,Exfoliative dermatitis,승인,NA,Approved,,DB00443,C0011606,,,,
TP,betamethasone acetate,Multiple Sclerosis,승인,NA,Approved,,DB00443,C0026769,,,,
TP,betamethasone acetate,Trichinellosis,승인,NA,Approved,,DB00443,C0040896,,,,
TP,betamethasone acetate,Ankylosing spondylitis,승인,NA,Approved,,DB00443,C0038013,,,,
TP,betamethasone acetate,Mycosis Fungoides,승인,NA,Approved,,DB00443,C0026948,,,,
TP,betamethasone acetate,Tendinitis,승인,NA,Approved,,DB00443,C0039503,,,,
TP,betamethasone acetate,Erythema Multiforme,승인,NA,Approved,,DB00443,C0014742,,,,
TP,betamethasone acetate,Transplanted organ rejection,승인,NA,Approved,,DB00443,C0345468,,,,
TP,betamethasone acetate,Rheumatic Heart Disease,승인,NA,Approved,,DB00443,C0035439,,,,
TP,betamethasone acetate,Dermatitis Herpetiformis,승인,NA,Approved,,DB00443,C0011608,,,,
TP,betamethasone acetate,Psoriasis,승인,NA,Approved,,DB00443,C0033860,,,,
TP,betamethasone acetate,Serum Sickness,승인,NA,Approved,,DB00443,C0036830,,,,
TP,betamethasone acetate,"Arthritis, Gouty",승인,NA,Approved,,DB00443,C0003868,,,,
TP,betamethasone acetate,Allergic rhinitis (disorder),승인,NA,Approved,,DB00443,C2607914,,,,
TP,betamethasone acetate,Hodgkin Disease,승인,NA,Approved,,DB00443,C0019829,,,,
TP,betamethasone acetate,Autoimmune Diseases,승인,NA,Approved,,DB00443,C0004364,,,,
TP,betamethasone acetate,Post traumatic osteoarthritis,승인,NA,Approved,,DB00443,C2894027,,,,
TP,betamethasone acetate,Sarcoidosis,승인,NA,Approved,,DB00443,C0036202,,,,
TP,betamethasone acetate,Tenosynovitis,승인,NA,Approved,,DB00443,C0039520,,,,
TP,betamethasone acetate,Berylliosis,승인,NA,Approved,,DB00443,C0005138,,,,
TP,betamethasone acetate,Thyroiditis,승인,NA,Approved,,DB00443,C0040147,,,,
TP,betamethasone acetate,Acquired thrombocytopenia,승인,NA,Approved,,DB00443,C0154301,,,,
TP,abarelix,Ischemic priapism,승인,NA,Approved,,DB00106,C2711256,,,,
TP,prucalopride,Constipation,승인,NA,Approved,,DB06480,C0009806,,,,
TP,pyrithione,Allergic rhinitis (disorder),승인,NA,Approved,,DB06815,C2607914,,,,
TP,pyrithione,Seborrheic dermatitis,승인,NA,Approved,,DB06815,C0036508,,,,
TP,pyrithione,Coughing,승인,NA,Approved,,DB06815,C0010200,,,,
TP,pyrithione,Scurfiness of scalp,승인,NA,Approved,,DB06815,C0423775,,,,
TP,pyrithione,Common Cold,승인,NA,Approved,,DB06815,C0009443,,,,
TP,pyrithione,Nasal congestion (finding),승인,NA,Approved,,DB06815,C0027424,,,,
TP,pyrithione,"Rhinitis, Vasomotor",승인,NA,Approved,,DB06815,C0035460,,,,
TP,pyrithione,Rhinorrhea,승인,NA,Approved,,DB06815,C1260880,,,,
TP,pyrithione,Tinea Versicolor,승인,NA,Approved,,DB06815,C0040262,,,,
TP,betamethasone benzoate,Psoriasis of scalp,승인,NA,Approved,,DB00443,C0406326,,,,
TP,betamethasone benzoate,Exanthema,승인,NA,Approved,,DB00443,C0015230,,,,
TP,betamethasone benzoate,Lichen Simplex Chronicus,승인,NA,Approved,,DB00443,C0149922,,,,
TP,betamethasone benzoate,Pruritus of genital organs,승인,NA,Approved,,DB00443,C0033777,,,,
TP,betamethasone benzoate,Pruritus Ani,승인,NA,Approved,,DB00443,C0033775,,,,
TP,betamethasone benzoate,Chronic small plaque psoriasis,승인,NA,Approved,,DB00443,C0406317,,,,
TP,betamethasone benzoate,Granuloma Annulare,승인,NA,Approved,,DB00443,C0085074,,,,
TP,betamethasone benzoate,Chronic discoid lupus erythematosus,승인,NA,Approved,,DB00443,C0024138,,,,
TP,betamethasone benzoate,Contact Dermatitis,승인,NA,Approved,,DB00443,C0011616,,,,
TP,betamethasone benzoate,"Dermatitis, Atopic",승인,NA,Approved,,DB00443,C0011615,,,,
TP,betamethasone benzoate,Seborrheic dermatitis,승인,NA,Approved,,DB00443,C0036508,,,,
TP,betamethasone benzoate,"Lymphoma, T-Cell, Cutaneous",승인,NA,Approved,,DB00443,C0079773,,,,
TP,rasagiline,Parkinson Disease,승인,NA,Approved,,DB01367,C0030567,,,,
TP,resorcinol,Acne Vulgaris,승인,NA,Approved,,DB11085,C0001144,,,,
TP,resorcinol,Acneiform Eruptions,승인,NA,Approved,,DB11085,C0175167,,,,
TP,resorcinol,Skin irritation,승인,NA,Approved,,DB11085,C0152030,,,,
TP,resorcinol,Pruritus,승인,NA,Approved,,DB11085,C0033774,,,,
TP,revaprazan,Gastric ulcer,승인,NA,Approved,,DB16308,C0038358,,,,
TP,revaprazan,Duodenal Ulcer,승인,NA,Approved,,DB16308,C0013295,,,,
TP,revaprazan,Gastro-esophageal reflux disease with esophagitis,승인,NA,Approved,,DB16308,C0677659,,,,
TP,betamethasone dipropionate,Chronic small plaque psoriasis,승인,NA,Approved,,DB00443,C0406317,,,,
TP,betamethasone dipropionate,Granuloma Annulare,승인,NA,Approved,,DB00443,C0085074,,,,
TP,betamethasone dipropionate,Psoriasis of scalp,승인,NA,Approved,,DB00443,C0406326,,,,
TP,betamethasone dipropionate,Exanthema,승인,NA,Approved,,DB00443,C0015230,,,,
TP,betamethasone dipropionate,"Lymphoma, T-Cell, Cutaneous",승인,NA,Approved,,DB00443,C0079773,,,,
TP,betamethasone dipropionate,Pruritus Ani,승인,NA,Approved,,DB00443,C0033775,,,,
TP,betamethasone dipropionate,"Dermatitis, Atopic",승인,NA,Approved,,DB00443,C0011615,,,,
TP,betamethasone dipropionate,Lichen Simplex Chronicus,승인,NA,Approved,,DB00443,C0149922,,,,
TP,betamethasone dipropionate,Seborrheic dermatitis,승인,NA,Approved,,DB00443,C0036508,,,,
TP,betamethasone dipropionate,Contact Dermatitis,승인,NA,Approved,,DB00443,C0011616,,,,
TP,betamethasone dipropionate,Chronic discoid lupus erythematosus,승인,NA,Approved,,DB00443,C0024138,,,,
TP,betamethasone dipropionate,Pruritus of genital organs,승인,NA,Approved,,DB00443,C0033777,,,,
TP,betamethasone dipropionate,Tinea Pedis,승인,NA,Approved,,DB00443,C0040259,,,,
TP,betamethasone dipropionate,Tinea corporis (disorder),승인,NA,Approved,,DB00443,C0040252,,,,
TP,betamethasone dipropionate,Tinea cruris,승인,NA,Approved,,DB00443,C1384589,,,,
TP,roflumilast,Severe chronic obstructive pulmonary disease,승인,NA,Approved,,DB01656,C0730607,,,,
TP,roflumilast,Chronic small plaque psoriasis,승인,NA,Approved,,DB01656,C0406317,,,,
TP,rufinamide,Lennox-Gastaut syndrome,승인,NA,Approved,,DB06201,C0238111,,,,
TP,rutoside,Ascorbic Acid Deficiency,승인,NA,Approved,,DB01698,C0003969,,,,
TP,betamethasone valerate,Psoriasis of scalp,승인,NA,Approved,,DB00443,C0406326,,,,
TP,betamethasone valerate,Exanthema,승인,NA,Approved,,DB00443,C0015230,,,,
TP,betamethasone valerate,Scalp Dermatoses,승인,NA,Approved,,DB00443,C0036271,,,,
TP,betamethasone valerate,Lichen Simplex Chronicus,승인,NA,Approved,,DB00443,C0149922,,,,
TP,betamethasone valerate,Pruritus of genital organs,승인,NA,Approved,,DB00443,C0033777,,,,
TP,betamethasone valerate,Pruritus Ani,승인,NA,Approved,,DB00443,C0033775,,,,
TP,betamethasone valerate,Chronic small plaque psoriasis,승인,NA,Approved,,DB00443,C0406317,,,,
TP,betamethasone valerate,Granuloma Annulare,승인,NA,Approved,,DB00443,C0085074,,,,
TP,betamethasone valerate,Chronic discoid lupus erythematosus,승인,NA,Approved,,DB00443,C0024138,,,,
TP,betamethasone valerate,Contact Dermatitis,승인,NA,Approved,,DB00443,C0011616,,,,
TP,betamethasone valerate,"Dermatitis, Atopic",승인,NA,Approved,,DB00443,C0011615,,,,
TP,betamethasone valerate,Seborrheic dermatitis,승인,NA,Approved,,DB00443,C0036508,,,,
TP,betamethasone valerate,"Lymphoma, T-Cell, Cutaneous",승인,NA,Approved,,DB00443,C0079773,,,,
TP,sitaxentan,Pulmonary arterial hypertension,승인,NA,Approved,,DB06268,C2973725,,,,
TP,sodium tetradecyl sulfate,Varicosity,승인,NA,Approved,,DB00464,C0042345,,,,
TP,sulbentine,Dermatomycoses,승인,NA,Approved,,DB13671,C0011630,,,,
TP,sulbentine,Pityriasis,승인,NA,Approved,,DB13671,C0032024,,,,
TP,sulfabenzamide,Vulvovaginitis,승인,NA,Approved,,DB09355,C0042998,,,,
TP,betaxolol,Hypertensive disease,승인,NA,Approved,,DB00195,C0020538,,,,
TP,betaxolol,Ocular Hypertension,승인,NA,Approved,,DB00195,C0028840,,,,
TP,betaxolol,"Glaucoma, Open-Angle",승인,NA,Approved,,DB00195,C0017612,,,,
TP,oxedrine,Nasal congestion (finding),승인,NA,Approved,,DB09203,C0027424,,,,
TP,oxedrine,Rhinorrhea,승인,NA,Approved,,DB09203,C1260880,,,,
TP,tafenoquine,Malaria,승인,NA,Approved,,DB06608,C0024530,,,,
TP,tamibarotene,Acute Promyelocytic Leukemia,승인,NA,Approved,,DB04942,C0023487,,,,
TP,terazosin,Prostatic Hypertrophy,승인,NA,Approved,,DB01162,C1739363,,,,
TP,terazosin,Hypertensive disease,승인,NA,Approved,,DB01162,C0020538,,,,
TP,tetryzoline,Rhinorrhea,승인,NA,Approved,,DB06764,C1260880,,,,
TP,tetryzoline,Redness of eye,승인,NA,Approved,,DB06764,C0235267,,,,
TP,tetryzoline,Nasal congestion (finding),승인,NA,Approved,,DB06764,C0027424,,,,
TP,tipranavir,HIV Infections,승인,NA,Approved,,DB00932,C0019693,,,,
TP,bexarotene,"Lymphoma, T-Cell, Cutaneous",승인,NA,Approved,,DB00307,C0079773,,,,
TP,Vitamin E,Vitamin E Deficiency,승인,NA,Approved,,DB00163,C0042875,,,,
TP,tolnaftate,Tinea cruris,승인,NA,Approved,,DB00525,C1384589,,,,
TP,tolnaftate,tinea manus,승인,NA,Approved,,DB00525,C0153246,,,,
TP,tolnaftate,Tinea Versicolor,승인,NA,Approved,,DB00525,C0040262,,,,
TP,tolnaftate,Tinea corporis (disorder),승인,NA,Approved,,DB00525,C0040252,,,,
TP,tolnaftate,Tinea Capitis,승인,NA,Approved,,DB00525,C0040250,,,,
TP,tolnaftate,Tinea Pedis,승인,NA,Approved,,DB00525,C0040259,,,,
TP,tolnaftate,Tinea barbae,승인,NA,Approved,,DB00525,C2349994,,,,
TP,bezafibrate,Hypercholesterolemia,승인,NA,Approved,,DB01393,C0020443,,,,
TP,bezafibrate,Hyperlipidemia,승인,NA,Approved,,DB01393,C0020473,,,,
TP,tramazoline,Sneezing,승인,NA,Approved,,DB13064,C0037383,,,,
TP,tramazoline,Allergic Conjunctivitis,승인,NA,Approved,,DB13064,C0009766,,,,
TP,tramazoline,Nasal congestion (finding),승인,NA,Approved,,DB13064,C0027424,,,,
TP,tramazoline,Rhinorrhea,승인,NA,Approved,,DB13064,C1260880,,,,
TP,tramazoline,Hay fever,승인,NA,Approved,,DB13064,C0018621,,,,
TP,tramazoline,Allergic rhinitis (disorder),승인,NA,Approved,,DB13064,C2607914,,,,
TP,tramazoline,"Rhinitis, Vasomotor",승인,NA,Approved,,DB13064,C0035460,,,,
TP,tramazoline,Common Cold,승인,NA,Approved,,DB13064,C0009443,,,,
TP,vildagliptin,"Diabetes Mellitus, Non-Insulin-Dependent",승인,NA,Approved,,DB04876,C0011860,,,,
TP,vinflunine,"Carcinoma, Transitional Cell",승인,NA,Approved,,DB11641,C0007138,,,,
TP,xylometazoline,Rhinorrhea,승인,NA,Approved,,DB06694,C1260880,,,,
TP,xylometazoline,Nasal congestion (finding),승인,NA,Approved,,DB06694,C0027424,,,,
TP,bifemelane,Cerebrovascular Disorders,승인,NA,Approved,,DB13550,C0007820,,,,
TP,caroxazone,Depressive disorder,승인,NA,Approved,,DB09254,C0011581,,,,
TP,bimatoprost,"Glaucoma, Open-Angle",승인,NA,Approved,,DB00905,C0017612,,,,
TP,bimatoprost,Ocular Hypertension,승인,NA,Approved,,DB00905,C0028840,,,,
TP,bimatoprost,Hypertrichosis of eyelid,승인,NA,Approved,,DB00905,C0155213,,,,
TP,biotin,Biotin deficiency disease,승인,NA,Approved,,DB00121,C2937225,,,,
TP,biperiden,Extrapyramidal Disorders,승인,NA,Approved,,DB00810,C0015371,,,,
TP,biperiden,Parkinsonian Disorders,승인,NA,Approved,,DB00810,C0242422,,,,
TP,biperiden,Parkinson Disease,승인,NA,Approved,,DB00810,C0030567,,,,
TP,biperiden,"Parkinson Disease, Postencephalitic",승인,NA,Approved,,DB00810,C0030568,,,,
TP,bisacodyl,Incomplete passage of stool,승인,NA,Approved,,DB09020,C0426639,,,,
TP,bisacodyl,Constipation,승인,NA,Approved,,DB09020,C0009806,,,,
TP,acamprosate,"Alcoholic Intoxication, Chronic",승인,NA,Approved,,DB00659,C0001973,,,,
TP,bisoprolol,Hypertensive disease,승인,NA,Approved,,DB00612,C0020538,,,,
TP,bisoprolol,Atrial Fibrillation,승인,NA,Approved,,DB00612,C0004238,,,,
TP,tasosartan,Hypertensive disease,승인,NA,Approved,,DB01349,C0020538,,,,
TP,bitolterol,Bronchitis,승인,NA,Approved,,DB00901,C0006277,,,,
TP,bitolterol,Bronchiectasis,승인,NA,Approved,,DB00901,C0006267,,,,
TP,bitolterol,Pulmonary Emphysema,승인,NA,Approved,,DB00901,C0034067,,,,
TP,bitolterol,Asthma,승인,NA,Approved,,DB00901,C0004096,,,,
TP,bitolterol,Asthma attack,승인,NA,Approved,,DB00901,C0347950,,,,
TP,dexibuprofen,Headache Disorders,승인,NA,Approved,,DB09213,C0393735,,,,
TP,dexibuprofen,Pain,승인,NA,Approved,,DB09213,C0030193,,,,
TP,dexibuprofen,Fever,승인,NA,Approved,,DB09213,C0015967,,,,
TP,dexibuprofen,Degenerative polyarthritis,승인,NA,Approved,,DB09213,C0029408,,,,
TP,dexibuprofen,Juvenile arthritis,승인,NA,Approved,,DB09213,C3495559,,,,
TP,dexibuprofen,Rheumatoid Arthritis,승인,NA,Approved,,DB09213,C0003873,,,,
TP,dexibuprofen,Dysmenorrhea,승인,NA,Approved,,DB09213,C0013390,,,,
TP,artemisinin,"Malaria, Falciparum",승인,NA,Approved,,DB13132,C0024535,,,,
TP,blonanserin,Schizophrenia,승인,NA,Approved,,DB09223,C0036341,,,,
TP,benzydamine,Pain,승인,NA,Approved,,DB09084,C0030193,,,,
TP,acarbose,"Diabetes Mellitus, Non-Insulin-Dependent",승인,NA,Approved,,DB00284,C0011860,,,,
TP,clindamycin phosphate,"Empyema, Pleural",승인,NA,Approved,,DB01190,C0014013,,,,
TP,clindamycin phosphate,Osteomyelitis due to Staphylococcus aureus,승인,NA,Approved,,DB01190,C1997728,,,,
TP,clindamycin phosphate,Aspiration Pneumonia,승인,NA,Approved,,DB01190,C0032290,,,,
TP,clindamycin phosphate,Arthropathy associated with infection,승인,NA,Approved,,DB01190,C0157749,,,,
TP,clindamycin phosphate,Acne Vulgaris,승인,NA,Approved,,DB01190,C0001144,,,,
TP,clindamycin phosphate,Group A Streptococcal Infections,승인,NA,Approved,,DB01190,C0554628,,,,
TP,clindamycin phosphate,Infection of bone,승인,NA,Approved,,DB01190,C2242472,,,,
TP,clindamycin phosphate,Staphylococcal Pneumonia,승인,NA,Approved,,DB01190,C0032308,,,,
TP,clindamycin phosphate,Abdominal Infection,승인,NA,Approved,,DB01190,C1112209,,,,
TP,clindamycin phosphate,Staphylococcus aureus infection,승인,NA,Approved,,DB01190,C1318973,,,,
TP,clindamycin phosphate,Streptococcal sepsis,승인,NA,Approved,,DB01190,C0152964,,,,
TP,clindamycin phosphate,Infection due to anaerobic bacteria,승인,NA,Approved,,DB01190,C0854328,,,,
TP,clindamycin phosphate,Septicemia due to anaerobes,승인,NA,Approved,,DB01190,C0152967,,,,
TP,clindamycin phosphate,Bacterial sepsis,승인,NA,Approved,,DB01190,C0684256,,,,
TP,clindamycin phosphate,Streptococcal pneumonia,승인,NA,Approved,,DB01190,C0155862,,,,
TP,clindamycin phosphate,Gas gangrene caused by clostridium perfringens,승인,NA,Approved,,DB01190,C0343500,,,,
TP,clindamycin phosphate,Staphylococcal sepsis,승인,NA,Approved,,DB01190,C0152965,,,,
TP,bortezomib,Multiple Myeloma,승인,NA,Approved,,DB00188,C0026764,,,,
TP,bortezomib,Primary amyloidosis,승인,NA,Approved,,DB00188,C0268381,,,,
TP,clobetasone butyrate,"Dermatitis, Atopic",승인,NA,Approved,,DB13158,C0011615,,,,
TP,clobetasone butyrate,Eczema,승인,NA,Approved,,DB13158,C0013595,,,,
TP,bosentan,Pulmonary arterial hypertension,승인,NA,Approved,,DB00559,C2973725,,,,
TP,bosentan,Pulmonary Hypertension,승인,NA,Approved,,DB00559,C0020542,,,,
TP,bosentan,Scleroderma,승인,NA,Approved,,DB00559,C0011644,,,,
TP,bosentan,Systemic Scleroderma,승인,NA,Approved,,DB00559,C0036421,,,,
TP,androstanolone,Anemia of chronic renal failure,승인,NA,Approved,,DB02901,C0271932,,,,
TP,bretylium,Ventricular Fibrillation,승인,NA,Approved,,DB01158,C0042510,,,,
TP,bretylium,Ventricular arrhythmia,승인,NA,Approved,,DB01158,C0085612,,,,
TP,etoposide phosphate,Malignant neoplasm of testis,승인,NA,Approved,,DB00773,C0153594,,,,
TP,etoposide phosphate,Small cell carcinoma of lung,승인,NA,Approved,,DB00773,C0149925,,,,
TP,brimonidine,Rosacea,승인,NA,Approved,,DB00484,C0035854,,,,
TP,brimonidine,"Glaucoma, Open-Angle",승인,NA,Approved,,DB00484,C0017612,,,,
TP,brimonidine,Ocular Hypertension,승인,NA,Approved,,DB00484,C0028840,,,,
TP,guanabenz,Hypertensive disease,승인,NA,Approved,,DB00629,C0020538,,,,
TP,brinzolamide,Ocular Hypertension,승인,NA,Approved,,DB01194,C0028840,,,,
TP,brinzolamide,"Glaucoma, Open-Angle",승인,NA,Approved,,DB01194,C0017612,,,,
TP,ilaprazole,Gastroesophageal reflux disease,승인,NA,Approved,,DB11964,C0017168,,,,
TP,ilaprazole,Peptic Ulcer,승인,NA,Approved,,DB11964,C0030920,,,,
TP,ivermectin,Onchocerciasis,승인,NA,Approved,,DB00602,C0029001,,,,
TP,ivermectin,Strongyloidiasis,승인,NA,Approved,,DB00602,C0038463,,,,
TP,acebutolol,Hypertensive disease,승인,NA,Approved,,DB01193,C0020538,,,,
TP,acebutolol,Premature ventricular contractions,승인,NA,Approved,,DB01193,C0151636,,,,
TP,bromfenac,Pain,승인,NA,Approved,,DB00963,C0030193,,,,
TP,sodium stibogluconate,Leishmaniasis,승인,NA,Approved,,DB05630,C0023281,,,,
TP,porfimer,Non-Small Cell Lung Carcinoma,승인,NA,Approved,,DB00707,C0007131,,,,
TP,porfimer,Malignant neoplasm of esophagus,승인,NA,Approved,,DB00707,C0546837,,,,
TP,propylene glycol,Dry Eye Syndromes,승인,NA,Approved,,DB01839,C0013238,,,,
TP,bromocriptine,"Parkinson Disease, Postencephalitic",승인,NA,Approved,,DB01200,C0030568,,,,
TP,bromocriptine,Acromegaly,승인,NA,Approved,,DB01200,C0001206,,,,
TP,bromocriptine,Parkinson Disease,승인,NA,Approved,,DB01200,C0030567,,,,
TP,bromocriptine,Hyperprolactinemia,승인,NA,Approved,,DB01200,C0020514,,,,
TP,bromazine,Rhinorrhea,승인,NA,Approved,,DB01237,C1260880,,,,
TP,bromazine,Coughing,승인,NA,Approved,,DB01237,C0010200,,,,
TP,bromazine,Common Cold,승인,NA,Approved,,DB01237,C0009443,,,,
TP,bromazine,Nasal congestion (finding),승인,NA,Approved,,DB01237,C0027424,,,,
TP,garenoxacin,Infective laryngitis,승인,NA,Approved,,DB06160,C0729772,,,,
TP,garenoxacin,Peritonsillar Abscess,승인,NA,Approved,,DB06160,C0031157,,,,
TP,garenoxacin,"Pneumonia, Bacterial",승인,NA,Approved,,DB06160,C0004626,,,,
TP,garenoxacin,Infective otitis media,승인,NA,Approved,,DB06160,C0729586,,,,
TP,garenoxacin,Sinusitis,승인,NA,Approved,,DB06160,C0037199,,,,
TP,timolol,Ocular Hypertension,승인,NA,Approved,,DB00373,C0028840,,,,
TP,timolol,"Glaucoma, Open-Angle",승인,NA,Approved,,DB00373,C0017612,,,,
TP,timolol,Hypertensive disease,승인,NA,Approved,,DB00373,C0020538,,,,
TP,ascorbic acid,Ascorbic Acid Deficiency,승인,NA,Approved,,DB00126,C0003969,,,,
TP,ascorbic acid,Breastfeeding (mother),승인,NA,Approved,,DB00126,C1623040,,,,
TP,minodronic acid,Osteoporosis,승인,NA,Approved,,DB06548,C0029456,,,,
TP,brompheniramine,Allergic Conjunctivitis,승인,NA,Approved,,DB00835,C0009766,,,,
TP,brompheniramine,Influenza-like symptoms,승인,NA,Approved,,DB00835,C0392171,,,,
TP,brompheniramine,Allergic rhinitis (disorder),승인,NA,Approved,,DB00835,C2607914,,,,
TP,brompheniramine,Hay fever,승인,NA,Approved,,DB00835,C0018621,,,,
TP,brompheniramine,Urticaria,승인,NA,Approved,,DB00835,C0042109,,,,
TP,brompheniramine,Pruritus,승인,NA,Approved,,DB00835,C0033774,,,,
TP,brompheniramine,Dermatographic urticaria,승인,NA,Approved,,DB00835,C0343065,,,,
TP,brompheniramine,Rhinorrhea,승인,NA,Approved,,DB00835,C1260880,,,,
TP,brompheniramine,"Rhinitis, Vasomotor",승인,NA,Approved,,DB00835,C0035460,,,,
TP,sucralfate,Duodenal Ulcer,승인,NA,Approved,,DB00364,C0013295,,,,
TP,dronabinol,Chemotherapy-induced nausea and vomiting,승인,NA,Approved,,DB00470,C0401160,,,,
TP,tolvaptan,"Polycystic Kidney, Autosomal Dominant",승인,NA,Approved,,DB06212,C0085413,,,,
TP,tolvaptan,Inappropriate ADH Syndrome,승인,NA,Approved,,DB06212,C0021141,,,,
TP,tolvaptan,Hyponatremia,승인,NA,Approved,,DB06212,C0020625,,,,
TP,besifloxacin,Bacterial conjunctivitis,승인,NA,Approved,,DB06771,C0009768,,,,
TP,dronedarone,Atrial Fibrillation,승인,NA,Approved,,DB04855,C0004238,,,,
TP,dronedarone,Paroxysmal atrial fibrillation,승인,NA,Approved,,DB04855,C0235480,,,,
TP,prasugrel,Acute Coronary Syndrome,승인,NA,Approved,,DB06209,C0948089,,,,
TP,saxagliptin,"Diabetes Mellitus, Non-Insulin-Dependent",승인,NA,Approved,,DB06335,C0011860,,,,
TP,asenapine,Schizophrenia,승인,NA,Approved,,DB06216,C0036341,,,,
TP,asenapine,Mixed bipolar I disorder,승인,NA,Approved,,DB06216,C0236780,,,,
TP,asenapine,"Bipolar affective disorder, current episode manic",승인,NA,Approved,,DB06216,C0338873,,,,
TP,telavancin,"Pneumonia, Bacterial",승인,NA,Approved,,DB06402,C0004626,,,,
TP,telavancin,Pneumonia due to Staphylococcus aureus,승인,NA,Approved,,DB06402,C2349530,,,,
TP,pralatrexate,Peripheral T-Cell Lymphoma,승인,NA,Approved,,DB06813,C0079774,,,,
TP,pazopanib,Renal Cell Carcinoma,승인,NA,Approved,,DB06589,C0007134,,,,
TP,pazopanib,Sarcoma,승인,NA,Approved,,DB06589,C1261473,,,,
TP,romidepsin,Peripheral T-Cell Lymphoma,승인,NA,Approved,,DB06176,C0079774,,,,
TP,romidepsin,"Lymphoma, T-Cell, Cutaneous",승인,NA,Approved,,DB06176,C0079773,,,,
TP,auranofin,Rheumatoid Arthritis,승인,NA,Approved,,DB00995,C0003873,,,,
TP,lubiprostone,Chronic idiopathic constipation,승인,NA,Approved,,DB01046,C0267509,,,,
TP,lubiprostone,Irritable bowel syndrome characterized by constipation,승인,NA,Approved,,DB01046,C1868889,,,,
TP,vorinostat,"Lymphoma, T-Cell, Cutaneous",승인,NA,Approved,,DB02546,C0079773,,,,
TP,serine,"Glaucoma, Open-Angle",승인,NA,Approved,,DB00133,C0017612,,,,
TP,serine,Bacterial urinary infection,승인,NA,Approved,,DB00133,C0729524,,,,
TP,serine,"Tuberculosis, Pulmonary",승인,NA,Approved,,DB00133,C0041327,,,,
TP,serine,Acute tuberculosis,승인,NA,Approved,,DB00133,C0275959,,,,
TP,serine,Urinary tract infection caused by Escherichia coli,승인,NA,Approved,,DB00133,C0577708,,,,
TP,carboplatin,Malignant neoplasm of ovary,승인,NA,Approved,,DB00958,C1140680,,,,
TP,carboplatin,Malignant neoplasm of breast,승인,NA,Approved,,DB00958,C0006142,,,,
TP,lisdexamfetamine,Attention deficit hyperactivity disorder,승인,NA,Approved,,DB01255,C1263846,,,,
TP,lisdexamfetamine,Binge eating disorder,승인,NA,Approved,,DB01255,C0596170,,,,
TP,paliperidone,Schizoaffective Disorder,승인,NA,Approved,,DB01267,C0036337,,,,
TP,paliperidone,Schizophrenia,승인,NA,Approved,,DB01267,C0036341,,,,
TP,paliperidone,Psychotic Disorders,승인,NA,Approved,,DB01267,C0033975,,,,
TP,gentian violet,"Candidiasis, Vulvovaginal",승인,NA,Approved,,DB00406,C0700345,,,,
TP,udenafil,Erectile dysfunction,승인,NA,Approved,,DB06267,C0242350,,,,
TP,sulfadiazine silver,Skin Ulcer,승인,NA,Approved,,DB05245,C0037299,,,,
TP,darunavir,HIV Infections,승인,NA,Approved,,DB01264,C0019693,,,,
TP,lutein,Age related macular degeneration,승인,NA,Approved,,DB00137,C0242383,,,,
TP,lutein,Dry Eye Syndromes,승인,NA,Approved,,DB00137,C0013238,,,,
TP,lutein,Meibomian gland dysfunction,승인,NA,Approved,,DB00137,C1275684,,,,
TP,testosterone propionate,Cryptorchidism,승인,NA,Approved,,DB01420,C0010417,,,,
TP,testosterone propionate,Klinefelter Syndrome,승인,NA,Approved,,DB01420,C0022735,,,,
TP,testosterone propionate,Delayed Puberty,승인,NA,Approved,,DB01420,C0034012,,,,
TP,testosterone propionate,Testicular hypogonadism,승인,NA,Approved,,DB01420,C0151721,,,,
TP,testosterone propionate,Deficiency of testosterone biosynthesis,승인,NA,Approved,,DB01420,C0342527,,,,
TP,testosterone propionate,Hormone receptor positive malignant neoplasm of breast,승인,NA,Approved,,DB01420,C1562029,,,,
TP,epicriptine,Senile dementia,승인,NA,Approved,,DB11275,C0011268,,,,
TP,epicriptine,Alzheimer's Disease,승인,NA,Approved,,DB11275,C0002395,,,,
TP,doripenem,Pyelonephritis,승인,NA,Approved,,DB06211,C0034186,,,,
TP,doripenem,Abdominal Infection,승인,NA,Approved,,DB06211,C1112209,,,,
TP,doripenem,Complicated appendicitis,승인,NA,Approved,,DB06211,C1632842,,,,
TP,doripenem,Cholecystitis,승인,NA,Approved,,DB06211,C0008325,,,,
TP,doripenem,Abdominal Abscess,승인,NA,Approved,,DB06211,C0243001,,,,
TP,rimonabant,Obesity,승인,NA,Approved,,DB06155,C0028754,,,,
TP,silodosin,Prostatic Hypertrophy,승인,NA,Approved,,DB06207,C1739363,,,,
TP,permethrin,Scabies <infestation>,승인,NA,Approved,,DB04930,C0036262,,,,
TP,permethrin,Pediculus capitis infestation,승인,NA,Approved,,DB04930,C0030757,,,,
TP,permethrin,Infestation by Phthirus pubis,승인,NA,Approved,,DB04930,C0030759,,,,
TP,permethrin,Body louse infestation,승인,NA,Approved,,DB04930,C0030758,,,,
TP,edaravone,Ischemic stroke,승인,NA,Approved,,DB12243,C0948008,,,,
TP,edaravone,Amyotrophic Lateral Sclerosis,승인,NA,Approved,,DB12243,C0002736,,,,
TP,lercanidipine,Hypertensive disease,승인,NA,Approved,,DB00528,C0020538,,,,
TP,buclizine,Motion Sickness,승인,NA,Approved,,DB00354,C0026603,,,,
TP,temsirolimus,Renal Cell Carcinoma,승인,NA,Approved,,DB06287,C0007134,,,,
TP,dexlansoprazole,Erosive esophagitis,승인,NA,Approved,,DB05351,C0267055,,,,
TP,dexlansoprazole,Gastroesophageal reflux disease,승인,NA,Approved,,DB05351,C0017168,,,,
TP,dexlansoprazole,Peptic Ulcer,승인,NA,Approved,,DB05351,C0030920,,,,
TP,fampridine,Multiple Sclerosis,승인,NA,Approved,,DB06637,C0026769,,,,
TP,liraglutide,"Diabetes Mellitus, Non-Insulin-Dependent",승인,NA,Approved,,DB06655,C0011860,,,,
TP,alcaftadine,Allergic Conjunctivitis,승인,NA,Approved,,DB06766,C0009766,,,,
TP,fingolimod,"Multiple Sclerosis, Relapsing-Remitting",승인,NA,Approved,,DB08868,C0751967,,,,
TP,lurasidone,Schizophrenia,승인,NA,Approved,,DB08815,C0036341,,,,
TP,lurasidone,"Depression, Bipolar",승인,NA,Approved,,DB08815,C0005587,,,,
TP,ceftaroline fosamil,Group A Streptococcal Infections,승인,NA,Approved,,DB06590,C0554628,,,,
TP,ceftaroline fosamil,Bacterial infection due to Klebsiella pneumoniae,승인,NA,Approved,,DB06590,C0343402,,,,
TP,ceftaroline fosamil,Escherichia coli Infections,승인,NA,Approved,,DB06590,C0014836,,,,
TP,ceftaroline fosamil,Pneumonia due to Staphylococcus aureus,승인,NA,Approved,,DB06590,C2349530,,,,
TP,ceftaroline fosamil,Rhinoscleroma,승인,NA,Approved,,DB06590,C0035468,,,,
TP,ceftaroline fosamil,Haemophilus influenzae pneumonia,승인,NA,Approved,,DB06590,C0276026,,,,
TP,ceftaroline fosamil,Staphylococcus aureus infection,승인,NA,Approved,,DB06590,C1318973,,,,
TP,ceftaroline fosamil,Pneumonia due to Escherichia coli,승인,NA,Approved,,DB06590,C0276089,,,,
TP,tesamorelin,Lipodystrophy due to Human immunodeficiency virus infection and antiretroviral therapy,승인,NA,Approved,,DB08869,C3854116,,,,
TP,eribulin,liposarcoma,승인,NA,Approved,,DB08871,C0023827,,,,
TP,boceprevir,"Hepatitis C, Chronic",승인,NA,Approved,,DB08873,C0524910,,,,
TP,telaprevir,"Hepatitis C, Chronic",승인,NA,Approved,,DB05521,C0524910,,,,
TP,rilpivirine,HIV Infections,승인,NA,Approved,,DB08864,C0019693,,,,
TP,linagliptin,"Diabetes Mellitus, Non-Insulin-Dependent",승인,NA,Approved,,DB08882,C0011860,,,,
TP,abiraterone acetate,Malignant neoplasm of prostate,승인,NA,Approved,,DB05812,C0376358,,,,
TP,abiraterone acetate,Hormone refractory prostate cancer,승인,NA,Approved,,DB05812,C1328504,,,,
TP,gabapentin enacarbil,Postherpetic neuralgia,승인,NA,Approved,,DB08872,C0032768,,,,
TP,gabapentin enacarbil,Restless Legs Syndrome,승인,NA,Approved,,DB08872,C0035258,,,,
TP,vandetanib,Malignant epithelial neoplasm of thyroid,승인,NA,Approved,,DB05294,C3163939,,,,
TP,fidaxomicin,Clostridium difficile infection,승인,NA,Approved,,DB08874,C0343386,,,,
TP,fidaxomicin,"Enterocolitis, Pseudomembranous",승인,NA,Approved,,DB08874,C0014358,,,,
TP,rivaroxaban,Pulmonary Embolism,승인,NA,Approved,,DB06228,C0034065,,,,
TP,rivaroxaban,Deep Vein Thrombosis,승인,NA,Approved,,DB06228,C0149871,,,,
TP,rivaroxaban,Thromboembolism of vein,승인,NA,Approved,,DB06228,C1997614,,,,
TP,rivaroxaban,Embolism,승인,NA,Approved,,DB06228,C0013922,,,,
TP,rivaroxaban,Peripheral arterial stenosis,승인,NA,Approved,,DB06228,C4025272,,,,
TP,indacaterol,Asthma,승인,NA,Approved,,DB05039,C0004096,,,,
TP,ticagrelor,Peripheral Vascular Diseases,승인,NA,Approved,,DB08816,C0085096,,,,
TP,ticagrelor,Acute Coronary Syndrome,승인,NA,Approved,,DB08816,C0948089,,,,
TP,vemurafenib,Malignant melanoma with BRAF V600E mutation,승인,NA,Approved,,DB08881,C5394779,,,,
TP,vemurafenib,Erdheim-Chester Disease,승인,NA,Approved,,DB08881,C0878675,,,,
TP,icatibant,"Angioedemas, Hereditary",승인,NA,Approved,,DB06196,C0019243,,,,
TP,crizotinib,Non-Small Cell Lung Carcinoma,승인,NA,Approved,,DB08865,C0007131,,,,
TP,deferiprone,beta Thalassemia,승인,NA,Approved,,DB08826,C0005283,,,,
TP,deferiprone,Iron Overload,승인,NA,Approved,,DB08826,C0282193,,,,
TP,budesonide,Crohn Disease,승인,NA,Approved,,DB01222,C0010346,,,,
TP,budesonide,Asthma,승인,NA,Approved,,DB01222,C0004096,,,,
TP,budesonide,Allergic rhinitis (disorder),승인,NA,Approved,,DB01222,C2607914,,,,
TP,budesonide,Severe chronic obstructive pulmonary disease,승인,NA,Approved,,DB01222,C0730607,,,,
TP,budesonide,Crohn's disease in remission,승인,NA,Approved,,DB01222,C1960764,,,,
TP,budesonide,Eosinophilic esophagitis,승인,NA,Approved,,DB01222,C0341106,,,,
TP,budesonide,Primary immunoglobulin A nephropathy (disorder),승인,NA,Approved,,DB01222,C3161650,,,,
TP,ruxolitinib,Polycythemia Vera,승인,NA,Approved,,DB08877,C0032463,,,,
TP,ruxolitinib,Myeloproliferative disease,승인,NA,Approved,,DB08877,C0027022,,,,
TP,ruxolitinib,Myelofibrosis,승인,NA,Approved,,DB08877,C0026987,,,,
TP,fesoterodine,Bladder muscle dysfunction - overactive,승인,NA,Approved,,DB06702,C0403643,,,,
TP,fesoterodine,Urge Incontinence,승인,NA,Approved,,DB06702,C0150045,,,,
TP,fesoterodine,Urgency of micturition,승인,NA,Approved,,DB06702,C0085606,,,,
TP,tafamidis,Amyloidosis,승인,NA,Approved,,DB11644,C0002726,,,,
TP,tafamidis,Transthyretin related familial amyloid cardiomyopathy,승인,NA,Approved,,DB11644,C4275067,,,,
TP,tafamidis,Senile cardiac amyloidosis,승인,NA,Approved,,DB11644,C0268407,,,,
TP,piperaquine,Malaria,승인,NA,Approved,,DB13941,C0024530,,,,
TP,artenimol,Malaria,승인,NA,Approved,,DB11638,C0024530,,,,
TP,vitamin A palmitate,Vitamin Deficiency,승인,NA,Approved,,DB00162,C1510471,,,,
TP,potassium chloride,Constipation,승인,NA,Approved,,DB00761,C0009806,,,,
TP,potassium chloride,Incomplete passage of stool,승인,NA,Approved,,DB00761,C0426639,,,,
TP,potassium chloride,Hypokalemia,승인,NA,Approved,,DB00761,C0020621,,,,
TP,magnesium chloride,Hypomagnesemia,승인,NA,Approved,,DB09407,C0151723,,,,
TP,calcium chloride,Hypokalemia,승인,NA,Approved,,DB01164,C0020621,,,,
TP,calcium chloride,Hypocalcemia,승인,NA,Approved,,DB01164,C0020598,,,,
TP,calcium chloride,Hypermagnesemia,승인,NA,Approved,,DB01164,C0151714,,,,
TP,calcium chloride,Disorder of electrolytes,승인,NA,Approved,,DB01164,C1704431,,,,
TP,calcium chloride,Cardiac Arrest,승인,NA,Approved,,DB01164,C0018790,,,,
TP,calcium chloride,Hypocalcemic tetany,승인,NA,Approved,,DB01164,C0151940,,,,
TP,calcium chloride,Hyperkalemia,승인,NA,Approved,,DB01164,C0020461,,,,
TP,sodium bicarbonate,Upper gastrointestinal hemorrhage,승인,NA,Approved,,DB01390,C0041909,,,,
TP,lithium carbonate,"Bipolar affective disorder, current episode manic",승인,NA,Approved,,DB14509,C0338873,,,,
TP,lithium carbonate,Bipolar Disorder,승인,NA,Approved,,DB14509,C0005586,,,,
TP,lithium carbonate,Bipolar disorder in remission,승인,NA,Approved,,DB14509,C0270425,,,,
TP,lithium carbonate,Headache Disorders,승인,NA,Approved,,DB14509,C0393735,,,,
TP,lithium carbonate,Pain,승인,NA,Approved,,DB14509,C0030193,,,,
TP,lithium carbonate,Fever,승인,NA,Approved,,DB14509,C0015967,,,,
TP,lithium carbonate,Degenerative polyarthritis,승인,NA,Approved,,DB14509,C0029408,,,,
TP,lithium carbonate,Juvenile arthritis,승인,NA,Approved,,DB14509,C3495559,,,,
TP,lithium carbonate,Rheumatoid Arthritis,승인,NA,Approved,,DB14509,C0003873,,,,
TP,lithium carbonate,Dysmenorrhea,승인,NA,Approved,,DB14509,C0013390,,,,
TP,prazosin,Hypertensive disease,승인,NA,Approved,,DB00457,C0020538,,,,
TP,oxaliplatin,metastasis from malignant neoplasm of colon,승인,NA,Approved,,DB00526,C1282500,,,,
TP,oxaliplatin,Malignant tumor of small intestine,승인,NA,Approved,,DB00526,C0153425,,,,
TP,acetic acid,Otitis Externa,승인,NA,Approved,,DB03166,C0029878,,,,
TP,sodium sulfate,Incomplete passage of stool,승인,NA,Approved,,DB09472,C0426639,,,,
TP,hydrocortisone acetate,Blepharoconjunctivitis,승인,NA,Approved,,DB14539,C0005743,,,,
TP,hydrocortisone acetate,"Lupus Erythematosus, Systemic",승인,NA,Approved,,DB14539,C0024141,,,,
TP,hydrocortisone acetate,Cerebral Edema,승인,NA,Approved,,DB14539,C0006114,,,,
TP,hydrocortisone acetate,Pemphigus,승인,NA,Approved,,DB14539,C0030807,,,,
TP,hydrocortisone acetate,Rheumatoid Arthritis,승인,NA,Approved,,DB14539,C0003873,,,,
TP,hydrocortisone acetate,Pruritus Ani,승인,NA,Approved,,DB14539,C0033775,,,,
TP,hydrocortisone acetate,Serum Sickness,승인,NA,Approved,,DB14539,C0036830,,,,
TP,hydrocortisone acetate,Disorder of eye,승인,NA,Approved,,DB14539,C0015397,,,,
TP,hydrocortisone acetate,Mycosis Fungoides,승인,NA,Approved,,DB14539,C0026948,,,,
TP,hydrocortisone acetate,"Dermatitis, Atopic",승인,NA,Approved,,DB14539,C0011615,,,,
TP,hydrocortisone acetate,Humoral hypercalcemia of malignancy (disorder),승인,NA,Approved,,DB14539,C0149911,,,,
TP,hydrocortisone acetate,Inflammatory dermatosis,승인,NA,Approved,,DB14539,C3875321,,,,
TP,hydrocortisone acetate,Corneal Abrasions,승인,NA,Approved,,DB14539,C0010032,,,,
TP,hydrocortisone acetate,Thyroiditis,승인,NA,Approved,,DB14539,C0040147,,,,
TP,hydrocortisone acetate,Nephrotic Syndrome,승인,NA,Approved,,DB14539,C0027726,,,,
TP,hydrocortisone acetate,Aspiration pneumonitis,승인,NA,Approved,,DB14539,C1761609,,,,
TP,hydrocortisone acetate,Infective blepharitis,승인,NA,Approved,,DB14539,C0729587,,,,
TP,hydrocortisone acetate,Rheumatic Heart Disease,승인,NA,Approved,,DB14539,C0035439,,,,
TP,hydrocortisone acetate,"Arthritis, Psoriatic",승인,NA,Approved,,DB14539,C0003872,,,,
TP,hydrocortisone acetate,Addisonian crisis,승인,NA,Approved,,DB14539,C0151467,,,,
TP,hydrocortisone acetate,Ankylosing spondylitis,승인,NA,Approved,,DB14539,C0038013,,,,
TP,hydrocortisone acetate,Erythema Multiforme,승인,NA,Approved,,DB14539,C0014742,,,,
TP,hydrocortisone acetate,Acute lymphocytic leukemia,승인,NA,Approved,,DB14539,C0023449,,,,
TP,hydrocortisone acetate,Bursitis,승인,NA,Approved,,DB14539,C0006444,,,,
TP,hydrocortisone acetate,Exanthema,승인,NA,Approved,,DB14539,C0015230,,,,
TP,hydrocortisone acetate,Berylliosis,승인,NA,Approved,,DB14539,C0005138,,,,
TP,hydrocortisone acetate,Dermatitis Herpetiformis,승인,NA,Approved,,DB14539,C0011608,,,,
TP,hydrocortisone acetate,Hemorrhoids,승인,NA,Approved,,DB14539,C0019112,,,,
TP,hydrocortisone acetate,Tenosynovitis,승인,NA,Approved,,DB14539,C0039520,,,,
TP,hydrocortisone acetate,Hodgkin Disease,승인,NA,Approved,,DB14539,C0019829,,,,
TP,hydrocortisone acetate,Autoimmune hemolytic anemia,승인,NA,Approved,,DB14539,C0002880,,,,
TP,hydrocortisone acetate,Psoriasis,승인,NA,Approved,,DB14539,C0033860,,,,
TP,hydrocortisone acetate,Post traumatic osteoarthritis,승인,NA,Approved,,DB14539,C2894027,,,,
TP,hydrocortisone acetate,"Arthritis, Gouty",승인,NA,Approved,,DB14539,C0003868,,,,
TP,hydrocortisone acetate,Trichinellosis,승인,NA,Approved,,DB14539,C0040896,,,,
TP,hydrocortisone acetate,Contact Dermatitis,승인,NA,Approved,,DB14539,C0011616,,,,
TP,hydrocortisone acetate,Allergic rhinitis (disorder),승인,NA,Approved,,DB14539,C2607914,,,,
TP,hydrocortisone acetate,Autoimmune Diseases,승인,NA,Approved,,DB14539,C0004364,,,,
TP,hydrocortisone acetate,Transplanted organ rejection,승인,NA,Approved,,DB14539,C0345468,,,,
TP,hydrocortisone acetate,Angioedema,승인,NA,Approved,,DB14539,C0002994,,,,
TP,hydrocortisone acetate,Tendinitis,승인,NA,Approved,,DB14539,C0039503,,,,
TP,hydrocortisone acetate,Keratitis,승인,NA,Approved,,DB14539,C0022568,,,,
TP,hydrocortisone acetate,Inflammatory Bowel Diseases,승인,NA,Approved,,DB14539,C0021390,,,,
TP,hydrocortisone acetate,Crohn Disease,승인,NA,Approved,,DB14539,C0010346,,,,
TP,hydrocortisone acetate,Adrenal cortical hypofunction,승인,NA,Approved,,DB14539,C0405580,,,,
TP,hydrocortisone acetate,Bacterial keratitis,승인,NA,Approved,,DB14539,C0854211,,,,
TP,hydrocortisone acetate,Synovitis,승인,NA,Approved,,DB14539,C0039103,,,,
TP,hydrocortisone acetate,Asthma,승인,NA,Approved,,DB14539,C0004096,,,,
TP,hydrocortisone acetate,Adrenogenital disorder,승인,NA,Approved,,DB14539,C0701163,,,,
TP,hydrocortisone acetate,Acquired thrombocytopenia,승인,NA,Approved,,DB14539,C0154301,,,,
TP,hydrocortisone acetate,Multiple Sclerosis,승인,NA,Approved,,DB14539,C0026769,,,,
TP,hydrocortisone acetate,Simple Pulmonary Eosinophilia,승인,NA,Approved,,DB14539,C0242459,,,,
TP,hydrocortisone acetate,Exfoliative dermatitis,승인,NA,Approved,,DB14539,C0011606,,,,
TP,hydrocortisone acetate,Sarcoidosis,승인,NA,Approved,,DB14539,C0036202,,,,
TP,hydrocortisone acetate,Laryngeal Edema,승인,NA,Approved,,DB14539,C0023052,,,,
TP,potassium acetate,Hypokalemia,승인,NA,Approved,,DB14498,C0020621,,,,
TP,sodium phosphate,Constipation,승인,NA,Approved,,DB09449,C0009806,,,,
TP,telbivudine,"Hepatitis B, Chronic",승인,NA,Approved,,DB01265,C0524909,,,,
TP,vilazodone,Major Depressive Disorder,승인,NA,Approved,,DB06684,C1269683,,,,
TP,pirfenidone,Idiopathic Pulmonary Fibrosis,승인,NA,Approved,,DB04951,C1800706,,,,
TP,axitinib,Renal Cell Carcinoma,승인,NA,Approved,,DB06626,C0007134,,,,
TP,ingenol mebutate,Actinic keratosis,승인,NA,Approved,,DB05013,C0022602,,,,
TP,vismodegib,Basal cell carcinoma,승인,NA,Approved,,DB08828,C0007117,,,,
TP,ivacaftor,Pulmonary Cystic Fibrosis,승인,NA,Approved,,DB08820,C0392164,,,,
TP,tafluprost,Ocular Hypertension,승인,NA,Approved,,DB08819,C0028840,,,,
TP,tafluprost,"Glaucoma, Open-Angle",승인,NA,Approved,,DB08819,C0017612,,,,
TP,buformin,"Diabetes Mellitus, Non-Insulin-Dependent",승인,NA,Approved,,DB04830,C0011860,,,,
TP,lucinactant,"Respiratory Distress Syndrome, Newborn",승인,NA,Approved,,DB04897,C0035220,,,,
TP,peginesatide,Anemia in chronic kidney disease,승인,NA,Approved,,DB08894,C1561828,,,,
TP,octinoxate,Chloasma,승인,NA,Approved,,DB09496,C0025218,,,,
TP,octinoxate,Discoloration of skin,승인,NA,Approved,,DB09496,C0151907,,,,
TP,zinc oxide,Exanthema,승인,NA,Approved,,DB09321,C0015230,,,,
TP,zinc oxide,Tinea Versicolor,승인,NA,Approved,,DB09321,C0040262,,,,
TP,zinc oxide,Skin irritation,승인,NA,Approved,,DB09321,C0152030,,,,
TP,zinc oxide,Arthropod bite wound,승인,NA,Approved,,DB09321,C1444173,,,,
TP,zinc oxide,Tinea cruris,승인,NA,Approved,,DB09321,C1384589,,,,
TP,zinc oxide,Tinea corporis (disorder),승인,NA,Approved,,DB09321,C0040252,,,,
TP,zinc oxide,Cutaneous Candidiasis,승인,NA,Approved,,DB09321,C0006846,,,,
TP,zinc oxide,Pruritus,승인,NA,Approved,,DB09321,C0033774,,,,
TP,zinc oxide,Pruritus Ani,승인,NA,Approved,,DB09321,C0033775,,,,
TP,zinc oxide,Burn injury,승인,NA,Approved,,DB09321,C0006434,,,,
TP,zinc oxide,Hemorrhoids,승인,NA,Approved,,DB09321,C0019112,,,,
TP,zinc oxide,Diaper Rash,승인,NA,Approved,,DB09321,C0011974,,,,
TP,zinc oxide,Injury wounds,승인,NA,Approved,,DB09321,C0043250,,,,
TP,zinc oxide,Proctitis,승인,NA,Approved,,DB09321,C0033246,,,,
TP,zinc oxide,Rectal pain,승인,NA,Approved,,DB09321,C0034886,,,,
TP,zinc oxide,Tinea Pedis,승인,NA,Approved,,DB09321,C0040259,,,,
TP,sodium fluoride,Vitamin Deficiency,승인,NA,Approved,,DB09325,C1510471,,,,
TP,magnesium hydroxide,Constipation,승인,NA,Approved,,DB09104,C0009806,,,,
TP,magnesium hydroxide,Incomplete passage of stool,승인,NA,Approved,,DB09104,C0426639,,,,
TP,magnesium hydroxide,Peptic Ulcer,승인,NA,Approved,,DB09104,C0030920,,,,
TP,magnesium hydroxide,Dyspepsia,승인,NA,Approved,,DB09104,C0013395,,,,
TP,magnesium hydroxide,Gastroesophageal reflux disease,승인,NA,Approved,,DB09104,C0017168,,,,
TP,magnesium hydroxide,Heartburn,승인,NA,Approved,,DB09104,C0018834,,,,
TP,methyl salicylate,Back Pain,승인,NA,Approved,,DB09543,C0004604,,,,
TP,Polymyxin B,Infective blepharitis,승인,NA,Approved,,DB00781,C0729587,,,,
TP,Polymyxin B,Blepharoconjunctivitis,승인,NA,Approved,,DB00781,C0005743,,,,
TP,Polymyxin B,Uveitis,승인,NA,Approved,,DB00781,C0042164,,,,
TP,Polymyxin B,Bacterial conjunctivitis,승인,NA,Approved,,DB00781,C0009768,,,,
TP,Polymyxin B,Corneal Abrasions,승인,NA,Approved,,DB00781,C0010032,,,,
TP,Polymyxin B,Urinary tract infection,승인,NA,Approved,,DB00781,C0042029,,,,
TP,Polymyxin B,Otitis Externa,승인,NA,Approved,,DB00781,C0029878,,,,
TP,Polymyxin B,Keratitis,승인,NA,Approved,,DB00781,C0022568,,,,
TP,Polymyxin B,Bacterial keratitis,승인,NA,Approved,,DB00781,C0854211,,,,
TP,Polymyxin B,Bacterial sepsis,승인,NA,Approved,,DB00781,C0684256,,,,
TP,neomycin,Urinary tract infection,승인,NA,Approved,,DB00994,C0042029,,,,
TP,neomycin,Otitis Externa,승인,NA,Approved,,DB00994,C0029878,,,,
TP,neomycin,Blepharoconjunctivitis,승인,NA,Approved,,DB00994,C0005743,,,,
TP,neomycin,Hepatic Encephalopathy,승인,NA,Approved,,DB00994,C0019151,,,,
TP,neomycin,Hepatic Coma,승인,NA,Approved,,DB00994,C0019147,,,,
TP,neomycin,Keratitis,승인,NA,Approved,,DB00994,C0022568,,,,
TP,neomycin,Uveitis,승인,NA,Approved,,DB00994,C0042164,,,,
TP,neomycin,Infective blepharitis,승인,NA,Approved,,DB00994,C0729587,,,,
TP,neomycin,Corneal Abrasions,승인,NA,Approved,,DB00994,C0010032,,,,
TP,neomycin,Bacterial keratitis,승인,NA,Approved,,DB00994,C0854211,,,,
TP,algeldrate,Gastric ulcer,승인,NA,Approved,,DB06723,C0038358,,,,
TP,algeldrate,Heartburn,승인,NA,Approved,,DB06723,C0018834,,,,
TP,algeldrate,Peptic Ulcer,승인,NA,Approved,,DB06723,C0030920,,,,
TP,algeldrate,Dyspepsia,승인,NA,Approved,,DB06723,C0013395,,,,
TP,algeldrate,Duodenal Ulcer,승인,NA,Approved,,DB06723,C0013295,,,,
TP,algeldrate,Gastroesophageal reflux disease,승인,NA,Approved,,DB06723,C0017168,,,,
TP,nitrogen,Persistent Fetal Circulation Syndrome,승인,NA,Approved,,DB09152,C0031190,,,,
TP,macrogol,Incomplete passage of stool,승인,NA,Approved,,DB09287,C0426639,,,,
TP,macrogol,Dry Eye Syndromes,승인,NA,Approved,,DB09287,C0013238,,,,
TP,macrogol,Redness of eye,승인,NA,Approved,,DB09287,C0235267,,,,
TP,macrogol,Constipation,승인,NA,Approved,,DB09287,C0009806,,,,
TP,bismuth subsalicylate,Dyspepsia,승인,NA,Approved,,DB01294,C0013395,,,,
TP,bismuth subsalicylate,Diarrhea,승인,NA,Approved,,DB01294,C0011991,,,,
TP,ferrous fumarate,Acne Vulgaris,승인,NA,Approved,,DB14491,C0001144,,,,
TP,ferrous fumarate,Iron deficiency anemia,승인,NA,Approved,,DB14491,C0162316,,,,
TP,ferrous fumarate,Megaloblastic anemia due to folate deficiency,승인,NA,Approved,,DB14491,C0151482,,,,
TP,ferrous fumarate,Anemia of prematurity,승인,NA,Approved,,DB14491,C0158996,,,,
TP,ferrous fumarate,Breastfeeding (mother),승인,NA,Approved,,DB14491,C1623040,,,,
TP,carbamide,Impacted cerumen,승인,NA,Approved,,DB03904,C0021092,,,,
TP,carbamide,Exanthema,승인,NA,Approved,,DB03904,C0015230,,,,
TP,carbamide,Contact Dermatitis,승인,NA,Approved,,DB03904,C0011616,,,,
TP,carbamide,"Dermatitis, Atopic",승인,NA,Approved,,DB03904,C0011615,,,,
TP,carbamide,Scurfiness of scalp,승인,NA,Approved,,DB03904,C0423775,,,,
TP,carbamide,Seborrheic dermatitis,승인,NA,Approved,,DB03904,C0036508,,,,
TP,carbamide,Tinea Versicolor,승인,NA,Approved,,DB03904,C0040262,,,,
TP,gentamicin,Pneumonia due to Escherichia coli,승인,NA,Approved,,DB00798,C0276089,,,,
TP,gentamicin,Sepsis caused by Gram negative bacteria,승인,NA,Approved,,DB00798,C3163829,,,,
TP,gentamicin,"Meningitis, Bacterial",승인,NA,Approved,,DB00798,C0085437,,,,
TP,gentamicin,Serratia sepsis,승인,NA,Approved,,DB00798,C0152973,,,,
TP,gentamicin,Serratia Infections,승인,NA,Approved,,DB00798,C0085394,,,,
TP,gentamicin,Pneumonia due to Pseudomonas,승인,NA,Approved,,DB00798,C0155860,,,,
TP,gentamicin,Infection of bone,승인,NA,Approved,,DB00798,C2242472,,,,
TP,gentamicin,Bacterial sepsis,승인,NA,Approved,,DB00798,C0684256,,,,
TP,gentamicin,Bacterial conjunctivitis,승인,NA,Approved,,DB00798,C0009768,,,,
TP,gentamicin,Cholangitis,승인,NA,Approved,,DB00798,C0008311,,,,
TP,gentamicin,Bacterial keratitis,승인,NA,Approved,,DB00798,C0854211,,,,
TP,gentamicin,Rhinoscleroma,승인,NA,Approved,,DB00798,C0035468,,,,
TP,gentamicin,"Pneumonia, Bacterial",승인,NA,Approved,,DB00798,C0004626,,,,
TP,gentamicin,Escherichia coli septicemia,승인,NA,Approved,,DB00798,C0276088,,,,
TP,gentamicin,Dacryocystitis,승인,NA,Approved,,DB00798,C0010930,,,,
TP,gentamicin,Folliculitis,승인,NA,Approved,,DB00798,C0016436,,,,
TP,gentamicin,Blepharoconjunctivitis,승인,NA,Approved,,DB00798,C0005743,,,,
TP,gentamicin,Meibomianitis,승인,NA,Approved,,DB00798,C0549398,,,,
TP,gentamicin,Sepsis due to Pseudomonas,승인,NA,Approved,,DB00798,C2887096,,,,
TP,gentamicin,Peritonitis,승인,NA,Approved,,DB00798,C0031154,,,,
TP,gentamicin,Neonatal meningitis,승인,NA,Approved,,DB00798,C0456107,,,,
TP,gentamicin,"Skin Diseases, Bacterial",승인,NA,Approved,,DB00798,C0162627,,,,
TP,gentamicin,Escherichia coli Infections,승인,NA,Approved,,DB00798,C0014836,,,,
TP,gentamicin,Enterobacteriaceae Infections,승인,NA,Approved,,DB00798,C0014347,,,,
TP,gentamicin,Infection due to Pseudomonas aeruginosa,승인,NA,Approved,,DB00798,C0276075,,,,
TP,gentamicin,Neonatal pneumonia,승인,NA,Approved,,DB00798,C0339968,,,,
TP,gentamicin,Arthropathy associated with infection,승인,NA,Approved,,DB00798,C0157749,,,,
TP,gentamicin,Abdominal Infection,승인,NA,Approved,,DB00798,C1112209,,,,
TP,gentamicin,Paronychia Inflammation,승인,NA,Approved,,DB00798,C0030578,,,,
TP,gentamicin,Sepsis of the newborn,승인,NA,Approved,,DB00798,C0456103,,,,
TP,gentamicin,Proteus septicemia,승인,NA,Approved,,DB00798,C0577690,,,,
TP,gentamicin,Infective blepharitis,승인,NA,Approved,,DB00798,C0729587,,,,
TP,gentamicin,Bacterial infection due to Klebsiella pneumoniae,승인,NA,Approved,,DB00798,C0343402,,,,
TP,gentamicin,Proteus pneumonia,승인,NA,Approved,,DB00798,C1260917,,,,
TP,gentamicin,Furunculosis,승인,NA,Approved,,DB00798,C0016867,,,,
TP,phenol,Skin irritation,승인,NA,Approved,,DB03255,C0152030,,,,
TP,phenol,Pruritus,승인,NA,Approved,,DB03255,C0033774,,,,
TP,allantoin,Pruritus,승인,NA,Approved,,DB11100,C0033774,,,,
TP,allantoin,Scurfiness of scalp,승인,NA,Approved,,DB11100,C0423775,,,,
TP,allantoin,Skin irritation,승인,NA,Approved,,DB11100,C0152030,,,,
TP,allantoin,Seborrheic dermatitis,승인,NA,Approved,,DB11100,C0036508,,,,
TP,allantoin,Psoriasis,승인,NA,Approved,,DB11100,C0033860,,,,
TP,zinc acetate,Exanthema,승인,NA,Approved,,DB14487,C0015230,,,,
TP,zinc acetate,Proctitis,승인,NA,Approved,,DB14487,C0033246,,,,
TP,zinc acetate,Itching of ear,승인,NA,Approved,,DB14487,C0849907,,,,
TP,zinc acetate,Diaper Rash,승인,NA,Approved,,DB14487,C0011974,,,,
TP,zinc acetate,Rectal pain,승인,NA,Approved,,DB14487,C0034886,,,,
TP,zinc acetate,Otitis Externa,승인,NA,Approved,,DB14487,C0029878,,,,
TP,zinc acetate,Hemorrhoids,승인,NA,Approved,,DB14487,C0019112,,,,
TP,zinc acetate,Burn injury,승인,NA,Approved,,DB14487,C0006434,,,,
TP,zinc acetate,Arthropod bite wound,승인,NA,Approved,,DB14487,C1444173,,,,
TP,zinc acetate,Skin irritation,승인,NA,Approved,,DB14487,C0152030,,,,
TP,zinc acetate,Pruritus,승인,NA,Approved,,DB14487,C0033774,,,,
TP,zinc acetate,Injury wounds,승인,NA,Approved,,DB14487,C0043250,,,,
TP,zinc acetate,Hepatolenticular Degeneration,승인,NA,Approved,,DB14487,C0019202,,,,
TP,zinc acetate,Zinc deficiency,승인,NA,Approved,,DB14487,C0235950,,,,
TP,bumetanide,Edema,승인,NA,Approved,,DB00887,C0013604,,,,
TP,"sodium phosphate, monobasic",Urinary tract infection,승인,NA,Approved,,DB09449,C0042029,,,,
TP,"sodium phosphate, monobasic",Constipation,승인,NA,Approved,,DB09449,C0009806,,,,
TP,"sodium phosphate, monobasic",Incomplete passage of stool,승인,NA,Approved,,DB09449,C0426639,,,,
TP,"sodium phosphate, monobasic",Calcium renal calculus,승인,NA,Approved,,DB09449,C1959799,,,,
TP,"sodium phosphate, monobasic",Hypophosphatemia,승인,NA,Approved,,DB09449,C0085682,,,,
TP,selenium sulfide,Seborrheic dermatitis,승인,NA,Approved,,DB00971,C0036508,,,,
TP,selenium sulfide,Scurfiness of scalp,승인,NA,Approved,,DB00971,C0423775,,,,
TP,selenium sulfide,Tinea Versicolor,승인,NA,Approved,,DB00971,C0040262,,,,
TP,zinc sulfate,Redness of eye,승인,NA,Approved,,DB09322,C0235267,,,,
TP,piperonyl butoxide,Pediculus capitis infestation,승인,NA,Approved,,DB09350,C0030757,,,,
TP,piperonyl butoxide,Infestation by Phthirus pubis,승인,NA,Approved,,DB09350,C0030759,,,,
TP,piperonyl butoxide,Body louse infestation,승인,NA,Approved,,DB09350,C0030758,,,,
TP,iron,Iron deficiency anemia,승인,NA,Approved,,DB01592,C0162316,,,,
TP,iron,Anemia of prematurity,승인,NA,Approved,,DB01592,C0158996,,,,
TP,iron,Megaloblastic anemia due to folate deficiency,승인,NA,Approved,,DB01592,C0151482,,,,
TP,crospovidone,Redness of eye,승인,NA,Approved,,DB11061,C0235267,,,,
TP,crospovidone,Dry Eye Syndromes,승인,NA,Approved,,DB11061,C0013238,,,,
TP,polyvinyl alcohol,Dry Eye Syndromes,승인,NA,Approved,,DB11060,C0013238,,,,
TP,polyvinyl alcohol,Redness of eye,승인,NA,Approved,,DB11060,C0235267,,,,
TP,tocofersolan,Cholestasis,승인,NA,Approved,,DB11635,C0008370,,,,
TP,tocofersolan,Vitamin E Deficiency,승인,NA,Approved,,DB11635,C0042875,,,,
TP,magnesium citrate,Osteoporosis,승인,NA,Approved,,DB11110,C0029456,,,,
TP,magnesium citrate,"Osteoporosis, Postmenopausal",승인,NA,Approved,,DB11110,C0029458,,,,
TP,magnesium citrate,Constipation,승인,NA,Approved,,DB11110,C0009806,,,,
TP,magnesium citrate,Hypocalcemia,승인,NA,Approved,,DB11110,C0020598,,,,
TP,magnesium citrate,Incomplete passage of stool,승인,NA,Approved,,DB11110,C0426639,,,,
TP,tapentadol,Pain,승인,NA,Approved,,DB06204,C0030193,,,,
TP,silicon dioxide,Heartburn,승인,NA,Approved,,DB11132,C0018834,,,,
TP,silicon dioxide,Dyspepsia,승인,NA,Approved,,DB11132,C0013395,,,,
TP,silicon dioxide,Gastroesophageal reflux disease,승인,NA,Approved,,DB11132,C0017168,,,,
TP,silicon dioxide,Peptic Ulcer,승인,NA,Approved,,DB11132,C0030920,,,,
TP,silicon dioxide,Flatulence,승인,NA,Approved,,DB11132,C0016204,,,,
TP,calcium acetate,Disorder of electrolytes,승인,NA,Approved,,DB00258,C1704431,,,,
TP,calcium acetate,Hypocalcemia,승인,NA,Approved,,DB00258,C0020598,,,,
TP,calcium acetate,Hypermagnesemia,승인,NA,Approved,,DB00258,C0151714,,,,
TP,calcium acetate,Cardiac Arrest,승인,NA,Approved,,DB00258,C0018790,,,,
TP,calcium acetate,Hyperkalemia,승인,NA,Approved,,DB00258,C0020461,,,,
TP,calcium acetate,Hypocalcemic tetany,승인,NA,Approved,,DB00258,C0151940,,,,
TP,magnesium carbonate,Gastroesophageal reflux disease,승인,NA,Approved,,DB09481,C0017168,,,,
TP,magnesium carbonate,Hypomagnesemia,승인,NA,Approved,,DB09481,C0151723,,,,
TP,magnesium carbonate,Heartburn,승인,NA,Approved,,DB09481,C0018834,,,,
TP,magnesium carbonate,Peptic Ulcer,승인,NA,Approved,,DB09481,C0030920,,,,
TP,magnesium carbonate,Incomplete passage of stool,승인,NA,Approved,,DB09481,C0426639,,,,
TP,magnesium carbonate,Dyspepsia,승인,NA,Approved,,DB09481,C0013395,,,,
TP,magnesium carbonate,Constipation,승인,NA,Approved,,DB09481,C0009806,,,,
TP,doconexent,Breastfeeding (mother),승인,NA,Approved,,DB03756,C1623040,,,,
TP,bunazosin,Essential Hypertension,승인,NA,Approved,,DB12230,C0085580,,,,
TP,magnesium sulfate,Eclampsia in pregnancy,승인,NA,Approved,,DB00653,C0156677,,,,
TP,magnesium sulfate,Hypomagnesemia,승인,NA,Approved,,DB00653,C0151723,,,,
TP,magnesium sulfate,Mild pre-eclampsia,승인,NA,Approved,,DB00653,C0269658,,,,
TP,magnesium sulfate,Severe pre-eclampsia,승인,NA,Approved,,DB00653,C0341950,,,,
TP,magnesium sulfate,Incomplete passage of stool,승인,NA,Approved,,DB00653,C0426639,,,,
TP,magnesium sulfate,Constipation,승인,NA,Approved,,DB00653,C0009806,,,,
TP,magnesium oxide,Incomplete passage of stool,승인,NA,Approved,,DB01377,C0426639,,,,
TP,magnesium oxide,Hypocalcemia,승인,NA,Approved,,DB01377,C0020598,,,,
TP,magnesium oxide,"Osteoporosis, Postmenopausal",승인,NA,Approved,,DB01377,C0029458,,,,
TP,magnesium oxide,Constipation,승인,NA,Approved,,DB01377,C0009806,,,,
TP,magnesium oxide,Osteoporosis,승인,NA,Approved,,DB01377,C0029456,,,,
TP,magnesium oxide,Dyspepsia,승인,NA,Approved,,DB01377,C0013395,,,,
TP,magnesium oxide,Hypomagnesemia,승인,NA,Approved,,DB01377,C0151723,,,,
TP,potassium iodide,Coughing,승인,NA,Approved,,DB06715,C0010200,,,,
TP,potassium iodide,Common Cold,승인,NA,Approved,,DB06715,C0009443,,,,
TP,potassium iodide,Nasal congestion (finding),승인,NA,Approved,,DB06715,C0027424,,,,
TP,potassium iodide,Rhinorrhea,승인,NA,Approved,,DB06715,C1260880,,,,
TP,potassium iodide,Allergic rhinitis (disorder),승인,NA,Approved,,DB06715,C2607914,,,,
TP,apixaban,Arterial embolus and thrombosis,승인,NA,Approved,,DB06605,C0155749,,,,
TP,cobicistat,HIV Infections,승인,NA,Approved,,DB09065,C0019693,,,,
TP,aceclofenac,Rheumatoid Arthritis,승인,NA,Approved,,DB06736,C0003873,,,,
TP,aceclofenac,Ankylosing spondylitis,승인,NA,Approved,,DB06736,C0038013,,,,
TP,aceclofenac,Degenerative polyarthritis,승인,NA,Approved,,DB06736,C0029408,,,,
TP,aceclofenac,Periarthritis of shoulder,승인,NA,Approved,,DB06736,C1306835,,,,
TP,aceclofenac,Back Pain,승인,NA,Approved,,DB06736,C0004604,,,,
TP,elvitegravir,HIV Infections,승인,NA,Approved,,DB09101,C0019693,,,,
TP,glycopyrronium bromide,Peptic Ulcer,승인,NA,Approved,,DB00986,C0030920,,,,
TP,glycopyrronium bromide,Sialorrhea,승인,NA,Approved,,DB00986,C0037036,,,,
TP,glycopyrronium bromide,Chronic Obstructive Airway Disease,승인,NA,Approved,,DB00986,C0024117,,,,
TP,glycopyrronium bromide,Hyperhidrosis of axilla,승인,NA,Approved,,DB00986,C0580182,,,,
TP,dapagliflozin,"Diabetes Mellitus, Non-Insulin-Dependent",승인,NA,Approved,,DB06292,C0011860,,,,
TP,dapagliflozin,Chronic Kidney Diseases,승인,NA,Approved,,DB06292,C1561643,,,,
TP,dapagliflozin,Chronic heart failure,승인,NA,Approved,,DB06292,C0264716,,,,
TP,dapagliflozin,"Diabetes Mellitus, Insulin-Dependent",승인,NA,Approved,,DB06292,C0011854,,,,
TP,avanafil,Erectile dysfunction,승인,NA,Approved,,DB06237,C0242350,,,,
TP,sennosides,Constipation,승인,NA,Approved,,DB11365,C0009806,,,,
TP,lasofoxifene,"Osteoporosis, Postmenopausal",승인,NA,Approved,,DB06202,C0029458,,,,
TP,hydroxocobalamin,Vitamin B 12 Deficiency,승인,NA,Approved,,DB00200,C0042847,,,,
TP,hydroxocobalamin,Toxic effect of cyanide,승인,NA,Approved,,DB00200,C0238080,,,,
TP,hydroxocobalamin,"Anemia, Pernicious",승인,NA,Approved,,DB00200,C0002892,,,,
TP,levobunolol,Ocular Hypertension,승인,NA,Approved,,DB01210,C0028840,,,,
TP,levobunolol,"Glaucoma, Open-Angle",승인,NA,Approved,,DB01210,C0017612,,,,
TP,aceclidine,"Glaucoma, Open-Angle",승인,NA,Approved,,DB13262,C0017612,,,,
TP,afatinib,Epidermal growth factor receptor positive non-small cell lung cancer,승인,NA,Approved,,DB08916,C1960925,,,,
TP,bupivacaine,Skin irritation,승인,NA,Approved,,DB00297,C0152030,,,,
TP,bupivacaine,Pruritus,승인,NA,Approved,,DB00297,C0033774,,,,
TP,azilsartan medoxomil,Hypertensive disease,승인,NA,Approved,,DB08822,C0020538,,,,
TP,alum,Heartburn,승인,NA,Approved,,DB09087,C0018834,,,,
TP,alum,Dyspepsia,승인,NA,Approved,,DB09087,C0013395,,,,
TP,alum,Peptic Ulcer,승인,NA,Approved,,DB09087,C0030920,,,,
TP,alum,Gastroesophageal reflux disease,승인,NA,Approved,,DB09087,C0017168,,,,
TP,laropiprant,Dyslipidemias,승인,NA,Approved,,DB11629,C0242339,,,,
TP,pasireotide,Adrenal Gland Hyperfunction,승인,NA,Approved,,DB06663,C0001622,,,,
TP,bupranolol,Glaucoma,승인,NA,Approved,,DB08808,C0017601,,,,
TP,bupranolol,Hypertensive disease,승인,NA,Approved,,DB08808,C0020538,,,,
TP,bazedoxifene,"Osteoporosis, Postmenopausal",승인,NA,Approved,,DB06401,C0029458,,,,
TP,bazedoxifene,Hot flushes,승인,NA,Approved,,DB06401,C0600142,,,,
TP,amifampridine,Lambert-Eaton Myasthenic Syndrome,승인,NA,Approved,,DB11640,C0022972,,,,
TP,ambrisentan,Pulmonary arterial hypertension,승인,NA,Approved,,DB06403,C2973725,,,,
TP,angiotensinamide,Hypotension,승인,NA,Approved,,DB13517,C0020649,,,,
TP,pyronaridine,"Malaria, Falciparum",승인,NA,Approved,,DB12975,C0024535,,,,
TP,pyronaridine,"Malaria, Vivax",승인,NA,Approved,,DB12975,C0024537,,,,
TP,buprenorphine,Opiate Addiction,승인,NA,Approved,,DB00921,C0524662,,,,
TP,buprenorphine,Chronic pain,승인,NA,Approved,,DB00921,C0150055,,,,
TP,buprenorphine,"Postoperative Pain, Acute",승인,NA,Approved,,DB00921,C2215257,,,,
TP,buprenorphine,Severe pain,승인,NA,Approved,,DB00921,C0278140,,,,
TP,alogliptin,"Diabetes Mellitus, Non-Insulin-Dependent",승인,NA,Approved,,DB06203,C0011860,,,,
TP,almasilate,Gastroesophageal reflux disease,승인,NA,Approved,,DB13595,C0017168,,,,
TP,almasilate,Peptic Ulcer,승인,NA,Approved,,DB13595,C0030920,,,,
TP,almasilate,Dyspepsia,승인,NA,Approved,,DB13595,C0013395,,,,
TP,almasilate,Heartburn,승인,NA,Approved,,DB13595,C0018834,,,,
TP,zinc gluconate,Ascorbic Acid Deficiency,승인,NA,Approved,,DB11248,C0003969,,,,
TP,benzathine benzylpenicillin,Group A Streptococcal Infections,승인,NA,Approved,,DB01053,C0554628,,,,
TP,benzathine benzylpenicillin,Erysipelas,승인,NA,Approved,,DB01053,C0014733,,,,
TP,benzathine benzylpenicillin,Scarlet Fever,승인,NA,Approved,,DB01053,C0036285,,,,
TP,benzathine benzylpenicillin,Streptococcal pneumonia,승인,NA,Approved,,DB01053,C0155862,,,,
TP,benzathine benzylpenicillin,Streptococcal Infections,승인,NA,Approved,,DB01053,C0038395,,,,
TP,calcium gluconate,Hypocalcemic tetany,승인,NA,Approved,,DB11126,C0151940,,,,
TP,calcium gluconate,Hypocalcemia,승인,NA,Approved,,DB11126,C0020598,,,,
TP,calcium gluconate,Osteoporosis,승인,NA,Approved,,DB11126,C0029456,,,,
TP,aurothioglucose,Rheumatoid Arthritis,승인,NA,Approved,,DB09121,C0003873,,,,
TP,aurothioglucose,Juvenile arthritis,승인,NA,Approved,,DB09121,C3495559,,,,
TP,bupropion,Nicotine Dependence,승인,NA,Approved,,DB01156,C0028043,,,,
TP,bupropion,Depressive disorder,승인,NA,Approved,,DB01156,C0011581,,,,
TP,bupropion,Major Depressive Disorder,승인,NA,Approved,,DB01156,C1269683,,,,
TP,bupropion,Seasonal Affective Disorder,승인,NA,Approved,,DB01156,C0085159,,,,
TP,bupropion,Obesity,승인,NA,Approved,,DB01156,C0028754,,,,
TP,ammonium chloride,Coughing,승인,NA,Approved,,DB06767,C0010200,,,,
TP,ammonium chloride,Nasal congestion (finding),승인,NA,Approved,,DB06767,C0027424,,,,
TP,ammonium chloride,Common Cold,승인,NA,Approved,,DB06767,C0009443,,,,
TP,ammonium chloride,Rhinorrhea,승인,NA,Approved,,DB06767,C1260880,,,,
TP,bilastine,Urticaria,승인,NA,Approved,,DB11591,C0042109,,,,
TP,bilastine,Allergic rhinitis (disorder),승인,NA,Approved,,DB11591,C2607914,,,,
TP,anidulafungin,Candidiasis of the esophagus,승인,NA,Approved,,DB00362,C0239295,,,,
TP,anidulafungin,Candidemia,승인,NA,Approved,,DB00362,C0877445,,,,
TP,bosutinib,Blast Phase,승인,NA,Approved,,DB06616,C0005699,,,,
TP,chenodiol,Cholelithiasis,승인,NA,Approved,,DB06777,C0008350,,,,
TP,vernakalant,Atrial Fibrillation,승인,NA,Approved,,DB06217,C0004238,,,,
TP,voclosporin,Lupus Nephritis,승인,NA,Approved,,DB11693,C0024143,,,,
TP,buspirone,Generalized Anxiety Disorder,승인,NA,Approved,,DB00490,C0270549,,,,
TP,lorcaserin,Obesity,승인,NA,Approved,,DB04871,C0028754,,,,
TP,busulfan,Philadelphia chromosome positive chronic myelogenous leukemia,승인,NA,Approved,,DB01008,C0279543,,,,
TP,busulfan,Lymphoma,승인,NA,Approved,,DB01008,C0024299,,,,
TP,busulfan,Neuroblastoma,승인,NA,Approved,,DB01008,C0027819,,,,
TP,desvenlafaxine,Major Depressive Disorder,승인,NA,Approved,,DB06700,C1269683,,,,
TP,dapoxetine,Premature Ejaculation,승인,NA,Approved,,DB04884,C0033038,,,,
TP,mirabegron,Bladder muscle dysfunction - overactive,승인,NA,Approved,,DB08893,C0403643,,,,
TP,calcium lactate,Cardiac Arrest,승인,NA,Approved,,DB13231,C0018790,,,,
TP,calcium lactate,Hypermagnesemia,승인,NA,Approved,,DB13231,C0151714,,,,
TP,calcium lactate,Hypocalcemia,승인,NA,Approved,,DB13231,C0020598,,,,
TP,calcium lactate,"Osteoporosis, Postmenopausal",승인,NA,Approved,,DB13231,C0029458,,,,
TP,calcium lactate,Hyperkalemia,승인,NA,Approved,,DB13231,C0020461,,,,
TP,calcium lactate,Hypocalcemic tetany,승인,NA,Approved,,DB13231,C0151940,,,,
TP,calcium lactate,Disorder of electrolytes,승인,NA,Approved,,DB13231,C1704431,,,,
TP,calcium lactate,Osteoporosis,승인,NA,Approved,,DB13231,C0029456,,,,
TP,levofolinic acid,"Anemia, Megaloblastic",승인,NA,Approved,,DB11596,C0002888,,,,
TP,levofolinic acid,Folic Acid Deficiency,승인,NA,Approved,,DB11596,C0016412,,,,
TP,levofolinic acid,Malignant tumor of small intestine,승인,NA,Approved,,DB11596,C0153425,,,,
TP,secbutabarbital,Severe anxiety (panic),승인,NA,Approved,,DB00237,C0231403,,,,
TP,secbutabarbital,Dysuria,승인,NA,Approved,,DB00237,C0013428,,,,
TP,secbutabarbital,Sleeplessness,승인,NA,Approved,,DB00237,C0917801,,,,
TP,cisplatin,Malignant neoplasm of ovary,승인,NA,Approved,,DB00515,C1140680,,,,
TP,clevudine,"Hepatitis B, Chronic",승인,NA,Approved,,DB06683,C0524909,,,,
TP,clopenthixol,Psychotic Disorders,승인,NA,Approved,,DB13841,C0033975,,,,
TP,tegafur,Malignant neoplasm of stomach,승인,NA,Approved,,DB09256,C0024623,,,,
TP,colesevelam,Hypercholesterolemia,승인,NA,Approved,,DB00930,C0020443,,,,
TP,butalbital,Tension Headache,승인,NA,Approved,,DB00241,C0033893,,,,
TP,plerixafor,Multiple Myeloma,승인,NA,Approved,,DB06809,C0026764,,,,
TP,dexchlorpheniramine,Dermatographic urticaria,승인,NA,Approved,,DB13679,C0343065,,,,
TP,dexchlorpheniramine,Allergic Conjunctivitis,승인,NA,Approved,,DB13679,C0009766,,,,
TP,dexchlorpheniramine,Urticaria,승인,NA,Approved,,DB13679,C0042109,,,,
TP,dexchlorpheniramine,Pruritus,승인,NA,Approved,,DB13679,C0033774,,,,
TP,dexchlorpheniramine,Hay fever,승인,NA,Approved,,DB13679,C0018621,,,,
TP,dexchlorpheniramine,Allergic rhinitis (disorder),승인,NA,Approved,,DB13679,C2607914,,,,
TP,dexchlorpheniramine,"Rhinitis, Vasomotor",승인,NA,Approved,,DB13679,C0035460,,,,
TP,diamorphine,Severe pain,승인,NA,Approved,,DB01452,C0278140,,,,
TP,dibromotyrosine,Hyperthyroidism,승인,NA,Approved,,DB07637,C0020550,,,,
TP,candicidin,Candidiasis of vagina,승인,NA,Approved,,DB01152,C0006852,,,,
TP,colistin,Escherichia coli Infections,승인,NA,Approved,,DB00803,C0014836,,,,
TP,colistin,Otitis Externa,승인,NA,Approved,,DB00803,C0029878,,,,
TP,calcium glucoheptonate,Hypermagnesemia,승인,NA,Approved,,DB00326,C0151714,,,,
TP,calcium glucoheptonate,Hyperkalemia,승인,NA,Approved,,DB00326,C0020461,,,,
TP,calcium glucoheptonate,Hypocalcemia,승인,NA,Approved,,DB00326,C0020598,,,,
TP,calcium glucoheptonate,Disorder of electrolytes,승인,NA,Approved,,DB00326,C1704431,,,,
TP,calcium glucoheptonate,Hypocalcemic tetany,승인,NA,Approved,,DB00326,C0151940,,,,
TP,calcium glucoheptonate,Cardiac Arrest,승인,NA,Approved,,DB00326,C0018790,,,,
TP,calcium glycerylphosphate,Hypermagnesemia,승인,NA,Approved,,DB11264,C0151714,,,,
TP,calcium glycerylphosphate,Hypocalcemia,승인,NA,Approved,,DB11264,C0020598,,,,
TP,calcium glycerylphosphate,Cardiac Arrest,승인,NA,Approved,,DB11264,C0018790,,,,
TP,calcium glycerylphosphate,Hypocalcemic tetany,승인,NA,Approved,,DB11264,C0151940,,,,
TP,calcium glycerylphosphate,Hyperkalemia,승인,NA,Approved,,DB11264,C0020461,,,,
TP,calcium glycerylphosphate,Disorder of electrolytes,승인,NA,Approved,,DB11264,C1704431,,,,
TP,aluminium chloride,Hyperhidrosis disorder,승인,NA,Approved,,DB11081,C0020458,,,,
TP,butenafine,Tinea corporis (disorder),승인,NA,Approved,,DB01091,C0040252,,,,
TP,butenafine,Tinea Versicolor,승인,NA,Approved,,DB01091,C0040262,,,,
TP,butenafine,Tinea Pedis,승인,NA,Approved,,DB01091,C0040259,,,,
TP,butenafine,Tinea cruris,승인,NA,Approved,,DB01091,C1384589,,,,
TP,calcium phosphate,Hypocalcemia,승인,NA,Approved,,DB11348,C0020598,,,,
TP,calcium phosphate,Osteoporosis,승인,NA,Approved,,DB11348,C0029456,,,,
TP,calcium phosphate,Breastfeeding (mother),승인,NA,Approved,,DB11348,C1623040,,,,
TP,calcium phosphate,"Osteoporosis, Postmenopausal",승인,NA,Approved,,DB11348,C0029458,,,,
TP,ferric oxide,Iron deficiency anemia,승인,NA,Approved,,DB11576,C0162316,,,,
TP,ferric oxide,Anemia of prematurity,승인,NA,Approved,,DB11576,C0158996,,,,
TP,ferric oxide,Burn injury,승인,NA,Approved,,DB11576,C0006434,,,,
TP,ferric oxide,Arthropod bite wound,승인,NA,Approved,,DB11576,C1444173,,,,
TP,ferric oxide,Injury wounds,승인,NA,Approved,,DB11576,C0043250,,,,
TP,ferric oxide,Exanthema,승인,NA,Approved,,DB11576,C0015230,,,,
TP,ferric oxide,Pruritus,승인,NA,Approved,,DB11576,C0033774,,,,
TP,ferric oxide,Proctitis,승인,NA,Approved,,DB11576,C0033246,,,,
TP,ferric oxide,Rectal pain,승인,NA,Approved,,DB11576,C0034886,,,,
TP,ferric oxide,Hemorrhoids,승인,NA,Approved,,DB11576,C0019112,,,,
TP,carbamide peroxide,Impacted cerumen,승인,NA,Approved,,DB11129,C0021092,,,,
TP,prednisolone sodium phosphate,Uveitis,승인,NA,Approved,,DB14631,C0042164,,,,
TP,prednisolone sodium phosphate,Infective blepharitis,승인,NA,Approved,,DB14631,C0729587,,,,
TP,prednisolone sodium phosphate,Blepharoconjunctivitis,승인,NA,Approved,,DB14631,C0005743,,,,
TP,prednisolone sodium phosphate,Bacterial conjunctivitis,승인,NA,Approved,,DB14631,C0009768,,,,
TP,prednisolone sodium phosphate,Iridocyclitis,승인,NA,Approved,,DB14631,C0022073,,,,
TP,clobetasol propionate,Seborrheic dermatitis,승인,NA,Approved,,DB01013,C0036508,,,,
TP,clobetasol propionate,Contact Dermatitis,승인,NA,Approved,,DB01013,C0011616,,,,
TP,clobetasol propionate,Psoriasis of scalp,승인,NA,Approved,,DB01013,C0406326,,,,
TP,clobetasol propionate,Inflammatory dermatosis,승인,NA,Approved,,DB01013,C3875321,,,,
TP,clobetasol propionate,Scalp Dermatoses,승인,NA,Approved,,DB01013,C0036271,,,,
TP,clobetasol propionate,Nummular eczema,승인,NA,Approved,,DB01013,C0085656,,,,
TP,clobetasol propionate,Chronic small plaque psoriasis,승인,NA,Approved,,DB01013,C0406317,,,,
TP,clobetasol propionate,"Dermatitis, Atopic",승인,NA,Approved,,DB01013,C0011615,,,,
TP,testosterone cypionate,Deficiency of testosterone biosynthesis,승인,NA,Approved,,DB13943,C0342527,,,,
TP,testosterone cypionate,Klinefelter Syndrome,승인,NA,Approved,,DB13943,C0022735,,,,
TP,testosterone cypionate,Cryptorchidism,승인,NA,Approved,,DB13943,C0010417,,,,
TP,testosterone cypionate,Delayed Puberty,승인,NA,Approved,,DB13943,C0034012,,,,
TP,testosterone cypionate,Testicular hypogonadism,승인,NA,Approved,,DB13943,C0151721,,,,
TP,testosterone cypionate,Hot flushes,승인,NA,Approved,,DB13943,C0600142,,,,
TP,testosterone cypionate,Hormone receptor positive malignant neoplasm of breast,승인,NA,Approved,,DB13943,C1562029,,,,
TP,hydrocortisone succinate,Humoral hypercalcemia of malignancy (disorder),승인,NA,Approved,,DB14545,C0149911,,,,
TP,hydrocortisone succinate,"Arthritis, Psoriatic",승인,NA,Approved,,DB14545,C0003872,,,,
TP,hydrocortisone succinate,Synovitis,승인,NA,Approved,,DB14545,C0039103,,,,
TP,hydrocortisone succinate,Psoriasis,승인,NA,Approved,,DB14545,C0033860,,,,
TP,hydrocortisone succinate,Acquired thrombocytopenia,승인,NA,Approved,,DB14545,C0154301,,,,
TP,hydrocortisone succinate,Aspiration pneumonitis,승인,NA,Approved,,DB14545,C1761609,,,,
TP,hydrocortisone succinate,Rheumatoid Arthritis,승인,NA,Approved,,DB14545,C0003873,,,,
TP,hydrocortisone succinate,Exanthema,승인,NA,Approved,,DB14545,C0015230,,,,
TP,hydrocortisone succinate,Thyroiditis,승인,NA,Approved,,DB14545,C0040147,,,,
TP,hydrocortisone succinate,Exfoliative dermatitis,승인,NA,Approved,,DB14545,C0011606,,,,
TP,hydrocortisone succinate,"Arthritis, Gouty",승인,NA,Approved,,DB14545,C0003868,,,,
TP,hydrocortisone succinate,Dermatitis Herpetiformis,승인,NA,Approved,,DB14545,C0011608,,,,
TP,hydrocortisone succinate,Serum Sickness,승인,NA,Approved,,DB14545,C0036830,,,,
TP,hydrocortisone succinate,Cerebral Edema,승인,NA,Approved,,DB14545,C0006114,,,,
TP,hydrocortisone succinate,Autoimmune Diseases,승인,NA,Approved,,DB14545,C0004364,,,,
TP,hydrocortisone succinate,Tendinitis,승인,NA,Approved,,DB14545,C0039503,,,,
TP,hydrocortisone succinate,Angioedema,승인,NA,Approved,,DB14545,C0002994,,,,
TP,hydrocortisone succinate,Mycosis Fungoides,승인,NA,Approved,,DB14545,C0026948,,,,
TP,hydrocortisone succinate,Transplanted organ rejection,승인,NA,Approved,,DB14545,C0345468,,,,
TP,hydrocortisone succinate,Autoimmune hemolytic anemia,승인,NA,Approved,,DB14545,C0002880,,,,
TP,hydrocortisone succinate,Addison Disease,승인,NA,Approved,,DB14545,C0001403,,,,
TP,hydrocortisone succinate,Acute lymphocytic leukemia,승인,NA,Approved,,DB14545,C0023449,,,,
TP,hydrocortisone succinate,Asthma,승인,NA,Approved,,DB14545,C0004096,,,,
TP,hydrocortisone succinate,Disorder of eye,승인,NA,Approved,,DB14545,C0015397,,,,
TP,hydrocortisone succinate,Adrenal cortical hypofunction,승인,NA,Approved,,DB14545,C0405580,,,,
TP,hydrocortisone succinate,Nephrotic Syndrome,승인,NA,Approved,,DB14545,C0027726,,,,
TP,hydrocortisone succinate,Inflammatory Bowel Diseases,승인,NA,Approved,,DB14545,C0021390,,,,
TP,hydrocortisone succinate,Laryngeal Edema,승인,NA,Approved,,DB14545,C0023052,,,,
TP,hydrocortisone succinate,Berylliosis,승인,NA,Approved,,DB14545,C0005138,,,,
TP,hydrocortisone succinate,"Lupus Erythematosus, Systemic",승인,NA,Approved,,DB14545,C0024141,,,,
TP,hydrocortisone succinate,Musculoskeletal Diseases,승인,NA,Approved,,DB14545,C0026857,,,,
TP,hydrocortisone succinate,"Anemia, Diamond-Blackfan",승인,NA,Approved,,DB14545,C1260899,,,,
TP,hydrocortisone succinate,Hodgkin Disease,승인,NA,Approved,,DB14545,C0019829,,,,
TP,hydrocortisone succinate,Tenosynovitis,승인,NA,Approved,,DB14545,C0039520,,,,
TP,hydrocortisone succinate,Adrenogenital disorder,승인,NA,Approved,,DB14545,C0701163,,,,
TP,hydrocortisone succinate,Allergic rhinitis (disorder),승인,NA,Approved,,DB14545,C2607914,,,,
TP,hydrocortisone succinate,Contact Dermatitis,승인,NA,Approved,,DB14545,C0011616,,,,
TP,hydrocortisone succinate,Addisonian crisis,승인,NA,Approved,,DB14545,C0151467,,,,
TP,hydrocortisone succinate,Erythema Multiforme,승인,NA,Approved,,DB14545,C0014742,,,,
TP,hydrocortisone succinate,Rheumatic Heart Disease,승인,NA,Approved,,DB14545,C0035439,,,,
TP,hydrocortisone succinate,Simple Pulmonary Eosinophilia,승인,NA,Approved,,DB14545,C0242459,,,,
TP,hydrocortisone succinate,Sarcoidosis,승인,NA,Approved,,DB14545,C0036202,,,,
TP,hydrocortisone succinate,"Dermatitis, Atopic",승인,NA,Approved,,DB14545,C0011615,,,,
TP,hydrocortisone succinate,Ankylosing spondylitis,승인,NA,Approved,,DB14545,C0038013,,,,
TP,hydrocortisone succinate,Trichinellosis,승인,NA,Approved,,DB14545,C0040896,,,,
TP,hydrocortisone succinate,Post traumatic osteoarthritis,승인,NA,Approved,,DB14545,C2894027,,,,
TP,hydrocortisone succinate,Multiple Sclerosis,승인,NA,Approved,,DB14545,C0026769,,,,
TP,hydrocortisone succinate,Bursitis,승인,NA,Approved,,DB14545,C0006444,,,,
TP,hydrocortisone succinate,Crohn Disease,승인,NA,Approved,,DB14545,C0010346,,,,
TP,hydrocortisone succinate,Pemphigus,승인,NA,Approved,,DB14545,C0030807,,,,
TP,procaine benzylpenicillin,Gingivostomatitis,승인,NA,Approved,,DB09320,C0149704,,,,
TP,procaine benzylpenicillin,Streptococcal tonsillitis,승인,NA,Approved,,DB09320,C0275804,,,,
TP,procaine benzylpenicillin,"Syphilis, tertiary",승인,NA,Approved,,DB09320,C0153188,,,,
TP,procaine benzylpenicillin,Pharyngitis,승인,NA,Approved,,DB09320,C0031350,,,,
TP,procaine benzylpenicillin,Group A Streptococcal Infections,승인,NA,Approved,,DB09320,C0554628,,,,
TP,procaine benzylpenicillin,Diphtheria,승인,NA,Approved,,DB09320,C0012546,,,,
TP,procaine benzylpenicillin,"Syphilis, secondary",승인,NA,Approved,,DB09320,C0149985,,,,
TP,procaine benzylpenicillin,Acute otitis media,승인,NA,Approved,,DB09320,C0271429,,,,
TP,procaine benzylpenicillin,Streptococcal Infections,승인,NA,Approved,,DB09320,C0038395,,,,
TP,procaine benzylpenicillin,Streptococcal pneumonia,승인,NA,Approved,,DB09320,C0155862,,,,
TP,procaine benzylpenicillin,Fusospirochetal pharyngitis,승인,NA,Approved,,DB09320,C1318559,,,,
TP,procaine benzylpenicillin,"Syphilis, Latent",승인,NA,Approved,,DB09320,C0039133,,,,
TP,procaine benzylpenicillin,Scarlet Fever,승인,NA,Approved,,DB09320,C0036285,,,,
TP,procaine benzylpenicillin,Neurosyphilis,승인,NA,Approved,,DB09320,C0027927,,,,
TP,procaine benzylpenicillin,Bejel,승인,NA,Approved,,DB09320,C0004945,,,,
TP,procaine benzylpenicillin,Bacterial Endocarditis,승인,NA,Approved,,DB09320,C0014121,,,,
TP,procaine benzylpenicillin,Primary genital syphilis,승인,NA,Approved,,DB09320,C0017418,,,,
TP,procaine benzylpenicillin,Rat-Bite Fever,승인,NA,Approved,,DB09320,C0034686,,,,
TP,procaine benzylpenicillin,Anthrax disease,승인,NA,Approved,,DB09320,C0003175,,,,
TP,procaine benzylpenicillin,Infection due to Erysipelothrix rhusiopathiae (disorder),승인,NA,Approved,,DB09320,C1276801,,,,
TP,procaine benzylpenicillin,"Syphilis, Congenital",승인,NA,Approved,,DB09320,C0039131,,,,
TP,procaine benzylpenicillin,Pinta,승인,NA,Approved,,DB09320,C0031946,,,,
TP,procaine benzylpenicillin,Erysipelas,승인,NA,Approved,,DB09320,C0014733,,,,
TP,procaine benzylpenicillin,Yaws,승인,NA,Approved,,DB09320,C0043388,,,,
TP,procaine benzylpenicillin,Syphilis,승인,NA,Approved,,DB09320,C0039128,,,,
TP,procaine benzylpenicillin,Staphylococcus aureus infection,승인,NA,Approved,,DB09320,C1318973,,,,
TP,esketamine,Depressive disorder,승인,NA,Approved,,DB11823,C0011581,,,,
TP,fosaprepitant,Chemotherapy-induced nausea and vomiting,승인,NA,Approved,,DB06717,C0401160,,,,
TP,ammonium lactate,Seborrheic dermatitis,승인,NA,Approved,,DB06768,C0036508,,,,
TP,ammonium lactate,Exanthema,승인,NA,Approved,,DB06768,C0015230,,,,
TP,ammonium lactate,Dry skin,승인,NA,Approved,,DB06768,C0151908,,,,
TP,ammonium lactate,Pruritus Ani,승인,NA,Approved,,DB06768,C0033775,,,,
TP,ammonium lactate,Contact Dermatitis,승인,NA,Approved,,DB06768,C0011616,,,,
TP,ammonium lactate,Pruritus,승인,NA,Approved,,DB06768,C0033774,,,,
TP,ammonium lactate,Pruritus of genital organs,승인,NA,Approved,,DB06768,C0033777,,,,
TP,ammonium lactate,"Dermatitis, Atopic",승인,NA,Approved,,DB06768,C0011615,,,,
TP,ammonium lactate,Granuloma Annulare,승인,NA,Approved,,DB06768,C0085074,,,,
TP,sodium citrate,Common Cold,승인,NA,Approved,,DB09154,C0009443,,,,
TP,sodium citrate,Peptic Ulcer,승인,NA,Approved,,DB09154,C0030920,,,,
TP,sodium citrate,Gastroesophageal reflux disease,승인,NA,Approved,,DB09154,C0017168,,,,
TP,sodium citrate,Dyspepsia,승인,NA,Approved,,DB09154,C0013395,,,,
TP,sodium citrate,Coughing,승인,NA,Approved,,DB09154,C0010200,,,,
TP,sodium citrate,Rhinitis,승인,NA,Approved,,DB09154,C0035455,,,,
TP,sodium citrate,Heartburn,승인,NA,Approved,,DB09154,C0018834,,,,
TP,sodium citrate,Nasal congestion (finding),승인,NA,Approved,,DB09154,C0027424,,,,
TP,sodium citrate,Rhinorrhea,승인,NA,Approved,,DB09154,C1260880,,,,
TP,calcium citrate,Hypocalcemia,승인,NA,Approved,,DB11093,C0020598,,,,
TP,calcium citrate,Osteoporosis,승인,NA,Approved,,DB11093,C0029456,,,,
TP,calcium citrate,"Osteoporosis, Postmenopausal",승인,NA,Approved,,DB11093,C0029458,,,,
TP,carfilzomib,Multiple Myeloma,승인,NA,Approved,,DB08889,C0026764,,,,
TP,carfilzomib,Relapse multiple myeloma,승인,NA,Approved,,DB08889,C2349261,,,,
TP,aclidinium bromide,Chronic Obstructive Airway Disease,승인,NA,Approved,,DB08897,C0024117,,,,
TP,diflorasone diacetate,Pruritus Ani,승인,NA,Approved,,DB00223,C0033775,,,,
TP,diflorasone diacetate,Granuloma Annulare,승인,NA,Approved,,DB00223,C0085074,,,,
TP,diflorasone diacetate,Chronic small plaque psoriasis,승인,NA,Approved,,DB00223,C0406317,,,,
TP,diflorasone diacetate,Exanthema,승인,NA,Approved,,DB00223,C0015230,,,,
TP,diflorasone diacetate,Pruritus of genital organs,승인,NA,Approved,,DB00223,C0033777,,,,
TP,diflorasone diacetate,"Lymphoma, T-Cell, Cutaneous",승인,NA,Approved,,DB00223,C0079773,,,,
TP,diflorasone diacetate,Chronic discoid lupus erythematosus,승인,NA,Approved,,DB00223,C0024138,,,,
TP,diflorasone diacetate,Lichen Simplex Chronicus,승인,NA,Approved,,DB00223,C0149922,,,,
TP,diflorasone diacetate,Contact Dermatitis,승인,NA,Approved,,DB00223,C0011616,,,,
TP,diflorasone diacetate,Psoriasis of scalp,승인,NA,Approved,,DB00223,C0406326,,,,
TP,diflorasone diacetate,Seborrheic dermatitis,승인,NA,Approved,,DB00223,C0036508,,,,
TP,diflorasone diacetate,"Dermatitis, Atopic",승인,NA,Approved,,DB00223,C0011615,,,,
TP,taurine,MELAS Syndrome,승인,NA,Approved,,DB01956,C0162671,,,,
TP,sodium polystyrene sulfonate,Hyperkalemia,승인,NA,Approved,,DB01344,C0020461,,,,
TP,butobarbital,Sleeplessness,승인,NA,Approved,,DB01353,C0917801,,,,
TP,butobarbital,Severe anxiety (panic),승인,NA,Approved,,DB01353,C0231403,,,,
TP,ferrous gluconate,Iron deficiency anemia,승인,NA,Approved,,DB14488,C0162316,,,,
TP,ferrous gluconate,Anemia of prematurity,승인,NA,Approved,,DB14488,C0158996,,,,
TP,alclometasone dipropionate,Contact Dermatitis,승인,NA,Approved,,DB00240,C0011616,,,,
TP,alclometasone dipropionate,Exanthema,승인,NA,Approved,,DB00240,C0015230,,,,
TP,alclometasone dipropionate,"Lymphoma, T-Cell, Cutaneous",승인,NA,Approved,,DB00240,C0079773,,,,
TP,alclometasone dipropionate,Chronic small plaque psoriasis,승인,NA,Approved,,DB00240,C0406317,,,,
TP,alclometasone dipropionate,Pruritus Ani,승인,NA,Approved,,DB00240,C0033775,,,,
TP,alclometasone dipropionate,Lichen Simplex Chronicus,승인,NA,Approved,,DB00240,C0149922,,,,
TP,alclometasone dipropionate,"Dermatitis, Atopic",승인,NA,Approved,,DB00240,C0011615,,,,
TP,alclometasone dipropionate,Granuloma Annulare,승인,NA,Approved,,DB00240,C0085074,,,,
TP,alclometasone dipropionate,Seborrheic dermatitis,승인,NA,Approved,,DB00240,C0036508,,,,
TP,alclometasone dipropionate,Psoriasis of scalp,승인,NA,Approved,,DB00240,C0406326,,,,
TP,alclometasone dipropionate,Chronic discoid lupus erythematosus,승인,NA,Approved,,DB00240,C0024138,,,,
TP,alclometasone dipropionate,Pruritus of genital organs,승인,NA,Approved,,DB00240,C0033777,,,,
TP,aluminium chlorohydrate,Hyperhidrosis disorder,승인,NA,Approved,,DB11573,C0020458,,,,
TP,haloperidol decanoate,Chronic schizophrenia,승인,NA,Approved,,DB00502,C0221765,,,,
TP,estradiol acetate,Atrophic Vaginitis,승인,NA,Approved,,DB13952,C0221392,,,,
TP,paliperidone palmitate,Schizophrenia,승인,NA,Approved,,DB01267,C0036341,,,,
TP,butoconazole,"Candidiasis, Vulvovaginal",승인,NA,Approved,,DB00639,C0700345,,,,
TP,armodafinil,Narcolepsy,승인,NA,Approved,,DB06413,C0027404,,,,
TP,choline fenofibrate,Hypertriglyceridemia,승인,NA,Approved,,DB13873,C0020557,,,,
TP,choline fenofibrate,"Hyperlipidemia, Familial Combined",승인,NA,Approved,,DB13873,C0020474,,,,
TP,choline fenofibrate,Familial hypercholesterolemia - heterozygous,승인,NA,Approved,,DB13873,C0342882,,,,
TP,choline fenofibrate,Hyperlipidemia,승인,NA,Approved,,DB13873,C0020473,,,,
TP,choline fenofibrate,Hypercholesterolemia,승인,NA,Approved,,DB13873,C0020443,,,,
TP,choline fenofibrate,Hypoalphalipoproteinemias,승인,NA,Approved,,DB13873,C0473527,,,,
TP,halcinonide,"Lymphoma, T-Cell, Cutaneous",승인,NA,Approved,,DB06786,C0079773,,,,
TP,halcinonide,Chronic discoid lupus erythematosus,승인,NA,Approved,,DB06786,C0024138,,,,
TP,halcinonide,Lichen Simplex Chronicus,승인,NA,Approved,,DB06786,C0149922,,,,
TP,halcinonide,Seborrheic dermatitis,승인,NA,Approved,,DB06786,C0036508,,,,
TP,halcinonide,Exanthema,승인,NA,Approved,,DB06786,C0015230,,,,
TP,halcinonide,Contact Dermatitis,승인,NA,Approved,,DB06786,C0011616,,,,
TP,halcinonide,Pruritus Ani,승인,NA,Approved,,DB06786,C0033775,,,,
TP,halcinonide,Pruritus of genital organs,승인,NA,Approved,,DB06786,C0033777,,,,
TP,halcinonide,"Dermatitis, Atopic",승인,NA,Approved,,DB06786,C0011615,,,,
TP,halcinonide,Granuloma Annulare,승인,NA,Approved,,DB06786,C0085074,,,,
TP,halcinonide,Chronic small plaque psoriasis,승인,NA,Approved,,DB06786,C0406317,,,,
TP,halcinonide,Psoriasis of scalp,승인,NA,Approved,,DB06786,C0406326,,,,
TP,magnesium salicylate,Back Pain,승인,NA,Approved,,DB01397,C0004604,,,,
TP,magnesium salicylate,Rheumatoid Arthritis,승인,NA,Approved,,DB01397,C0003873,,,,
TP,magnesium salicylate,Fever,승인,NA,Approved,,DB01397,C0015967,,,,
TP,magnesium salicylate,Pain,승인,NA,Approved,,DB01397,C0030193,,,,
TP,magnesium salicylate,Degenerative polyarthritis,승인,NA,Approved,,DB01397,C0029408,,,,
TP,magnesium salicylate,Dysmenorrhea,승인,NA,Approved,,DB01397,C0013390,,,,
TP,magnesium salicylate,Synovitis,승인,NA,Approved,,DB01397,C0039103,,,,
TP,magnesium salicylate,Arthralgia,승인,NA,Approved,,DB01397,C0003862,,,,
TP,magnesium salicylate,Bursitis,승인,NA,Approved,,DB01397,C0006444,,,,
TP,magnesium salicylate,Headache Disorders,승인,NA,Approved,,DB01397,C0393735,,,,
TP,lithium citrate,Bipolar Disorder,승인,NA,Approved,,DB14507,C0005586,,,,
TP,lithium citrate,"Bipolar affective disorder, current episode manic",승인,NA,Approved,,DB14507,C0338873,,,,
TP,lithium citrate,Bipolar disorder in remission,승인,NA,Approved,,DB14507,C0270425,,,,
TP,magnesium silicate,Dyspepsia,승인,NA,Approved,,DB13249,C0013395,,,,
TP,magnesium silicate,Peptic Ulcer,승인,NA,Approved,,DB13249,C0030920,,,,
TP,magnesium silicate,Gastroesophageal reflux disease,승인,NA,Approved,,DB13249,C0017168,,,,
TP,magnesium silicate,Heartburn,승인,NA,Approved,,DB13249,C0018834,,,,
TP,teriparatide,"Osteoporosis, Postmenopausal",승인,NA,Approved,,DB06285,C0029458,,,,
TP,magnesium gluconate,Dyspepsia,승인,NA,Approved,,DB13749,C0013395,,,,
TP,magnesium gluconate,Incomplete passage of stool,승인,NA,Approved,,DB13749,C0426639,,,,
TP,magnesium gluconate,Hypomagnesemia,승인,NA,Approved,,DB13749,C0151723,,,,
TP,magnesium gluconate,Constipation,승인,NA,Approved,,DB13749,C0009806,,,,
TP,tetracosactide,Adrenal cortical hypofunction,승인,NA,Approved,,DB01284,C0405580,,,,
TP,magnesium aspartate,Hypokalemia,승인,NA,Approved,,DB13359,C0020621,,,,
TP,magnesium aspartate,Incomplete passage of stool,승인,NA,Approved,,DB13359,C0426639,,,,
TP,magnesium aspartate,Constipation,승인,NA,Approved,,DB13359,C0009806,,,,
TP,magnesium aspartate,Hypomagnesemia,승인,NA,Approved,,DB13359,C0151723,,,,
TP,magnesium aspartate,Dyspepsia,승인,NA,Approved,,DB13359,C0013395,,,,
TP,potassium citrate,Hypokalemia,승인,NA,Approved,,DB09125,C0020621,,,,
TP,potassium citrate,Calcium renal calculus,승인,NA,Approved,,DB09125,C1959799,,,,
TP,potassium citrate,Renal tubular acidosis,승인,NA,Approved,,DB09125,C0001126,,,,
TP,potassium citrate,Uric acid renal calculus,승인,NA,Approved,,DB09125,C0558595,,,,
TP,potassium hydrogencarbonate,Peptic Ulcer,승인,NA,Approved,,DB11098,C0030920,,,,
TP,potassium hydrogencarbonate,Hypokalemia,승인,NA,Approved,,DB11098,C0020621,,,,
TP,potassium hydrogencarbonate,Heartburn,승인,NA,Approved,,DB11098,C0018834,,,,
TP,potassium hydrogencarbonate,Gastroesophageal reflux disease,승인,NA,Approved,,DB11098,C0017168,,,,
TP,potassium hydrogencarbonate,Dyspepsia,승인,NA,Approved,,DB11098,C0013395,,,,
TP,carbaldrate,Gastroesophageal reflux disease,승인,NA,Approved,,DB15825,C0017168,,,,
TP,carbaldrate,Peptic Ulcer,승인,NA,Approved,,DB15825,C0030920,,,,
TP,carbaldrate,Dyspepsia,승인,NA,Approved,,DB15825,C0013395,,,,
TP,carbaldrate,Heartburn,승인,NA,Approved,,DB15825,C0018834,,,,
TP,quinine,"Malaria, Falciparum",승인,NA,Approved,,DB00468,C0024535,,,,
TP,potassium gluconate,Hypokalemia,승인,NA,Approved,,DB13620,C0020621,,,,
TP,ferric citrate,Hyperphosphatemia (disorder),승인,NA,Approved,,DB14520,C0085681,,,,
TP,ferric citrate,Iron deficiency anemia,승인,NA,Approved,,DB14520,C0162316,,,,
TP,butorphanol,Pain,승인,NA,Approved,,DB00611,C0030193,,,,
TP,butorphanol,Labor Pain,승인,NA,Approved,,DB00611,C0474368,,,,
TP,flumetasone,Seborrheic dermatitis,승인,NA,Approved,,DB00663,C0036508,,,,
TP,flumetasone,Chronic small plaque psoriasis,승인,NA,Approved,,DB00663,C0406317,,,,
TP,flumetasone,Chronic discoid lupus erythematosus,승인,NA,Approved,,DB00663,C0024138,,,,
TP,flumetasone,Pruritus of genital organs,승인,NA,Approved,,DB00663,C0033777,,,,
TP,flumetasone,Exanthema,승인,NA,Approved,,DB00663,C0015230,,,,
TP,flumetasone,"Lymphoma, T-Cell, Cutaneous",승인,NA,Approved,,DB00663,C0079773,,,,
TP,flumetasone,Granuloma Annulare,승인,NA,Approved,,DB00663,C0085074,,,,
TP,flumetasone,Psoriasis of scalp,승인,NA,Approved,,DB00663,C0406326,,,,
TP,flumetasone,Contact Dermatitis,승인,NA,Approved,,DB00663,C0011616,,,,
TP,flumetasone,Lichen Simplex Chronicus,승인,NA,Approved,,DB00663,C0149922,,,,
TP,flumetasone,Pruritus Ani,승인,NA,Approved,,DB00663,C0033775,,,,
TP,flumetasone,"Dermatitis, Atopic",승인,NA,Approved,,DB00663,C0011615,,,,
TP,butriptyline,Depressive disorder,승인,NA,Approved,,DB09016,C0011581,,,,
TP,fluticasone furoate,Asthma,승인,NA,Approved,,DB08906,C0004096,,,,
TP,fluticasone furoate,Allergic rhinitis (disorder),승인,NA,Approved,,DB08906,C2607914,,,,
TP,fluticasone furoate,Chronic Obstructive Airway Disease,승인,NA,Approved,,DB08906,C0024117,,,,
TP,fluticasone furoate,Pulmonary Emphysema,승인,NA,Approved,,DB08906,C0034067,,,,
TP,fluticasone furoate,"Bronchitis, Chronic",승인,NA,Approved,,DB08906,C0008677,,,,
TP,butropium,Gastritis,승인,NA,Approved,,DB15968,C0017152,,,,
TP,gepirone,Major Depressive Disorder,승인,NA,Approved,,DB12184,C1269683,,,,
TP,hematin,Megaloblastic anemia due to folate deficiency,승인,NA,Approved,,DB13387,C0151482,,,,
TP,hematin,Iron deficiency anemia,승인,NA,Approved,,DB13387,C0162316,,,,
TP,sodium oxybate,Narcolepsy-Cataplexy Syndrome,승인,NA,Approved,,DB09072,C0751362,,,,
TP,sodium oxybate,Narcolepsy,승인,NA,Approved,,DB09072,C0027404,,,,
TP,indigo carmine,diagnostic cystoscopy revealed bullous edema of both ureteral orifices,승인,NA,Approved,,DB11577,C2957169,,,,
TP,scopolamine butylbromide,Gastric spasm (disorder),승인,NA,Approved,,DB09300,C0581358,,,,
TP,levomethadone,Opiate Addiction,승인,NA,Approved,,DB13515,C0524662,,,,
TP,magnesium lactate,Incomplete passage of stool,승인,NA,Approved,,DB14515,C0426639,,,,
TP,magnesium lactate,Dyspepsia,승인,NA,Approved,,DB14515,C0013395,,,,
TP,magnesium lactate,Hypomagnesemia,승인,NA,Approved,,DB14515,C0151723,,,,
TP,magnesium lactate,Constipation,승인,NA,Approved,,DB14515,C0009806,,,,
TP,cabergoline,Hyperprolactinemia,승인,NA,Approved,,DB00248,C0020514,,,,
TP,cobalamin,Toxic effect of cyanide,승인,NA,Approved,,DB14098,C0238080,,,,
TP,cobalamin,Vitamin B 12 Deficiency,승인,NA,Approved,,DB14098,C0042847,,,,
TP,cobalamin,"Anemia, Pernicious",승인,NA,Approved,,DB14098,C0002892,,,,
TP,tonzonium,Otitis Externa,승인,NA,Approved,,DB09552,C0029878,,,,
TP,clocortolone pivalate,Psoriasis of scalp,승인,NA,Approved,,DB00838,C0406326,,,,
TP,clocortolone pivalate,Seborrheic dermatitis,승인,NA,Approved,,DB00838,C0036508,,,,
TP,clocortolone pivalate,Pruritus Ani,승인,NA,Approved,,DB00838,C0033775,,,,
TP,clocortolone pivalate,"Dermatitis, Atopic",승인,NA,Approved,,DB00838,C0011615,,,,
TP,clocortolone pivalate,Lichen Simplex Chronicus,승인,NA,Approved,,DB00838,C0149922,,,,
TP,clocortolone pivalate,Contact Dermatitis,승인,NA,Approved,,DB00838,C0011616,,,,
TP,clocortolone pivalate,Chronic small plaque psoriasis,승인,NA,Approved,,DB00838,C0406317,,,,
TP,clocortolone pivalate,"Lymphoma, T-Cell, Cutaneous",승인,NA,Approved,,DB00838,C0079773,,,,
TP,clocortolone pivalate,Pruritus of genital organs,승인,NA,Approved,,DB00838,C0033777,,,,
TP,clocortolone pivalate,Chronic discoid lupus erythematosus,승인,NA,Approved,,DB00838,C0024138,,,,
TP,clocortolone pivalate,Exanthema,승인,NA,Approved,,DB00838,C0015230,,,,
TP,clocortolone pivalate,Granuloma Annulare,승인,NA,Approved,,DB00838,C0085074,,,,
TP,ubidecarenone,Congestive heart failure,승인,NA,Approved,,DB09270,C0018802,,,,
TP,testosterone enantate,Testicular hypogonadism,승인,NA,Approved,,DB13944,C0151721,,,,
TP,testosterone enantate,Klinefelter Syndrome,승인,NA,Approved,,DB13944,C0022735,,,,
TP,testosterone enantate,Hormone receptor positive malignant neoplasm of breast,승인,NA,Approved,,DB13944,C1562029,,,,
TP,testosterone enantate,Deficiency of testosterone biosynthesis,승인,NA,Approved,,DB13944,C0342527,,,,
TP,testosterone enantate,Cryptorchidism,승인,NA,Approved,,DB13944,C0010417,,,,
TP,testosterone enantate,Delayed Puberty,승인,NA,Approved,,DB13944,C0034012,,,,
TP,testosterone enantate,Hot flushes,승인,NA,Approved,,DB13944,C0600142,,,,
TP,polidocanol,Varicosity,승인,NA,Approved,,DB06811,C0042345,,,,
TP,methylnaltrexone,Therapeutic opioid induced constipation,승인,NA,Approved,,DB06800,C3874358,,,,
TP,levomefolic acid,Acne Vulgaris,승인,NA,Approved,,DB11256,C0001144,,,,
TP,levomefolic acid,Premenstrual Dysphoric Disorder,승인,NA,Approved,,DB11256,C0520676,,,,
TP,linaclotide,Irritable Bowel Syndrome,승인,NA,Approved,,DB08890,C0022104,,,,
TP,linaclotide,Irritable bowel syndrome characterized by constipation,승인,NA,Approved,,DB08890,C1868889,,,,
TP,linaclotide,Chronic idiopathic constipation,승인,NA,Approved,,DB08890,C0267509,,,,
TP,spinosad,Pediculus capitis infestation,승인,NA,Approved,,DB08823,C0030757,,,,
TP,phenylacetic acid,Hyperammonemia (disorder),승인,NA,Approved,,DB09269,C0220994,,,,
TP,ammonia,Scurfiness of scalp,승인,NA,Approved,,DB11118,C0423775,,,,
TP,ammonia,Acne Vulgaris,승인,NA,Approved,,DB11118,C0001144,,,,
TP,ammonia,Seborrheic dermatitis,승인,NA,Approved,,DB11118,C0036508,,,,
TP,ammonia,Disorder of keratinization,승인,NA,Approved,,DB11118,C0475811,,,,
TP,ammonia,Psoriasis,승인,NA,Approved,,DB11118,C0033860,,,,
TP,enzalutamide,Malignant neoplasm of prostate,승인,NA,Approved,,DB08899,C0376358,,,,
TP,enzalutamide,Metastasis from malignant tumor of prostate,승인,NA,Approved,,DB08899,C1282496,,,,
TP,caffeine,Headache Disorders,승인,NA,Approved,,DB00201,C0393735,,,,
TP,caffeine,Allergic rhinitis (disorder),승인,NA,Approved,,DB00201,C2607914,,,,
TP,caffeine,Pain,승인,NA,Approved,,DB00201,C0030193,,,,
TP,caffeine,Vascular Headaches,승인,NA,Approved,,DB00201,C0042376,,,,
TP,caffeine,Back Pain,승인,NA,Approved,,DB00201,C0004604,,,,
TP,caffeine,Cluster Headache,승인,NA,Approved,,DB00201,C0009088,,,,
TP,caffeine,Arthralgia,승인,NA,Approved,,DB00201,C0003862,,,,
TP,caffeine,Influenza-like symptoms,승인,NA,Approved,,DB00201,C0392171,,,,
TP,caffeine,Common Cold,승인,NA,Approved,,DB00201,C0009443,,,,
TP,caffeine,Muscle Spasticity,승인,NA,Approved,,DB00201,C0026838,,,,
TP,caffeine,Rhinorrhea,승인,NA,Approved,,DB00201,C1260880,,,,
TP,caffeine,Nasal congestion (finding),승인,NA,Approved,,DB00201,C0027424,,,,
TP,caffeine,Sinus headache,승인,NA,Approved,,DB00201,C0037195,,,,
TP,caffeine,Dysmenorrhea,승인,NA,Approved,,DB00201,C0013390,,,,
TP,caffeine,Tension Headache,승인,NA,Approved,,DB00201,C0033893,,,,
TP,caffeine,Migraine Disorders,승인,NA,Approved,,DB00201,C0149931,,,,
TP,caffeine,Apnea in newborn,승인,NA,Approved,,DB00201,C0232058,,,,
TP,nitroprusside,Hypertensive urgency,승인,NA,Approved,,DB00325,C0745138,,,,
TP,nitroprusside,Decompensated cardiac failure,승인,NA,Approved,,DB00325,C0581377,,,,
TP,nitroprusside,Hypertensive disease,승인,NA,Approved,,DB00325,C0020538,,,,
TP,nitroprusside,Malignant essential hypertension,승인,NA,Approved,,DB00325,C0024588,,,,
TP,nitroprusside,Acute heart failure,승인,NA,Approved,,DB00325,C0264714,,,,
TP,nitroprusside,Acute exacerbation of chronic congestive heart failure,승인,NA,Approved,,DB00325,C3697063,,,,
TP,trabectedin,Malignant neoplasm of ovary,승인,NA,Approved,,DB05109,C1140680,,,,
TP,trabectedin,liposarcoma,승인,NA,Approved,,DB05109,C0023827,,,,
TP,trabectedin,leiomyosarcoma,승인,NA,Approved,,DB05109,C0023269,,,,
TP,teriflunomide,Multiple Sclerosis,승인,NA,Approved,,DB08880,C0026769,,,,
TP,teriflunomide,"Multiple Sclerosis, Relapsing-Remitting",승인,NA,Approved,,DB08880,C0751967,,,,
TP,calcifediol,Hypocalcemia,승인,NA,Approved,,DB00146,C0020598,,,,
TP,calcifediol,Renal Osteodystrophy,승인,NA,Approved,,DB00146,C0035086,,,,
TP,calcifediol,Rickets,승인,NA,Approved,,DB00146,C0035579,,,,
TP,calcifediol,Hypophosphatemia,승인,NA,Approved,,DB00146,C0085682,,,,
TP,levmetamfetamine,Nasal congestion (finding),승인,NA,Approved,,DB09571,C0027424,,,,
TP,fluorometholone acetate,Rosacea,승인,NA,Approved,,DB00324,C0035854,,,,
TP,fluorometholone acetate,Herpes zoster keratitis,승인,NA,Approved,,DB00324,C1275687,,,,
TP,fluorometholone acetate,Uveitis,승인,NA,Approved,,DB00324,C0042164,,,,
TP,fluorometholone acetate,Corneal Ulcer,승인,NA,Approved,,DB00324,C0010043,,,,
TP,fluorometholone acetate,Iridocyclitis,승인,NA,Approved,,DB00324,C0022073,,,,
TP,fluorometholone acetate,Corneal Abrasions,승인,NA,Approved,,DB00324,C0010032,,,,
TP,fluorometholone acetate,Iritis,승인,NA,Approved,,DB00324,C0022081,,,,
TP,fluorometholone acetate,Punctate keratopathy,승인,NA,Approved,,DB00324,C0423234,,,,
TP,fluorometholone acetate,Allergic Conjunctivitis,승인,NA,Approved,,DB00324,C0009766,,,,
TP,fluorometholone acetate,Cyclitis,승인,NA,Approved,,DB00324,C0010543,,,,
TP,calcipotriene,Psoriasis of scalp,승인,NA,Approved,,DB02300,C0406326,,,,
TP,calcipotriene,Chronic small plaque psoriasis,승인,NA,Approved,,DB02300,C0406317,,,,
TP,chloramphenicol succinate,Salmonella infections,승인,NA,Approved,,DB07565,C0036117,,,,
TP,chloramphenicol succinate,Typhoid Fever,승인,NA,Approved,,DB07565,C0041466,,,,
TP,regorafenib,Liver carcinoma,승인,NA,Approved,,DB08896,C2239176,,,,
TP,regorafenib,Gastrointestinal Stromal Tumors,승인,NA,Approved,,DB08896,C0238198,,,,
TP,regorafenib,metastasis from malignant neoplasm of colon,승인,NA,Approved,,DB08896,C1282500,,,,
TP,calcitriol,Chronic small plaque psoriasis,승인,NA,Approved,,DB00136,C0406317,,,,
TP,calcitriol,Hypocalcemia,승인,NA,Approved,,DB00136,C0020598,,,,
TP,calcitriol,Hypophosphatemia,승인,NA,Approved,,DB00136,C0085682,,,,
TP,calcitriol,Renal Osteodystrophy,승인,NA,Approved,,DB00136,C0035086,,,,
TP,calcitriol,Hypoparathyroidism,승인,NA,Approved,,DB00136,C0020626,,,,
TP,choline magnesium trisalicylate,Degenerative polyarthritis,승인,NA,Approved,,DB01401,C0029408,,,,
TP,choline magnesium trisalicylate,Fever,승인,NA,Approved,,DB01401,C0015967,,,,
TP,choline magnesium trisalicylate,Pain,승인,NA,Approved,,DB01401,C0030193,,,,
TP,choline magnesium trisalicylate,Rheumatoid Arthritis,승인,NA,Approved,,DB01401,C0003873,,,,
TP,benzoin,Disorder of keratinization,승인,NA,Approved,,DB14020,C0475811,,,,
TP,benzoin,Laryngeal papillomatosis,승인,NA,Approved,,DB14020,C0396072,,,,
TP,benzoin,Condylomata Acuminata,승인,NA,Approved,,DB14020,C0009663,,,,
TP,benzoic acid,Dermatomyositis,승인,NA,Approved,,DB03793,C0011633,,,,
TP,benzoic acid,Scleroderma,승인,NA,Approved,,DB03793,C0011644,,,,
TP,benzoic acid,Systemic Scleroderma,승인,NA,Approved,,DB03793,C0036421,,,,
TP,benzoic acid,Morphea,승인,NA,Approved,,DB03793,C1527383,,,,
TP,benzoic acid,Peyronie Disease,승인,NA,Approved,,DB03793,C0030848,,,,
TP,benzoic acid,Pemphigus,승인,NA,Approved,,DB03793,C0030807,,,,
TP,benzoic acid,Hyperammonemia (disorder),승인,NA,Approved,,DB03793,C0220994,,,,
TP,metizoline,Nasal congestion (finding),승인,NA,Approved,,DB13614,C0027424,,,,
TP,obidoxime,Organophosphate poisoning,승인,NA,Approved,,DB13750,C0700359,,,,
TP,omacetaxine mepesuccinate,"Myeloid Leukemia, Chronic",승인,NA,Approved,,DB04865,C0023473,,,,
TP,oritavancin,"Skin Diseases, Bacterial",승인,NA,Approved,,DB04911,C0162627,,,,
TP,oritavancin,Staphylococcal Skin Infections,승인,NA,Approved,,DB04911,C0038166,,,,
TP,oritavancin,Streptococcal infection of skin,승인,NA,Approved,,DB04911,C1274355,,,,
TP,panobinostat,Multiple Myeloma,승인,NA,Approved,,DB06603,C0026764,,,,
TP,panobinostat,"Lymphoma, T-Cell, Cutaneous",승인,NA,Approved,,DB06603,C0079773,,,,
TP,phenothrin,Scabies <infestation>,승인,NA,Approved,,DB13717,C0036262,,,,
TP,phenylmercuric nitrate,Pruritus Ani,승인,NA,Approved,,DB13388,C0033775,,,,
TP,phenylmercuric nitrate,Proctitis,승인,NA,Approved,,DB13388,C0033246,,,,
TP,phenylmercuric nitrate,Rectal pain,승인,NA,Approved,,DB13388,C0034886,,,,
TP,phenylmercuric nitrate,Hemorrhoids,승인,NA,Approved,,DB13388,C0019112,,,,
TP,acemetacin,Rheumatism,승인,NA,Approved,,DB13783,C0035435,,,,
TP,acemetacin,Ankylosing spondylitis,승인,NA,Approved,,DB13783,C0038013,,,,
TP,camphor,Back Pain,승인,NA,Approved,,DB01744,C0004604,,,,
TP,pyrethrins,Infestation by Phthirus pubis,승인,NA,Approved,,DB11087,C0030759,,,,
TP,pyrethrins,Body louse infestation,승인,NA,Approved,,DB11087,C0030758,,,,
TP,pyrethrins,Pediculus capitis infestation,승인,NA,Approved,,DB11087,C0030757,,,,
TP,sodium aurothiomalate,Rheumatoid Arthritis,승인,NA,Approved,,DB09276,C0003873,,,,
TP,sodium aurothiomalate,Juvenile arthritis,승인,NA,Approved,,DB09276,C3495559,,,,
TP,camostat,Gastro-esophageal reflux disease with esophagitis,승인,NA,Approved,,DB13729,C0677659,,,,
TP,stibophen,Schistosomiasis,승인,NA,Approved,,DB13236,C0036323,,,,
TP,tofacitinib,Rheumatoid Arthritis,승인,NA,Approved,,DB08895,C0003873,,,,
TP,tofacitinib,Ulcerative Colitis,승인,NA,Approved,,DB08895,C0009324,,,,
TP,strontium ranelate,"Osteoporosis, Postmenopausal",승인,NA,Approved,,DB09267,C0029458,,,,
TP,cabozantinib,Renal Cell Carcinoma,승인,NA,Approved,,DB08875,C0007134,,,,
TP,cabozantinib,Medullary carcinoma of thyroid,승인,NA,Approved,,DB08875,C0238462,,,,
TP,cabozantinib,Metastatic Renal Cell Cancer,승인,NA,Approved,,DB08875,C0278678,,,,
TP,cabozantinib,Liver carcinoma,승인,NA,Approved,,DB08875,C2239176,,,,
TP,ponatinib,"Myeloid Leukemia, Chronic",승인,NA,Approved,,DB08901,C0023473,,,,
TP,teduglutide,Short Bowel Syndrome,승인,NA,Approved,,DB08900,C0036992,,,,
TP,lomitapide,Homozygous Familial Hypercholesterolemia,승인,NA,Approved,,DB08827,C0342881,,,,
TP,succinimide,Primary Hyperoxaluria,승인,NA,Approved,,DB13376,C0020501,,,,
TP,tacalcitol,Chronic small plaque psoriasis,승인,NA,Approved,,DB13689,C0406317,,,,
TP,tenidap,Rheumatoid Arthritis,승인,NA,Approved,,DB13481,C0003873,,,,
TP,tetramethrin,Pediculus capitis infestation,승인,NA,Approved,,DB13752,C0030757,,,,
TP,tetramethrin,Infestation by Phthirus pubis,승인,NA,Approved,,DB13752,C0030759,,,,
TP,thiocolchicoside,Muscle Spasticity,승인,NA,Approved,,DB11582,C0026838,,,,
TP,thioctic acid,Diabetic peripheral neuropathy,승인,NA,Approved,,DB00166,C0740447,,,,
TP,tyloxapol,"Respiratory Distress Syndrome, Newborn",승인,NA,Approved,,DB06439,C0035220,,,,
TP,bedaquiline,"Tuberculosis, Drug-Resistant",승인,NA,Approved,,DB08903,C0206525,,,,
TP,bedaquiline,"Tuberculosis, Pulmonary",승인,NA,Approved,,DB08903,C0041327,,,,
TP,bleomycin,Malignant tumor of cervix,승인,NA,Approved,,DB00290,C0007847,,,,
TP,bleomycin,Squamous cell carcinoma,승인,NA,Approved,,DB00290,C0007137,,,,
TP,bleomycin,Hodgkin Disease,승인,NA,Approved,,DB00290,C0019829,,,,
TP,bleomycin,Diffuse Large B-Cell Lymphoma,승인,NA,Approved,,DB00290,C0079744,,,,
TP,bleomycin,"Lymphoma, Follicular",승인,NA,Approved,,DB00290,C0024301,,,,
TP,bleomycin,Malignant Head and Neck Neoplasm,승인,NA,Approved,,DB00290,C0278996,,,,
TP,bleomycin,Malignant neoplasm of penis,승인,NA,Approved,,DB00290,C0153601,,,,
TP,bleomycin,FIGO stage finding for vulvar carcinoma,승인,NA,Approved,,DB00290,C1272826,,,,
TP,crofelemer,Non-infective diarrhea,승인,NA,Approved,,DB04941,C0267436,,,,
TP,glycerol phenylbutyrate,"Urea Cycle Disorders, Inborn",승인,NA,Approved,,DB08909,C0154246,,,,
TP,pomalidomide,Multiple Myeloma,승인,NA,Approved,,DB08910,C0026764,,,,
TP,mipomersen,Homozygous Familial Hypercholesterolemia,승인,NA,Approved,,DB05528,C0342881,,,,
TP,quifenadine,Sneezing,승인,NA,Approved,,DB13713,C0037383,,,,
TP,quifenadine,Hay fever,승인,NA,Approved,,DB13713,C0018621,,,,
TP,quifenadine,Allergic Conjunctivitis,승인,NA,Approved,,DB13713,C0009766,,,,
TP,quifenadine,Allergic rhinitis (disorder),승인,NA,Approved,,DB13713,C2607914,,,,
TP,ospemifene,Dyspareunia,승인,NA,Approved,,DB04938,C1384606,,,,
TP,candesartan cilexetil,Hypertensive disease,승인,NA,Approved,,DB00796,C0020538,,,,
TP,candesartan cilexetil,Chronic heart failure,승인,NA,Approved,,DB00796,C0264716,,,,
TP,cetyl alcohol,"Respiratory Distress Syndrome, Newborn",승인,NA,Approved,,DB09494,C0035220,,,,
TP,fomivirsen,Cytomegalovirus Retinitis,승인,NA,Approved,,DB06759,C0206178,,,,
TP,levobetaxolol,"Glaucoma, Open-Angle",승인,NA,Approved,,DB09351,C0017612,,,,
TP,levobetaxolol,Ocular Hypertension,승인,NA,Approved,,DB09351,C0028840,,,,
TP,polaprezinc,Peptic Ulcer,승인,NA,Approved,,DB09221,C0030920,,,,
TP,dimethyl fumarate,"Multiple Sclerosis, Relapsing-Remitting",승인,NA,Approved,,DB08908,C0751967,,,,
TP,dimethyl fumarate,Chronic small plaque psoriasis,승인,NA,Approved,,DB08908,C0406317,,,,
TP,canagliflozin,"Diabetes Mellitus, Non-Insulin-Dependent",승인,NA,Approved,,DB08907,C0011860,,,,
TP,canagliflozin,Chronic kidney disease due to type 2 diabetes mellitus,승인,NA,Approved,,DB08907,C3662038,,,,
TP,hachimycin,Candidiasis,승인,NA,Approved,,DB13302,C0006840,,,,
TP,hachimycin,Trichomonas Infections,승인,NA,Approved,,DB13302,C0040921,,,,
TP,sinecatechins,Condylomata Acuminata,승인,NA,Approved,,DB01266,C0009663,,,,
TP,sinecatechins,Perianal warts,승인,NA,Approved,,DB01266,C0343730,,,,
TP,gramicidin,Bacterial conjunctivitis,승인,NA,Approved,,DB00027,C0009768,,,,
TP,gramicidin,Infective blepharitis,승인,NA,Approved,,DB00027,C0729587,,,,
TP,gramicidin,Blepharoconjunctivitis,승인,NA,Approved,,DB00027,C0005743,,,,
TP,gramicidin,Bacterial keratitis,승인,NA,Approved,,DB00027,C0854211,,,,
TP,vilanterol,Asthma,승인,NA,Approved,,DB09082,C0004096,,,,
TP,vilanterol,"Bronchitis, Chronic",승인,NA,Approved,,DB09082,C0008677,,,,
TP,vilanterol,Pulmonary Emphysema,승인,NA,Approved,,DB09082,C0034067,,,,
TP,vilanterol,Chronic Obstructive Airway Disease,승인,NA,Approved,,DB09082,C0024117,,,,
TP,acenocoumarol,Venous Thrombosis,승인,NA,Approved,,DB01418,C0042487,,,,
TP,capecitabine,metastasis from malignant neoplasm of colon,승인,NA,Approved,,DB01101,C1282500,,,,
TP,capecitabine,Malignant neoplasm of stomach,승인,NA,Approved,,DB01101,C0024623,,,,
TP,radium Ra 223 dichloride,Malignant neoplasm of prostate,승인,NA,Approved,,DB08913,C0376358,,,,
TP,dabrafenib,"Malignant melanoma, metastatic",승인,NA,Approved,,DB08912,C0860594,,,,
TP,dabrafenib,Malignant melanoma with BRAF V600E mutation,승인,NA,Approved,,DB08912,C5394779,,,,
TP,trametinib,Malignant melanoma with BRAF V600E mutation,승인,NA,Approved,,DB08911,C5394779,,,,
TP,trametinib,"Malignant melanoma, metastatic",승인,NA,Approved,,DB08911,C0860594,,,,
TP,palifermin,Mucositis following radiation therapy,승인,NA,Approved,,DB00039,C0392190,,,,
TP,palifermin,Drug-induced mucositis,승인,NA,Approved,,DB00039,C1274988,,,,
TP,dolutegravir,HIV Infections,승인,NA,Approved,,DB08930,C0019693,,,,
TP,vortioxetine,Major Depressive Disorder,승인,NA,Approved,,DB09068,C1269683,,,,
TP,riociguat,Chronic thromboembolic pulmonary hypertension,승인,NA,Approved,,DB08931,C2363973,,,,
TP,riociguat,Pulmonary arterial hypertension,승인,NA,Approved,,DB08931,C2973725,,,,
TP,ipidacrine,Alzheimer's Disease,승인,NA,Approved,,DB13668,C0002395,,,,
TP,macitentan,Pulmonary arterial hypertension,승인,NA,Approved,,DB08932,C2973725,,,,
TP,ibrutinib,Chronic Lymphocytic Leukemia,승인,NA,Approved,,DB09053,C0023434,,,,
TP,ibrutinib,Waldenstrom Macroglobulinemia,승인,NA,Approved,,DB09053,C0024419,,,,
TP,ibrutinib,Chronic graft-versus-host disease,승인,NA,Approved,,DB09053,C0867389,,,,
TP,ibrutinib,Small Lymphocytic Lymphoma,승인,NA,Approved,,DB09053,C0855095,,,,
TP,ibrutinib,Marginal Zone B-Cell Lymphoma,승인,NA,Approved,,DB09053,C1367654,,,,
TP,sofosbuvir,"Hepatitis C, Chronic",승인,NA,Approved,,DB08934,C0524910,,,,
TP,sofosbuvir,Early cirrhosis,승인,NA,Approved,,DB08934,C1299579,,,,
TP,simeprevir,"Hepatitis C, Chronic",승인,NA,Approved,,DB06290,C0524910,,,,
TP,luliconazole,Tinea Pedis,승인,NA,Approved,,DB08933,C0040259,,,,
TP,luliconazole,Tinea cruris,승인,NA,Approved,,DB08933,C1384589,,,,
TP,luliconazole,Tinea corporis (disorder),승인,NA,Approved,,DB08933,C0040252,,,,
TP,olodaterol,Chronic Obstructive Airway Disease,승인,NA,Approved,,DB09080,C0024117,,,,
TP,lixisenatide,"Diabetes Mellitus, Non-Insulin-Dependent",승인,NA,Approved,,DB09265,C0011860,,,,
TP,umeclidinium,Chronic Obstructive Airway Disease,승인,NA,Approved,,DB09076,C0024117,,,,
TP,umeclidinium,Asthma,승인,NA,Approved,,DB09076,C0004096,,,,
TP,umeclidinium,Pulmonary Emphysema,승인,NA,Approved,,DB09076,C0034067,,,,
TP,umeclidinium,"Bronchitis, Chronic",승인,NA,Approved,,DB09076,C0008677,,,,
TP,rifamycin,Traveler's diarrhea,승인,NA,Approved,,DB11753,C0277528,,,,
TP,delamanid,"Tuberculosis, Drug-Resistant",승인,NA,Approved,,DB11637,C0206525,,,,
TP,tasimelteon,Non-24 hour sleep-wake cycle,승인,NA,Approved,,DB09071,C0393772,,,,
TP,laninamivir octanoate hydrate,Influenza,승인,NA,Approved,,DB11888,C0021400,,,,
TP,peramivir,Influenza,승인,NA,Approved,,DB06614,C0021400,,,,
TP,laquinimod,"Multiple Sclerosis, Relapsing-Remitting",승인,NA,Approved,,DB06685,C0751967,,,,
TP,metreleptin,Familial generalized lipodystrophy,승인,NA,Approved,,DB09046,C0221032,,,,
TP,metreleptin,Acquired generalized lipodystrophy,승인,NA,Approved,,DB09046,C0271693,,,,
TP,metreleptin,Acquired partial lipodystrophy,승인,NA,Approved,,DB09046,C0220989,,,,
TP,apremilast,Chronic small plaque psoriasis,승인,NA,Approved,,DB05676,C0406317,,,,
TP,apremilast,"Arthritis, Psoriatic",승인,NA,Approved,,DB05676,C0003872,,,,
TP,apremilast,Behçet's disease affecting oral mucosa,승인,NA,Approved,,DB05676,C1321482,,,,
TP,captodiame,Anxiety Disorders,승인,NA,Approved,,DB09014,C0003469,,,,
TP,empagliflozin,"Diabetes Mellitus, Non-Insulin-Dependent",승인,NA,Approved,,DB09038,C0011860,,,,
TP,empagliflozin,Chronic heart failure,승인,NA,Approved,,DB09038,C0264716,,,,
TP,vintafolide,Malignant epithelial tumor of ovary,승인,NA,Approved,,DB05168,C0346161,,,,
TP,naloxegol,Therapeutic opioid induced constipation,승인,NA,Approved,,DB09049,C3874358,,,,
TP,gemigliptin,"Diabetes Mellitus, Non-Insulin-Dependent",승인,NA,Approved,,DB12412,C0011860,,,,
TP,eliglustat,Gaucher Disease,승인,NA,Approved,,DB09039,C0017205,,,,
TP,ethacizine,Ventricular arrhythmia,승인,NA,Approved,,DB13645,C0085612,,,,
TP,ethacizine,Supraventricular arrhythmia,승인,NA,Approved,,DB13645,C0428974,,,,
TP,afamelanotide,Erythropoietic Protoporphyria,승인,NA,Approved,,DB04931,C0162568,,,,
TP,aprotinin,Hemorrhage,승인,NA,Approved,,DB06692,C0019080,,,,
TP,captopril,Left ventricular cardiac dysfunction,승인,NA,Approved,,DB01197,C1997351,,,,
TP,captopril,Chronic heart failure,승인,NA,Approved,,DB01197,C0264716,,,,
TP,captopril,Hypertensive disease,승인,NA,Approved,,DB01197,C0020538,,,,
TP,captopril,Diabetic Nephropathy,승인,NA,Approved,,DB01197,C0011881,,,,
TP,bemiparin,Deep Vein Thrombosis,승인,NA,Approved,,DB09258,C0149871,,,,
TP,calcium lactate gluconate,Hypocalcemia,승인,NA,Approved,,DB13365,C0020598,,,,
TP,calcium levulinate,Hypocalcemia,승인,NA,Approved,,DB13800,C0020598,,,,
TP,ecallantide,"Angioedemas, Hereditary",승인,NA,Approved,,DB05311,C0019243,,,,
TP,somatropin,Prader-Willi Syndrome,승인,NA,Approved,,DB00052,C0032897,,,,
TP,somatropin,Pituitary dwarfism,승인,NA,Approved,,DB00052,C0013338,,,,
TP,somatropin,Turner Syndrome,승인,NA,Approved,,DB00052,C0041408,,,,
TP,somatropin,Growth retardation,승인,NA,Approved,,DB00052,C0151686,,,,
TP,colestilan,Hyperlipidemia,승인,NA,Approved,,DB11634,C0020473,,,,
TP,colestilan,Hyperphosphatemia (disorder),승인,NA,Approved,,DB11634,C0085681,,,,
TP,conjugated estrogens,Hot flushes,승인,NA,Approved,,DB00286,C0600142,,,,
TP,conjugated estrogens,Dyspareunia,승인,NA,Approved,,DB00286,C1384606,,,,
TP,sodium thiosalicylate,Degenerative polyarthritis,승인,NA,Approved,,DB14026,C0029408,,,,
TP,sodium thiosalicylate,Rheumatic Fever,승인,NA,Approved,,DB14026,C0035436,,,,
TP,estrone sulphate,Atrophic Vaginitis,승인,NA,Approved,,DB04574,C0221392,,,,
TP,estrone sulphate,Female hypogonadism syndrome,승인,NA,Approved,,DB04574,C0271578,,,,
TP,prussian blue,Thallium poisoning,승인,NA,Approved,,DB06783,C0238452,,,,
TP,mebicar,Anxiety,승인,NA,Approved,,DB13522,C0003467,,,,
TP,mebicar,Attention deficit hyperactivity disorder,승인,NA,Approved,,DB13522,C1263846,,,,
TP,levomilnacipran,Major Depressive Disorder,승인,NA,Approved,,DB08918,C1269683,,,,
TP,mebanazine,Depressive disorder,승인,NA,Approved,,DB09248,C0011581,,,,
TP,ceritinib,Non-Small Cell Lung Carcinoma,승인,NA,Approved,,DB09063,C0007131,,,,
TP,ceritinib,Anaplastic lymphoma kinase fusion oncogene positive non-small cell lung cancer,승인,NA,Approved,,DB09063,C5394780,,,,
TP,dexrabeprazole,Gastroesophageal reflux disease,승인,NA,Approved,,DB13762,C0017168,,,,
TP,dexrabeprazole,Zollinger-Ellison syndrome,승인,NA,Approved,,DB13762,C0043515,,,,
TP,dexrabeprazole,Peptic Esophagitis,승인,NA,Approved,,DB13762,C0014869,,,,
TP,dexrabeprazole,Erosive esophagitis,승인,NA,Approved,,DB13762,C0267055,,,,
TP,dexrabeprazole,Gastric ulcer,승인,NA,Approved,,DB13762,C0038358,,,,
TP,dexrabeprazole,Duodenal Ulcer,승인,NA,Approved,,DB13762,C0013295,,,,
TP,dexrabeprazole,Peptic Ulcer,승인,NA,Approved,,DB13762,C0030920,,,,
TP,umifenovir,Influenza,승인,NA,Approved,,DB13609,C0021400,,,,
TP,furazidin,Urinary tract infection,승인,NA,Approved,,DB13475,C0042029,,,,
TP,vorapaxar,Cerebrovascular accident,승인,NA,Approved,,DB09030,C0038454,,,,
TP,calcium polystyrene sulfonate,Hyperkalemia,승인,NA,Approved,,DB01344,C0020461,,,,
TP,ataluren,"Muscular Dystrophy, Duchenne",승인,NA,Approved,,DB05016,C0013264,,,,
TP,tedizolid phosphate,Staphylococcal Skin Infections,승인,NA,Approved,,DB09042,C0038166,,,,
TP,tedizolid phosphate,"Skin Diseases, Bacterial",승인,NA,Approved,,DB09042,C0162627,,,,
TP,tedizolid phosphate,Streptococcal infection of skin,승인,NA,Approved,,DB09042,C1274355,,,,
TP,efinaconazole,Onychomycosis of toenails,승인,NA,Approved,,DB09040,C1274470,,,,
TP,efinaconazole,Onychomycosis,승인,NA,Approved,,DB09040,C0040261,,,,
TP,efinaconazole,Onychomycosis due to Trichophyton mentagrophytes,승인,NA,Approved,,DB09040,C0276755,,,,
TP,daclatasvir,"Hepatitis C, Chronic",승인,NA,Approved,,DB09102,C0524910,,,,
TP,belinostat,Peripheral T-Cell Lymphoma,승인,NA,Approved,,DB05015,C0079774,,,,
TP,tavaborole,Onychomycosis of toenails,승인,NA,Approved,,DB09041,C1274470,,,,
TP,tavaborole,Onychomycosis,승인,NA,Approved,,DB09041,C0040261,,,,
TP,tavaborole,Onychomycosis due to Trichophyton mentagrophytes,승인,NA,Approved,,DB09041,C0276755,,,,
TP,tavaborole,Onychomycosis due to Trichophyton rubrum,승인,NA,Approved,,DB09041,C0276754,,,,
TP,idelalisib,Chronic Lymphocytic Leukemia,승인,NA,Approved,,DB09054,C0023434,,,,
TP,idelalisib,"Lymphoma, Follicular",승인,NA,Approved,,DB09054,C0024301,,,,
TP,idelalisib,Small Lymphocytic Lymphoma,승인,NA,Approved,,DB09054,C0855095,,,,
TP,enoxaparin sodium,Deep Vein Thrombosis,승인,NA,Approved,,DB01225,C0149871,,,,
TP,carbachol,"Glaucoma, Open-Angle",승인,NA,Approved,,DB00411,C0017612,,,,
TP,suvorexant,Sleeplessness,승인,NA,Approved,,DB09034,C0917801,,,,
TP,istradefylline,Parkinson Disease,승인,NA,Approved,,DB11757,C0030567,,,,
TP,calfactant,"Respiratory Distress Syndrome, Newborn",승인,NA,Approved,,DB06415,C0035220,,,,
TP,dulaglutide,"Diabetes Mellitus, Non-Insulin-Dependent",승인,NA,Approved,,DB09045,C0011860,,,,
TP,cetilistat,Obesity,승인,NA,Approved,,DB06586,C0028754,,,,
TP,favipiravir,Influenza,승인,NA,Approved,,DB12466,C0021400,,,,
TP,favipiravir,Influenza caused by pandemic influenza virus,승인,NA,Approved,,DB12466,C4304383,,,,
TP,topiroxostat,Gout,승인,NA,Approved,,DB01685,C0018099,,,,
TP,topiroxostat,Hyperuricemia,승인,NA,Approved,,DB01685,C0740394,,,,
TP,asunaprevir,"Hepatitis C, Chronic",승인,NA,Approved,,DB11586,C0524910,,,,
TP,carbamazepine,Epilepsy,승인,NA,Approved,,DB00564,C0014544,,,,
TP,carbamazepine,Tonic - clonic seizures,승인,NA,Approved,,DB00564,C0494475,,,,
TP,carbamazepine,Epilepsy characterized by intractable complex partial seizures,승인,NA,Approved,,DB00564,C2711653,,,,
TP,carbamazepine,Simple Partial Seizures,승인,NA,Approved,,DB00564,C0234974,,,,
TP,carbamazepine,Lennox-Gastaut syndrome,승인,NA,Approved,,DB00564,C0238111,,,,
TP,carbamazepine,Glossopharyngeal Neuralgia,승인,NA,Approved,,DB00564,C0154731,,,,
TP,carbamazepine,Mixed bipolar I disorder,승인,NA,Approved,,DB00564,C0236780,,,,
TP,carbamazepine,Tonic-Clonic Epilepsy,승인,NA,Approved,,DB00564,C0014549,,,,
TP,carbamazepine,"Bipolar affective disorder, current episode manic",승인,NA,Approved,,DB00564,C0338873,,,,
TP,carbamazepine,Bipolar disorder in remission,승인,NA,Approved,,DB00564,C0270425,,,,
TP,carbamazepine,"Epilepsies, Partial",승인,NA,Approved,,DB00564,C0014547,,,,
TP,carbamazepine,Trigeminal Neuralgia,승인,NA,Approved,,DB00564,C0040997,,,,
TP,ipragliflozin,"Diabetes Mellitus, Non-Insulin-Dependent",승인,NA,Approved,,DB11698,C0011860,,,,
TP,ipragliflozin,"Diabetes Mellitus, Insulin-Dependent",승인,NA,Approved,,DB11698,C0011854,,,,
TP,luseogliflozin,"Diabetes Mellitus, Non-Insulin-Dependent",승인,NA,Approved,,DB12214,C0011860,,,,
TP,tofogliflozin,"Diabetes Mellitus, Non-Insulin-Dependent",승인,NA,Approved,,DB11824,C0011860,,,,
TP,tipiracil,Malignant tumor of colon,승인,NA,Approved,,DB09343,C0007102,,,,
TP,tipiracil,Malignant neoplasm of stomach,승인,NA,Approved,,DB09343,C0024623,,,,
TP,iguratimod,Rheumatoid Arthritis,승인,NA,Approved,,DB12233,C0003873,,,,
TP,teneligliptin,"Diabetes Mellitus, Non-Insulin-Dependent",승인,NA,Approved,,DB11950,C0011860,,,,
TP,anagliptin,"Diabetes Mellitus, Non-Insulin-Dependent",승인,NA,Approved,,DB12417,C0011860,,,,
TP,edoxaban,Ischemic stroke,승인,NA,Approved,,DB09075,C0948008,,,,
TP,netupitant,Chemotherapy-induced nausea and vomiting,승인,NA,Approved,,DB09048,C0401160,,,,
TP,ledipasvir,"Hepatitis C, Chronic",승인,NA,Approved,,DB09027,C0524910,,,,
TP,acefylline,Asthma,승인,NA,Approved,,DB13573,C0004096,,,,
TP,acefylline,Bronchitis,승인,NA,Approved,,DB13573,C0006277,,,,
TP,acefylline,Cardiovascular Diseases,승인,NA,Approved,,DB13573,C0007222,,,,
TP,diquafosol,Dry Eye Syndromes,승인,NA,Approved,,DB15919,C0013238,,,,
TP,insulin glargine,"Diabetes Mellitus, Insulin-Dependent",승인,NA,Approved,,DB00047,C0011854,,,,
TP,insulin glargine,"Diabetes Mellitus, Non-Insulin-Dependent",승인,NA,Approved,,DB00047,C0011860,,,,
TP,imidafenacin,Bladder muscle dysfunction - overactive,승인,NA,Approved,,DB09262,C0403643,,,,
TP,nintedanib,Idiopathic Pulmonary Fibrosis,승인,NA,Approved,,DB09079,C1800706,,,,
TP,nintedanib,Non-Small Cell Lung Carcinoma,승인,NA,Approved,,DB09079,C0007131,,,,
TP,nintedanib,Interstitial lung fibrosis,승인,NA,Approved,,DB09079,C3887486,,,,
TP,nintedanib,"Lung Diseases, Interstitial",승인,NA,Approved,,DB09079,C0206062,,,,
TP,adalimumab,Hidradenitis Suppurativa,승인,NA,Approved,,DB00051,C0162836,,,,
TP,adalimumab,Rheumatoid Arthritis,승인,NA,Approved,,DB00051,C0003873,,,,
TP,adalimumab,"Arthritis, Psoriatic",승인,NA,Approved,,DB00051,C0003872,,,,
TP,adalimumab,Ankylosing spondylitis,승인,NA,Approved,,DB00051,C0038013,,,,
TP,adalimumab,Crohn Disease,승인,NA,Approved,,DB00051,C0010346,,,,
TP,adalimumab,Ulcerative Colitis,승인,NA,Approved,,DB00051,C0009324,,,,
TP,adalimumab,Chronic small plaque psoriasis,승인,NA,Approved,,DB00051,C0406317,,,,
TP,adalimumab,Non-infectious anterior uveitis,승인,NA,Approved,,DB00051,C0339317,,,,
TP,adalimumab,Axial Spondyloarthritis,승인,NA,Approved,,DB00051,C3203547,,,,
TP,adalimumab,Behcet Syndrome,승인,NA,Approved,,DB00051,C0004943,,,,
TP,adalimumab,Pyoderma Gangrenosum,승인,NA,Approved,,DB00051,C0085652,,,,
TP,adalimumab,Pustular psoriasis,승인,NA,Approved,,DB00051,C0152081,,,,
TP,pegaptanib,Exudative age-related macular degeneration,승인,NA,Approved,,DB04895,C0271084,,,,
TP,fimasartan,Hypertensive disease,승인,NA,Approved,,DB09279,C0020538,,,,
TP,olaparib,Malignant tumor of peritoneum,승인,NA,Approved,,DB09074,C0153467,,,,
TP,olaparib,Malignant neoplasm of ovary,승인,NA,Approved,,DB09074,C1140680,,,,
TP,olaparib,Epithelial tumor of ovary,승인,NA,Approved,,DB09074,C0341823,,,,
TP,olaparib,Human epidermal growth factor 2 negative carcinoma of breast,승인,NA,Approved,,DB09074,C2316304,,,,
TP,olaparib,"Germline BRCA-mutated, HER2-negative metastatic breast cancer",승인,NA,Approved,,DB09074,C4708088,,,,
TP,acotiamide,Nonulcer dyspepsia,승인,NA,Approved,,DB12482,C0267167,,,,
TP,alemtuzumab,"Multiple Sclerosis, Relapsing-Remitting",승인,NA,Approved,,DB00087,C0751967,,,,
TP,alemtuzumab,Recurrent Chronic Lymphoid Leukemia,승인,NA,Approved,,DB00087,C0854802,,,,
TP,ombitasvir,"Hepatitis C, Chronic",승인,NA,Approved,,DB09296,C0524910,,,,
TP,paritaprevir,"Hepatitis C, Chronic",승인,NA,Approved,,DB09297,C0524910,,,,
TP,dasabuvir,"Hepatitis C, Chronic",승인,NA,Approved,,DB09183,C0524910,,,,
TP,blinatumomab,Pre B-cell acute lymphoblastic leukemia,승인,NA,Approved,,DB09052,C0349636,,,,
TP,aflibercept,Exudative age-related macular degeneration,승인,NA,Approved,,DB08885,C0271084,,,,
TP,aflibercept,Central retinal vein occlusion with macular edema,승인,NA,Approved,,DB08885,C0339498,,,,
TP,aflibercept,Branch retinal vein occlusion with macular edema,승인,NA,Approved,,DB08885,C0339507,,,,
TP,aflibercept,Macular edema due to diabetes mellitus,승인,NA,Approved,,DB08885,C0730285,,,,
TP,aflibercept,metastasis from malignant neoplasm of colon,승인,NA,Approved,,DB08885,C1282500,,,,
TP,aflibercept,"Glaucoma, Neovascular",승인,NA,Approved,,DB08885,C0017609,,,,
TP,ramucirumab,Gastric Adenocarcinoma,승인,NA,Approved,,DB05578,C0278701,,,,
TP,ramucirumab,Non-Small Cell Lung Carcinoma,승인,NA,Approved,,DB05578,C0007131,,,,
TP,ramucirumab,Liver carcinoma,승인,NA,Approved,,DB05578,C2239176,,,,
TP,ramucirumab,Malignant neoplasm of stomach,승인,NA,Approved,,DB05578,C0024623,,,,
TP,ramucirumab,Malignant neoplasm of colon and/or rectum,승인,NA,Approved,,DB05578,C4722085,,,,
TP,idursulfase,Mucopolysaccharidosis II,승인,NA,Approved,,DB01271,C0026705,,,,
TP,carbenicillin,prostatitis,승인,NA,Approved,,DB00578,C0033581,,,,
TP,carbenicillin,Urinary tract infection caused by Escherichia coli,승인,NA,Approved,,DB00578,C0577708,,,,
TP,carbenicillin,Proteus urinary tract infection,승인,NA,Approved,,DB00578,C0577709,,,,
TP,carbenicillin,Urinary tract infection,승인,NA,Approved,,DB00578,C0042029,,,,
TP,carbenicillin,Bacterial urinary infection,승인,NA,Approved,,DB00578,C0729524,,,,
TP,finafloxacin,Acute otitis externa,승인,NA,Approved,,DB09047,C0149948,,,,
TP,safinamide,Parkinson Disease,승인,NA,Approved,,DB06654,C0030567,,,,
TP,ceftolozane,Urinary tract infection,승인,NA,Approved,,DB09050,C0042029,,,,
TP,ceftolozane,Abdominal Infection,승인,NA,Approved,,DB09050,C1112209,,,,
TP,ceftolozane,Sepsis caused by Serratia,승인,NA,Approved,,DB09050,C2887097,,,,
TP,ceftolozane,Sepsis caused by Haemophilus influenzae,승인,NA,Approved,,DB09050,C2887091,,,,
TP,ceftolozane,Haemophilus influenzae pneumonia,승인,NA,Approved,,DB09050,C0276026,,,,
TP,ceftolozane,Bacterial cystitis,승인,NA,Approved,,DB09050,C0742964,,,,
TP,ceftolozane,Acute pyelonephritis caused by bacterium,승인,NA,Approved,,DB09050,C2062473,,,,
TP,ceftolozane,Bacterial peritonitis,승인,NA,Approved,,DB09050,C0341503,,,,
TP,ceftolozane,Abdominal Abscess,승인,NA,Approved,,DB09050,C0243001,,,,
TP,ceftolozane,Cholecystitis,승인,NA,Approved,,DB09050,C0008325,,,,
TP,ceftolozane,Liver Abscess,승인,NA,Approved,,DB09050,C0023885,,,,
TP,nivolumab,Metastatic Renal Cell Cancer,승인,NA,Approved,,DB09035,C0278678,,,,
TP,nivolumab,Squamous cell carcinoma of lung,승인,NA,Approved,,DB09035,C0149782,,,,
TP,nivolumab,"Malignant melanoma, metastatic",승인,NA,Approved,,DB09035,C0860594,,,,
TP,nivolumab,Non-Small Cell Lung Carcinoma,승인,NA,Approved,,DB09035,C0007131,,,,
TP,nivolumab,Microsatellite instability-high colorectal cancer,승인,NA,Approved,,DB09035,C4544822,,,,
TP,nivolumab,Malignant neoplasm of esophagus,승인,NA,Approved,,DB09035,C0546837,,,,
TP,nivolumab,Malignant neoplasm of stomach,승인,NA,Approved,,DB09035,C0024623,,,,
TP,nivolumab,Classical Hodgkin's Lymphoma,승인,NA,Approved,,DB09035,C1333064,,,,
TP,nivolumab,Late gastric cancer,승인,NA,Approved,,DB09035,C0349531,,,,
TP,pembrolizumab,Non-Small Cell Lung Carcinoma,승인,NA,Approved,,DB09037,C0007131,,,,
TP,pembrolizumab,"Malignant melanoma, metastatic",승인,NA,Approved,,DB09037,C0860594,,,,
TP,pembrolizumab,Metastatic Renal Cell Cancer,승인,NA,Approved,,DB09037,C0278678,,,,
TP,pembrolizumab,Malignant Head and Neck Neoplasm,승인,NA,Approved,,DB09037,C0278996,,,,
TP,pembrolizumab,Microsatellite instability-high colorectal cancer,승인,NA,Approved,,DB09037,C4544822,,,,
TP,pembrolizumab,Triple Negative Breast Neoplasms,승인,NA,Approved,,DB09037,C3539878,,,,
TP,pembrolizumab,Classical Hodgkin's Lymphoma,승인,NA,Approved,,DB09037,C1333064,,,,
TP,pembrolizumab,Squamous cell carcinoma of esophagus,승인,NA,Approved,,DB09037,C0279626,,,,
TP,becaplermin,Neuropathic ulcer of foot due to diabetes mellitus,승인,NA,Approved,,DB00102,C0406526,,,,
TP,albiglutide,"Diabetes Mellitus, Non-Insulin-Dependent",승인,NA,Approved,,DB09043,C0011860,,,,
TP,carbenoxolone,Peptic Ulcer,승인,NA,Approved,,DB02329,C0030920,,,,
TP,carbenoxolone,Ulcer of esophagus,승인,NA,Approved,,DB02329,C0151970,,,,
TP,corticotropin,West Syndrome,승인,NA,Approved,,DB01285,C0037769,,,,
TP,corticotropin,Exacerbation of multiple sclerosis,승인,NA,Approved,,DB01285,C0581392,,,,
TP,corticotropin,Stevens-Johnson Syndrome,승인,NA,Approved,,DB01285,C0038325,,,,
TP,imiglucerase,Gaucher Disease,승인,NA,Approved,,DB00053,C0017205,,,,
TP,tocilizumab,Giant Cell Arteritis,승인,NA,Approved,,DB06273,C0039483,,,,
TP,tocilizumab,Rheumatoid Arthritis,승인,NA,Approved,,DB06273,C0003873,,,,
TP,tocilizumab,Juvenile arthritis,승인,NA,Approved,,DB06273,C3495559,,,,
TP,tocilizumab,Angiolymphoid hyperplasia,승인,NA,Approved,,DB06273,C0017531,,,,
TP,tocilizumab,Still's disease with juvenile onset and/or adult onset,승인,NA,Approved,,DB06273,C1456792,,,,
TP,tocilizumab,Cytokine Release Syndrome,승인,NA,Approved,,DB06273,C0948245,,,,
TP,tocilizumab,Pneumonia caused by SARS-CoV-2,승인,NA,Approved,,DB06273,C5244027,,,,
TP,secukinumab,Chronic small plaque psoriasis,승인,NA,Approved,,DB09029,C0406317,,,,
TP,secukinumab,Ankylosing spondylitis,승인,NA,Approved,,DB09029,C0038013,,,,
TP,secukinumab,Non-Radiographic Axial Spondyloarthritis,승인,NA,Approved,,DB09029,C3889038,,,,
TP,secukinumab,Pustular psoriasis,승인,NA,Approved,,DB09029,C0152081,,,,
TP,palivizumab,Respiratory Syncytial Virus Infections,승인,NA,Approved,,DB00110,C0035235,,,,
TP,parathyroid hormone,Hypoparathyroidism,승인,NA,Approved,,DB05829,C0020626,,,,
TP,alectinib,Non-Small Cell Lung Carcinoma,승인,NA,Approved,,DB11363,C0007131,,,,
TP,alectinib,Anaplastic lymphoma kinase positive anaplastic large cell lymphoma,승인,NA,Approved,,DB11363,C4518436,,,,
TP,ripasudil,Glaucoma,승인,NA,Approved,,DB13165,C0017601,,,,
TP,ripasudil,Ocular Hypertension,승인,NA,Approved,,DB13165,C0028840,,,,
TP,vaniprevir,"Hepatitis C, Chronic",승인,NA,Approved,,DB11929,C0524910,,,,
TP,pentoxyverine,Rhinorrhea,승인,NA,Approved,,DB11186,C1260880,,,,
TP,pentoxyverine,"Rhinitis, Vasomotor",승인,NA,Approved,,DB11186,C0035460,,,,
TP,pentoxyverine,Rhinitis,승인,NA,Approved,,DB11186,C0035455,,,,
TP,pentoxyverine,Common Cold,승인,NA,Approved,,DB11186,C0009443,,,,
TP,pentoxyverine,Nasal congestion (finding),승인,NA,Approved,,DB11186,C0027424,,,,
TP,pentoxyverine,Allergic rhinitis (disorder),승인,NA,Approved,,DB11186,C2607914,,,,
TP,pentoxyverine,Coughing,승인,NA,Approved,,DB11186,C0010200,,,,
TP,basiliximab,Renal transplant rejection,승인,NA,Approved,,DB00074,C0238217,,,,
TP,palbociclib,Human epidermal growth factor 2 negative carcinoma of breast,승인,NA,Approved,,DB09073,C2316304,,,,
TP,palbociclib,Hormone receptor positive malignant neoplasm of breast,승인,NA,Approved,,DB09073,C1562029,,,,
TP,lenvatinib,Renal Cell Carcinoma,승인,NA,Approved,,DB09078,C0007134,,,,
TP,lenvatinib,Follicular thyroid carcinoma,승인,NA,Approved,,DB09078,C0206682,,,,
TP,lenvatinib,Papillary thyroid carcinoma,승인,NA,Approved,,DB09078,C0238463,,,,
TP,lenvatinib,Primary thymic carcinoma,승인,NA,Approved,,DB09078,C4302369,,,,
TP,arformoterol,Chronic Obstructive Airway Disease,승인,NA,Approved,,DB01274,C0024117,,,,
TP,arformoterol,"Bronchitis, Chronic",승인,NA,Approved,,DB01274,C0008677,,,,
TP,arformoterol,Pulmonary Emphysema,승인,NA,Approved,,DB01274,C0034067,,,,
TP,tenofovir alafenamide,HIV Infections,승인,NA,Approved,,DB09299,C0019693,,,,
TP,avibactam,Pyelonephritis,승인,NA,Approved,,DB09060,C0034186,,,,
TP,avibactam,Bacterial urinary infection,승인,NA,Approved,,DB09060,C0729524,,,,
TP,avibactam,Abdominal Infection,승인,NA,Approved,,DB09060,C1112209,,,,
TP,isavuconazonium,Mucormycosis,승인,NA,Approved,,DB06636,C0026718,,,,
TP,isavuconazonium,Aspergillosis,승인,NA,Approved,,DB06636,C0004030,,,,
TP,dinutuximab,Neuroblastoma,승인,NA,Approved,,DB09077,C0027819,,,,
TP,belimumab,"Lupus Erythematosus, Systemic",승인,NA,Approved,,DB08879,C0024141,,,,
TP,carbetocin,Prader-Willi Syndrome,승인,NA,Approved,,DB01282,C0032897,,,,
TP,carbetocin,Uterine Inertia,승인,NA,Approved,,DB01282,C0042135,,,,
TP,ofatumumab,Chronic Lymphocytic Leukemia,승인,NA,Approved,,DB06650,C0023434,,,,
TP,ofatumumab,"Multiple Sclerosis, Acute Relapsing",승인,NA,Approved,,DB06650,C0393664,,,,
TP,ofatumumab,"Multiple Sclerosis, Secondary Progressive",승인,NA,Approved,,DB06650,C0751965,,,,
TP,canakinumab,Cryopyrin-Associated Periodic Syndromes,승인,NA,Approved,,DB06168,C2316212,,,,
TP,canakinumab,Systemic onset juvenile chronic arthritis,승인,NA,Approved,,DB06168,C1384600,,,,
TP,canakinumab,"Arthritis, Gouty",승인,NA,Approved,,DB06168,C0003868,,,,
TP,canakinumab,Deficiency of mevalonate kinase,승인,NA,Approved,,DB06168,C0342731,,,,
TP,canakinumab,Familial Mediterranean Fever,승인,NA,Approved,,DB06168,C0031069,,,,
TP,canakinumab,TNF receptor-associated periodic fever syndrome (TRAPS),승인,NA,Approved,,DB06168,C1275126,,,,
TP,daclizumab,Renal transplant rejection,승인,NA,Approved,,DB00111,C0238217,,,,
TP,daclizumab,"Multiple Sclerosis, Relapsing-Remitting",승인,NA,Approved,,DB00111,C0751967,,,,
TP,cetuximab,Squamous cell carcinoma of mouth,승인,NA,Approved,,DB00002,C0585362,,,,
TP,cetuximab,Squamous cell carcinoma of nose,승인,NA,Approved,,DB00002,C3163899,,,,
TP,cetuximab,Squamous cell carcinoma of pharynx,승인,NA,Approved,,DB00002,C1319317,,,,
TP,cetuximab,Laryngeal Squamous Cell Carcinoma,승인,NA,Approved,,DB00002,C0280324,,,,
TP,cetuximab,Malignant tumor of colon,승인,NA,Approved,,DB00002,C0007102,,,,
TP,cetuximab,Malignant Rectal Neoplasm,승인,NA,Approved,,DB00002,C0949022,,,,
TP,panitumumab,Metastatic malignant neoplasm to colon,승인,NA,Approved,,DB01269,C0346974,,,,
TP,bevacizumab,Metastatic malignant neoplasm to colon,승인,NA,Approved,,DB00112,C0346974,,,,
TP,bevacizumab,Nonsquamous nonsmall cell neoplasm of lung,승인,NA,Approved,,DB00112,C2585890,,,,
TP,bevacizumab,Glioblastoma Multiforme,승인,NA,Approved,,DB00112,C1621958,,,,
TP,bevacizumab,Metastatic Renal Cell Cancer,승인,NA,Approved,,DB00112,C0278678,,,,
TP,bevacizumab,Cervix carcinoma,승인,NA,Approved,,DB00112,C0302592,,,,
TP,bevacizumab,Malignant tumor of peritoneum,승인,NA,Approved,,DB00112,C0153467,,,,
TP,bevacizumab,Malignant epithelial tumor of ovary,승인,NA,Approved,,DB00112,C0346161,,,,
TP,bevacizumab,Malignant neoplasm of fallopian tube,승인,NA,Approved,,DB00112,C0153579,,,,
TP,bevacizumab,Malignant neoplasm of colon and/or rectum,승인,NA,Approved,,DB00112,C4722085,,,,
TP,bevacizumab,Liver carcinoma,승인,NA,Approved,,DB00112,C2239176,,,,
TP,bevacizumab,Non-small cell lung cancer with mutation in epidermal growth factor receptor,승인,NA,Approved,,DB00112,C3840002,,,,
TP,pertuzumab,HER2-positive carcinoma of breast,승인,NA,Approved,,DB06366,C1960398,,,,
TP,ipilimumab,"Malignant melanoma, metastatic",승인,NA,Approved,,DB06186,C0860594,,,,
TP,ipilimumab,Microsatellite instability-high colorectal cancer,승인,NA,Approved,,DB06186,C4544822,,,,
TP,ipilimumab,Renal Cell Carcinoma,승인,NA,Approved,,DB06186,C0007134,,,,
TP,efalizumab,Chronic small plaque psoriasis,승인,NA,Approved,,DB00095,C0406317,,,,
TP,carbidopa,Parkinson Disease,승인,NA,Approved,,DB00190,C0030567,,,,
TP,carbidopa,Parkinsonian Disorders,승인,NA,Approved,,DB00190,C0242422,,,,
TP,carbidopa,"Parkinson Disease, Postencephalitic",승인,NA,Approved,,DB00190,C0030568,,,,
TP,insulin degludec,Diabetes Mellitus,승인,NA,Approved,,DB09564,C0011849,,,,
TP,raxibacumab,Inhalational anthrax,승인,NA,Approved,,DB08902,C0155866,,,,
TP,isoflupredone acetate,Allergic rhinitis (disorder),승인,NA,Approved,,DB14640,C2607914,,,,
TP,brentuximab vedotin,Hodgkin Disease,승인,NA,Approved,,DB08870,C0019829,,,,
TP,brentuximab vedotin,Anaplastic large T-cell systemic malignant lymphoma,승인,NA,Approved,,DB08870,C1275317,,,,
TP,denosumab,"Osteoporosis, Postmenopausal",승인,NA,Approved,,DB06643,C0029458,,,,
TP,denosumab,Osteoporosis,승인,NA,Approved,,DB06643,C0029456,,,,
TP,denosumab,Drug-induced osteoporosis,승인,NA,Approved,,DB06643,C0264115,,,,
TP,ustekinumab,Psoriasis,승인,NA,Approved,,DB05679,C0033860,,,,
TP,ustekinumab,"Arthritis, Psoriatic",승인,NA,Approved,,DB05679,C0003872,,,,
TP,ustekinumab,Crohn Disease,승인,NA,Approved,,DB05679,C0010346,,,,
TP,ustekinumab,Ulcerative Colitis,승인,NA,Approved,,DB05679,C0009324,,,,
TP,golimumab,Rheumatoid Arthritis,승인,NA,Approved,,DB06674,C0003873,,,,
TP,golimumab,"Arthritis, Psoriatic",승인,NA,Approved,,DB06674,C0003872,,,,
TP,golimumab,Ankylosing spondylitis,승인,NA,Approved,,DB06674,C0038013,,,,
TP,golimumab,Ulcerative Colitis,승인,NA,Approved,,DB06674,C0009324,,,,
TP,certolizumab pegol,Crohn Disease,승인,NA,Approved,,DB08904,C0010346,,,,
TP,certolizumab pegol,Rheumatoid Arthritis,승인,NA,Approved,,DB08904,C0003873,,,,
TP,certolizumab pegol,"Arthritis, Psoriatic",승인,NA,Approved,,DB08904,C0003872,,,,
TP,certolizumab pegol,Ankylosing spondylitis,승인,NA,Approved,,DB08904,C0038013,,,,
TP,certolizumab pegol,Chronic small plaque psoriasis,승인,NA,Approved,,DB08904,C0406317,,,,
TP,certolizumab pegol,Pustular psoriasis,승인,NA,Approved,,DB08904,C0152081,,,,
TP,certolizumab pegol,Erythrodermic psoriasis,승인,NA,Approved,,DB08904,C0748052,,,,
TP,eculizumab,Paroxysmal nocturnal hemoglobinuria,승인,NA,Approved,,DB01257,C0024790,,,,
TP,eculizumab,Congenital hemolytic uremic syndrome,승인,NA,Approved,,DB01257,C2919522,,,,
TP,eculizumab,Neuromyelitis Optica,승인,NA,Approved,,DB01257,C0027873,,,,
TP,carbimazole,Hyperthyroidism,승인,NA,Approved,,DB00389,C0020550,,,,
TP,carbimazole,Graves Disease,승인,NA,Approved,,DB00389,C0018213,,,,
TP,natalizumab,Multiple Sclerosis,승인,NA,Approved,,DB00108,C0026769,,,,
TP,natalizumab,Crohn Disease,승인,NA,Approved,,DB00108,C0010346,,,,
TP,ranibizumab,Exudative age-related macular degeneration,승인,NA,Approved,,DB01270,C0271084,,,,
TP,ranibizumab,Central retinal vein occlusion with macular edema,승인,NA,Approved,,DB01270,C0339498,,,,
TP,ranibizumab,Branch retinal vein occlusion with macular edema,승인,NA,Approved,,DB01270,C0339507,,,,
TP,ranibizumab,Macular edema due to diabetes mellitus,승인,NA,Approved,,DB01270,C0730285,,,,
TP,ranibizumab,Diabetic Retinopathy,승인,NA,Approved,,DB01270,C0011884,,,,
TP,ranibizumab,Retinopathy of Prematurity,승인,NA,Approved,,DB01270,C0035344,,,,
TP,ranibizumab,Age related macular degeneration,승인,NA,Approved,,DB01270,C0242383,,,,
TP,ranibizumab,Choroidal retinal neovascularization,승인,NA,Approved,,DB01270,C0271066,,,,
TP,omalizumab,Asthma,승인,NA,Approved,,DB00043,C0004096,,,,
TP,omalizumab,Chronic Spontaneous Urticaria,승인,NA,Approved,,DB00043,C0578870,,,,
TP,omalizumab,Hay fever,승인,NA,Approved,,DB00043,C0018621,,,,
TP,tucidinostat,Peripheral T-Cell Lymphoma,승인,NA,Approved,,DB06334,C0079774,,,,
TP,tucidinostat,Adult T-Cell Lymphoma/Leukemia,승인,NA,Approved,,DB06334,C0023493,,,,
TP,infliximab,Crohn Disease,승인,NA,Approved,,DB00065,C0010346,,,,
TP,infliximab,Ulcerative Colitis,승인,NA,Approved,,DB00065,C0009324,,,,
TP,infliximab,Rheumatoid Arthritis,승인,NA,Approved,,DB00065,C0003873,,,,
TP,infliximab,Ankylosing spondylitis,승인,NA,Approved,,DB00065,C0038013,,,,
TP,infliximab,"Arthritis, Psoriatic",승인,NA,Approved,,DB00065,C0003872,,,,
TP,infliximab,Chronic small plaque psoriasis,승인,NA,Approved,,DB00065,C0406317,,,,
TP,infliximab,Behcet Syndrome,승인,NA,Approved,,DB00065,C0004943,,,,
TP,infliximab,Pustular psoriasis,승인,NA,Approved,,DB00065,C0152081,,,,
TP,infliximab,Erythrodermic psoriasis,승인,NA,Approved,,DB00065,C0748052,,,,
TP,rituximab,Chronic Lymphocytic Leukemia,승인,NA,Approved,,DB00073,C0023434,,,,
TP,rituximab,Rheumatoid Arthritis,승인,NA,Approved,,DB00073,C0003873,,,,
TP,rituximab,Granulomatosis with polyangiitis,승인,NA,Approved,,DB00073,C3495801,,,,
TP,rituximab,Pemphigus Vulgaris,승인,NA,Approved,,DB00073,C0030809,,,,
TP,rituximab,"Purpura, Thrombotic Thrombocytopenic",승인,NA,Approved,,DB00073,C0034155,,,,
TP,rituximab,Microscopic Polyarteritis,승인,NA,Approved,,DB00073,C2347126,,,,
TP,rituximab,Scleroderma,승인,NA,Approved,,DB00073,C0011644,,,,
TP,rituximab,Systemic Scleroderma,승인,NA,Approved,,DB00073,C0036421,,,,
TP,rituximab,Pemphigus Foliaceus,승인,NA,Approved,,DB00073,C0263313,,,,
TP,rituximab,Neuromyelitis Optica,승인,NA,Approved,,DB00073,C0027873,,,,
TP,triamcinolone hexacetonide,Alopecia Areata,승인,NA,Approved,,DB00620,C0002171,,,,
TP,triamcinolone hexacetonide,Chronic discoid lupus erythematosus,승인,NA,Approved,,DB00620,C0024138,,,,
TP,triamcinolone hexacetonide,Keloid,승인,NA,Approved,,DB00620,C0022548,,,,
TP,triamcinolone hexacetonide,Lichen Planus,승인,NA,Approved,,DB00620,C0023646,,,,
TP,triamcinolone hexacetonide,Lichen Simplex Chronicus,승인,NA,Approved,,DB00620,C0149922,,,,
TP,triamcinolone hexacetonide,Necrobiosis Lipoidica Diabeticorum,승인,NA,Approved,,DB00620,C0392445,,,,
TP,siltuximab,Angiolymphoid hyperplasia,승인,NA,Approved,,DB09036,C0017531,,,,
TP,etanercept,Rheumatoid Arthritis,승인,NA,Approved,,DB00005,C0003873,,,,
TP,etanercept,"Arthritis, Psoriatic",승인,NA,Approved,,DB00005,C0003872,,,,
TP,etanercept,Ankylosing spondylitis,승인,NA,Approved,,DB00005,C0038013,,,,
TP,etanercept,Chronic small plaque psoriasis,승인,NA,Approved,,DB00005,C0406317,,,,
TP,trastuzumab,HER2-positive carcinoma of breast,승인,NA,Approved,,DB00072,C1960398,,,,
TP,trastuzumab,Secondary malignant neoplasm of female breast,승인,NA,Approved,,DB00072,C0346993,,,,
TP,trastuzumab,Metastatic malignant neoplasm to stomach,승인,NA,Approved,,DB00072,C0686068,,,,
TP,trastuzumab,Peritonsillar cellulitis,승인,NA,Approved,,DB00072,C0553656,,,,
TP,trastuzumab,Malignant neoplasm of salivary gland,승인,NA,Approved,,DB00072,C0220636,,,,
TP,gemtuzumab ozogamicin,"Leukemia, Myelocytic, Acute",승인,NA,Approved,,DB00056,C0023467,,,,
TP,insulin aspart,Diabetes Mellitus,승인,NA,Approved,,DB01306,C0011849,,,,
TP,vedolizumab,Ulcerative Colitis,승인,NA,Approved,,DB09033,C0009324,,,,
TP,vedolizumab,Crohn Disease,승인,NA,Approved,,DB09033,C0010346,,,,
TP,obinutuzumab,Chronic Lymphocytic Leukemia,승인,NA,Approved,,DB08935,C0023434,,,,
TP,ibritumomab tiuxetan,"Lymphoma, Follicular",승인,NA,Approved,,DB00078,C0024301,,,,
TP,insulin detemir,Diabetes Mellitus,승인,NA,Approved,,DB01307,C0011849,,,,
TP,deoxycholic acid,Excess subcutaneous fat,승인,NA,Approved,,DB03619,C0424620,,,,
TP,velaglucerase alfa,"Gaucher Disease, Type 1",승인,NA,Approved,,DB06720,C1961835,,,,
TP,carbinoxamine,Dermatographic urticaria,승인,NA,Approved,,DB00748,C0343065,,,,
TP,carbinoxamine,Hay fever,승인,NA,Approved,,DB00748,C0018621,,,,
TP,carbinoxamine,Pruritus,승인,NA,Approved,,DB00748,C0033774,,,,
TP,carbinoxamine,Urticaria,승인,NA,Approved,,DB00748,C0042109,,,,
TP,carbinoxamine,"Rhinitis, Vasomotor",승인,NA,Approved,,DB00748,C0035460,,,,
TP,carbinoxamine,Allergic rhinitis (disorder),승인,NA,Approved,,DB00748,C2607914,,,,
TP,carbinoxamine,Common Cold,승인,NA,Approved,,DB00748,C0009443,,,,
TP,carbinoxamine,Allergic Conjunctivitis,승인,NA,Approved,,DB00748,C0009766,,,,
TP,carbinoxamine,Rhinorrhea,승인,NA,Approved,,DB00748,C1260880,,,,
TP,trastuzumab emtansine,HER2-positive carcinoma of breast,승인,NA,Approved,,DB05773,C1960398,,,,
TP,lipegfilgrastim,Chemotherapy induced neutropenia,승인,NA,Approved,,DB13200,C1827687,,,,
TP,vonoprazan,Gastric ulcer,승인,NA,Approved,,DB11739,C0038358,,,,
TP,vonoprazan,Duodenal Ulcer,승인,NA,Approved,,DB11739,C0013295,,,,
TP,vonoprazan,Gastro-esophageal reflux disease with esophagitis,승인,NA,Approved,,DB11739,C0677659,,,,
TP,vonoprazan,Infection caused by Helicobacter pylori,승인,NA,Approved,,DB11739,C0850666,,,,
TP,romiplostim,Aplastic Anemia,승인,NA,Approved,,DB05332,C0002874,,,,
TP,laronidase,Mucopolysaccharidosis I,승인,NA,Approved,,DB00090,C0023786,,,,
TP,aluminum acetate,Skin irritation,승인,NA,Approved,,DB14518,C0152030,,,,
TP,elosulfase alfa,"Mucopolysaccharidosis, MPS-IV-A",승인,NA,Approved,,DB09051,C0086651,,,,
TP,aceprometazine,Sleeplessness,승인,NA,Approved,,DB01615,C0917801,,,,
TP,evolocumab,Familial hypercholesterolemia - heterozygous,승인,NA,Approved,,DB09303,C0342882,,,,
TP,evolocumab,Homozygous Familial Hypercholesterolemia,승인,NA,Approved,,DB09303,C0342881,,,,
TP,evolocumab,Hypercholesterolemia,승인,NA,Approved,,DB09303,C0020443,,,,
TP,evolocumab,Complex dyslipidemia,승인,NA,Approved,,DB09303,C3875286,,,,
TP,eluxadoline,Irritable bowel syndrome with diarrhea,승인,NA,Approved,,DB09272,C0348898,,,,
TP,insulin lispro,"Diabetes Mellitus, Insulin-Dependent",승인,NA,Approved,,DB00046,C0011854,,,,
TP,insulin lispro,"Diabetes Mellitus, Non-Insulin-Dependent",승인,NA,Approved,,DB00046,C0011860,,,,
TP,insulin human,"Diabetes Mellitus, Insulin-Dependent",승인,NA,Approved,,DB00030,C0011854,,,,
TP,insulin human,"Diabetes Mellitus, Non-Insulin-Dependent",승인,NA,Approved,,DB00030,C0011860,,,,
TP,ocriplasmin,Vitreomacular traction syndrome,승인,NA,Approved,,DB08888,C0730274,,,,
TP,mirodenafil,Erectile dysfunction,승인,NA,Approved,,DB11792,C0242350,,,,
TP,epoetin theta,Anemia of chronic renal failure,승인,NA,Approved,,DB00016,C0271932,,,,
TP,epoetin theta,Anemia due to chemotherapy,승인,NA,Approved,,DB00016,C1998329,,,,
TP,sonidegib,Basal cell carcinoma,승인,NA,Approved,,DB09143,C0007117,,,,
TP,mecasermin,Laron Syndrome,승인,NA,Approved,,DB01277,C0271568,,,,
TP,lumacaftor,Pulmonary Cystic Fibrosis,승인,NA,Approved,,DB09280,C0392164,,,,
TP,aldesleukin,"Leukemia, Myelocytic, Acute",승인,NA,Approved,,DB00041,C0023467,,,,
TP,aldesleukin,Metastatic Renal Cell Cancer,승인,NA,Approved,,DB00041,C0278678,,,,
TP,aldesleukin,"Malignant melanoma, metastatic",승인,NA,Approved,,DB00041,C0860594,,,,
TP,sacubitril,Chronic heart failure,승인,NA,Approved,,DB09292,C0264716,,,,
TP,sacubitril,Hypertensive disease,승인,NA,Approved,,DB09292,C0020538,,,,
TP,trelagliptin,"Diabetes Mellitus, Non-Insulin-Dependent",승인,NA,Approved,,DB15323,C0011860,,,,
TP,brexpiprazole,Schizophrenia,승인,NA,Approved,,DB09128,C0036341,,,,
TP,brexpiprazole,Major Depressive Disorder,승인,NA,Approved,,DB09128,C1269683,,,,
TP,pegvisomant,Acromegaly,승인,NA,Approved,,DB00082,C0001206,,,,
TP,alirocumab,Hypercholesterolemia,승인,NA,Approved,,DB09302,C0020443,,,,
TP,alirocumab,Complex dyslipidemia,승인,NA,Approved,,DB09302,C3875286,,,,
TP,alirocumab,Familial hypercholesterolemia - heterozygous,승인,NA,Approved,,DB09302,C0342882,,,,
TP,alirocumab,Atherosclerosis,승인,NA,Approved,,DB09302,C0004153,,,,
TP,anakinra,Rheumatoid Arthritis,승인,NA,Approved,,DB00026,C0003873,,,,
TP,anakinra,Cryopyrin-Associated Periodic Syndromes,승인,NA,Approved,,DB00026,C2316212,,,,
TP,anakinra,"Chronic Infantile Neurological, Cutaneous, and Articular Syndrome",승인,NA,Approved,,DB00026,C0409818,,,,
TP,agalsidase beta,Fabry Disease,승인,NA,Approved,,DB00103,C0002986,,,,
TP,turoctocog alfa,Hemophilia A,승인,NA,Approved,,DB09109,C0019069,,,,
TP,carboprost,Postpartum Hemorrhage,승인,NA,Approved,,DB00429,C0032797,,,,
TP,carboprost,Unspecified Abortion,승인,NA,Approved,,DB00429,C0156543,,,,
TP,agalsidase alfa,Fabry Disease,승인,NA,Approved,,DB15874,C0002986,,,,
TP,flibanserin,Hypoactive Sexual Desire Disorder,승인,NA,Approved,,DB04908,C0020594,,,,
TP,dibotermin alfa,Intervertebral Disc Degeneration,승인,NA,Approved,,DB11639,C0158266,,,,
TP,dibotermin alfa,Tibial Fractures,승인,NA,Approved,,DB11639,C0040185,,,,
TP,oprelvekin,Thrombocytopenia,승인,NA,Approved,,DB00038,C0040034,,,,
TP,rolapitant,Chemotherapy-induced nausea and vomiting,승인,NA,Approved,,DB09291,C0401160,,,,
TP,sebelipase alfa,Wolman Disease,승인,NA,Approved,,DB11563,C0043208,,,,
TP,uridine triacetate,Antimetabolite overdose,승인,NA,Approved,,DB09144,C0572583,,,,
TP,uridine triacetate,Hereditary orotic aciduria,승인,NA,Approved,,DB09144,C0220987,,,,
TP,alglucosidase alfa,Generalized glycogen storage disease of infants,승인,NA,Approved,,DB01272,C0342751,,,,
TP,mogamulizumab,Peripheral T-Cell Lymphoma,승인,NA,Approved,,DB12498,C0079774,,,,
TP,mogamulizumab,Mycosis Fungoides,승인,NA,Approved,,DB12498,C0026948,,,,
TP,mogamulizumab,"Lymphoma, T-Cell, Cutaneous",승인,NA,Approved,,DB12498,C0079773,,,,
TP,menadiol sodium diphosphate,"Jaundice, Obstructive",승인,NA,Approved,,DB09332,C0022354,,,,
TP,menadiol sodium diphosphate,Hemorrhage,승인,NA,Approved,,DB09332,C0019080,,,,
TP,hyaluronidase,Multiple Myeloma,승인,NA,Approved,,DB14740,C0026764,,,,
TP,hyaluronidase,Primary amyloidosis,승인,NA,Approved,,DB14740,C0268381,,,,
TP,protamine sulfate,Heparin overdose,승인,NA,Approved,,DB09141,C0573789,,,,
TP,ergoloid mesylates,Dementia,승인,NA,Approved,,DB01049,C0497327,,,,
TP,sodium phosphate (32P),Polycythemia Vera,승인,NA,Approved,,DB09370,C0032463,,,,
TP,cariprazine,Schizophrenia,승인,NA,Approved,,DB06016,C0036341,,,,
TP,cariprazine,Mixed bipolar I disorder,승인,NA,Approved,,DB06016,C0236780,,,,
TP,cariprazine,"Bipolar affective disorder, current episode manic",승인,NA,Approved,,DB06016,C0338873,,,,
TP,carbromal,Sleeplessness,승인,NA,Approved,,DB13817,C0917801,,,,
TP,somatrem,Pituitary dwarfism,승인,NA,Approved,,DB09098,C0013338,,,,
TP,somatrem,Growth retardation,승인,NA,Approved,,DB09098,C0151686,,,,
TP,sacrosidase,"Sucrase-isomaltase deficiency, congenital",승인,NA,Approved,,DB06760,C1283620,,,,
TP,reteplase,Acute myocardial infarction,승인,NA,Approved,,DB00015,C0155626,,,,
TP,cobimetinib,"Malignant melanoma, metastatic",승인,NA,Approved,,DB05239,C0860594,,,,
TP,saroglitazar,Dyslipidemia due to type 2 diabetes mellitus,승인,NA,Approved,,DB13115,C3661933,,,,
TP,pitolisant,Narcolepsy,승인,NA,Approved,,DB11642,C0027404,,,,
TP,asfotase alfa,Hypophosphatasia,승인,NA,Approved,,DB09105,C0020630,,,,
TP,carbutamide,"Diabetes Mellitus, Non-Insulin-Dependent",승인,NA,Approved,,DB13406,C0011860,,,,
TP,collagenase,"Dupuytren's disease of finger, with contracture",승인,NA,Approved,,DB00048,C0410065,,,,
TP,collagenase,Peyronie Disease,승인,NA,Approved,,DB00048,C0030848,,,,
TP,aripiprazole lauroxil,Schizophrenia,승인,NA,Approved,,DB14185,C0036341,,,,
TP,amino(diphenylhydantoin) valeric acid,Epilepsy,승인,NA,Approved,,DB13396,C0014544,,,,
TP,omarigliptin,"Diabetes Mellitus, Non-Insulin-Dependent",승인,NA,Approved,,DB11992,C0011860,,,,
TP,idarucizumab,Drug-induced coagulation inhibitor disorder,승인,NA,Approved,,DB09264,C0272373,,,,
TP,patiromer calcium,Hyperkalemia,승인,NA,Approved,,DB09263,C0020461,,,,
TP,insulin glulisine,Diabetes Mellitus,승인,NA,Approved,,DB01309,C0011849,,,,
TP,ozenoxacin,Staphylococcal Skin Infections,승인,NA,Approved,,DB12924,C0038166,,,,
TP,ozenoxacin,Superficial bacterial infection of skin,승인,NA,Approved,,DB12924,C0342985,,,,
TP,ozenoxacin,Acne Vulgaris,승인,NA,Approved,,DB12924,C0001144,,,,
TP,lusutrombopag,Thrombocytopenia,승인,NA,Approved,,DB13125,C0040034,,,,
TP,esflurbiprofen,Degenerative polyarthritis,승인,NA,Approved,,DB16159,C0029408,,,,
TP,mepolizumab,Eosinophilic Pneumonia,승인,NA,Approved,,DB06612,C1527407,,,,
TP,mepolizumab,Asthma,승인,NA,Approved,,DB06612,C0004096,,,,
TP,mepolizumab,Eosinophilic granulomatosis with polyangiitis,승인,NA,Approved,,DB06612,C0008728,,,,
TP,osimertinib,Epidermal growth factor receptor positive non-small cell lung cancer,승인,NA,Approved,,DB09330,C1960925,,,,
TP,daratumumab,Multiple Myeloma,승인,NA,Approved,,DB09331,C0026764,,,,
TP,daratumumab,Primary amyloidosis,승인,NA,Approved,,DB09331,C0268381,,,,
TP,climbazole,Seborrheic dermatitis,승인,NA,Approved,,DB15580,C0036508,,,,
TP,tenecteplase,Acute myocardial infarction,승인,NA,Approved,,DB00031,C0155626,,,,
TP,ixazomib,Multiple Myeloma,승인,NA,Approved,,DB09570,C0026764,,,,
TP,susoctocog alfa,"Factor 8 deficiency, acquired",승인,NA,Approved,,DB11606,C0272325,,,,
TP,asparaginase,Acute lymphocytic leukemia,승인,NA,Approved,,DB00023,C0023449,,,,
TP,necitumumab,Non-Small Cell Lung Carcinoma,승인,NA,Approved,,DB09559,C0007131,,,,
TP,necitumumab,Squamous non-small cell lung cancer,승인,NA,Approved,,DB09559,C4509816,,,,
TP,elotuzumab,Multiple Myeloma,승인,NA,Approved,,DB06317,C0026764,,,,
TP,elotuzumab,Relapse multiple myeloma,승인,NA,Approved,,DB06317,C2349261,,,,
TP,lesinurad,Hyperuricemia,승인,NA,Approved,,DB11560,C0740394,,,,
TP,ferric maltol,Iron deficiency anemia,승인,NA,Approved,,DB15598,C0162316,,,,
TP,selexipag,Pulmonary arterial hypertension,승인,NA,Approved,,DB11362,C2973725,,,,
TP,lobeglitazone,"Diabetes Mellitus, Non-Insulin-Dependent",승인,NA,Approved,,DB09198,C0011860,,,,
TP,nemonoxacin,Community acquired pneumonia,승인,NA,Approved,,DB06600,C0694549,,,,
TP,carindacillin,Bacterial urinary infection,승인,NA,Approved,,DB09319,C0729524,,,,
TP,elbasvir,"Hepatitis C, Chronic",승인,NA,Approved,,DB11574,C0524910,,,,
TP,grazoprevir,"Hepatitis C, Chronic",승인,NA,Approved,,DB11575,C0524910,,,,
TP,pegaspargase,Acute lymphocytic leukemia,승인,NA,Approved,,DB00059,C0023449,,,,
TP,ixekizumab,Chronic small plaque psoriasis,승인,NA,Approved,,DB11569,C0406317,,,,
TP,ixekizumab,Ankylosing spondylitis,승인,NA,Approved,,DB11569,C0038013,,,,
TP,ixekizumab,Non-Radiographic Axial Spondyloarthritis,승인,NA,Approved,,DB11569,C3889038,,,,
TP,ixekizumab,Pustular psoriasis,승인,NA,Approved,,DB11569,C0152081,,,,
TP,ixekizumab,Erythrodermic psoriasis,승인,NA,Approved,,DB11569,C0748052,,,,
TP,eftrenonacog alfa,Hemophilia B,승인,NA,Approved,,DB11608,C0008533,,,,
TP,denileukin diftitox,"Lymphoma, T-Cell, Cutaneous",승인,NA,Approved,,DB00004,C0079773,,,,
TP,alefacept,Chronic small plaque psoriasis,승인,NA,Approved,,DB00092,C0406317,,,,
TP,abatacept,Rheumatoid Arthritis,승인,NA,Approved,,DB01281,C0003873,,,,
TP,carisoprodol,Back Pain,승인,NA,Approved,,DB00395,C0004604,,,,
TP,carisoprodol,Muscle Spasticity,승인,NA,Approved,,DB00395,C0026838,,,,
TP,belatacept,Renal transplant rejection,승인,NA,Approved,,DB06681,C0238217,,,,
TP,defibrotide,Hepatic Veno-Occlusive Disease,승인,NA,Approved,,DB04932,C0019156,,,,
TP,reslizumab,Eosinophilic Pneumonia,승인,NA,Approved,,DB06602,C1527407,,,,
TP,obiltoxaximab,Inhalational anthrax,승인,NA,Approved,,DB05336,C0155866,,,,
TP,octocog alfa,Hemophilia A,승인,NA,Approved,,DB00025,C0019069,,,,
TP,galsulfase,Mucopolysaccharidosis VI,승인,NA,Approved,,DB01279,C0026709,,,,
TP,rilonacept,Cryopyrin-Associated Periodic Syndromes,승인,NA,Approved,,DB06372,C2316212,,,,
TP,beractant,"Respiratory Distress Syndrome, Newborn",승인,NA,Approved,,DB06761,C0035220,,,,
TP,carmofur,Malignant tumor of colon,승인,NA,Approved,,DB09010,C0007102,,,,
TP,migalastat,Fabry Disease,승인,NA,Approved,,DB05018,C0002986,,,,
TP,hemin,Acute intermittent porphyria,승인,NA,Approved,,DB03404,C0162565,,,,
TP,carmustine,Malignant neoplasm of brain,승인,NA,Approved,,DB00262,C0153633,,,,
TP,carmustine,Multiple Myeloma,승인,NA,Approved,,DB00262,C0026764,,,,
TP,carmustine,Hodgkin Disease,승인,NA,Approved,,DB00262,C0019829,,,,
TP,carmustine,Diffuse Large B-Cell Lymphoma,승인,NA,Approved,,DB00262,C0079744,,,,
TP,carmustine,Malignant Glioma,승인,NA,Approved,,DB00262,C0555198,,,,
TP,carmustine,Brain Glioblastoma,승인,NA,Approved,,DB00262,C0349543,,,,
TP,sucroferric oxyhydroxide,Hyperphosphatemia (disorder),승인,NA,Approved,,DB09146,C0085681,,,,
TP,omega-3-carboxylic acids,Hypertriglyceridemia,승인,NA,Approved,,DB09568,C0020557,,,,
TP,ferric carboxymaltose,Iron deficiency anemia,승인,NA,Approved,,DB08917,C0162316,,,,
TP,alglucerase,"Gaucher Disease, Type 1",승인,NA,Approved,,DB00088,C1961835,,,,
TP,levocarnitine,Carnitine deficiency,승인,NA,Approved,,DB00583,C1142132,,,,
TP,venetoclax,Chronic Lymphocytic Leukemia,승인,NA,Approved,,DB11581,C0023434,,,,
TP,venetoclax,"Leukemia, Myelocytic, Acute",승인,NA,Approved,,DB11581,C0023467,,,,
TP,venetoclax,Small Lymphocytic Lymphoma,승인,NA,Approved,,DB11581,C0855095,,,,
TP,dornase alfa,Cystic Fibrosis,승인,NA,Approved,,DB00003,C0010674,,,,
TP,peginterferon beta-1a,"Multiple Sclerosis, Relapsing-Remitting",승인,NA,Approved,,DB09122,C0751967,,,,
TP,interferon beta-1a,"Multiple Sclerosis, Relapsing-Remitting",승인,NA,Approved,,DB00060,C0751967,,,,
TP,interferon beta-1b,"Multiple Sclerosis, Relapsing-Remitting",승인,NA,Approved,,DB00068,C0751967,,,,
TP,alteplase,Ischemic stroke,승인,NA,Approved,,DB00009,C0948008,,,,
TP,alteplase,Acute myocardial infarction,승인,NA,Approved,,DB00009,C0155626,,,,
TP,pimavanserin,Parkinson Disease,승인,NA,Approved,,DB05316,C0030567,,,,
TP,opicapone,Parkinson Disease,승인,NA,Approved,,DB11632,C0030567,,,,
TP,gluconolactone,Urinary Bladder Calculi (disorder),승인,NA,Approved,,DB04564,C0005683,,,,
TP,faropenem medoxil,Respiratory Tract Infections,승인,NA,Approved,,DB05659,C0035243,,,,
TP,faropenem medoxil,"Skin Diseases, Bacterial",승인,NA,Approved,,DB05659,C0162627,,,,
TP,poractant alfa,"Respiratory Distress Syndrome, Newborn",승인,NA,Approved,,DB09113,C0035220,,,,
TP,atezolizumab,"Carcinoma, Transitional Cell",승인,NA,Approved,,DB11595,C0007138,,,,
TP,atezolizumab,Extensive stage primary small cell carcinoma of lung,승인,NA,Approved,,DB11595,C4303663,,,,
TP,atezolizumab,Metastatic non-small cell lung cancer,승인,NA,Approved,,DB11595,C0278987,,,,
TP,atezolizumab,Liver carcinoma,승인,NA,Approved,,DB11595,C2239176,,,,
TP,conestat alfa,Hereditary C1 esterase inhibitor deficiency - deficient factor,승인,NA,Approved,,DB09228,C0398775,,,,
TP,velpatasvir,"Hepatitis C, Chronic",승인,NA,Approved,,DB11613,C0524910,,,,
TP,velpatasvir,Early cirrhosis,승인,NA,Approved,,DB11613,C1299579,,,,
TP,obeticholic acid,Primary cholangitis,승인,NA,Approved,,DB05990,C0267919,,,,
TP,peginterferon alfa-2a,"Hepatitis C, Chronic",승인,NA,Approved,,DB00008,C0524910,,,,
TP,peginterferon alfa-2a,"Hepatitis B, Chronic",승인,NA,Approved,,DB00008,C0524909,,,,
TP,eptacog alfa (activated),Hemophilia A,승인,NA,Approved,,DB00036,C0019069,,,,
TP,eptacog alfa (activated),Hemophilia B,승인,NA,Approved,,DB00036,C0008533,,,,
TP,eptacog alfa (activated),Thrombasthenia,승인,NA,Approved,,DB00036,C0040015,,,,
TP,eptacog alfa (activated),Factor VII Deficiency,승인,NA,Approved,,DB00036,C0015503,,,,
TP,carfenazine,Chronic schizophrenia,승인,NA,Approved,,DB01038,C0221765,,,,
TP,epoetin beta,Anemia in chronic kidney disease,승인,NA,Approved,,DB00016,C1561828,,,,
TP,pancrelipase,Exocrine pancreatic insufficiency,승인,NA,Approved,,DB00085,C0267963,,,,
TP,nadroparin calcium,Deep Vein Thrombosis,승인,NA,Approved,,DB08813,C0149871,,,,
TP,nonacog alfa,Hemophilia B,승인,NA,Approved,,DB00100,C0008533,,,,
TP,peginterferon alfa-2b,"Hepatitis C, Chronic",승인,NA,Approved,,DB00022,C0524910,,,,
TP,methoxy polyethylene glycol-epoetin beta,Anemia in chronic kidney disease,승인,NA,Approved,,DB09107,C1561828,,,,
TP,moroctocog alfa,Hemophilia A,승인,NA,Approved,,DB13999,C0019069,,,,
TP,lenograstim,Chemotherapy induced neutropenia,승인,NA,Approved,,DB13144,C1827687,,,,
TP,lenograstim,Refractory acute myeloid leukemia,승인,NA,Approved,,DB13144,C4528668,,,,
TP,lenograstim,Relapsing acute myeloid leukemia,승인,NA,Approved,,DB13144,C2349276,,,,
TP,eldecalcitol,Osteoporosis,승인,NA,Approved,,DB05295,C0029456,,,,
TP,epoetin zeta,Anemia in chronic kidney disease,승인,NA,Approved,,DB00016,C1561828,,,,
TP,alipogene tiparvovec,Hyperlipoproteinemia Type I,승인,NA,Approved,,DB13521,C0023817,,,,
TP,vonicog alfa,von Willebrand Disease,승인,NA,Approved,,DB12872,C0042974,,,,
TP,lifitegrast,Dry Eye Syndromes,승인,NA,Approved,,DB11611,C0013238,,,,
TP,eptotermin alfa,"Fractures, Ununited",승인,NA,Approved,,DB11631,C0016665,,,,
TP,pegloticase,Gout,승인,NA,Approved,,DB09208,C0018099,,,,
TP,muromonab-CD3,Renal transplant rejection,승인,NA,Approved,,DB00075,C0238217,,,,
TP,efmoroctocog alfa,Hemophilia A,승인,NA,Approved,,DB11607,C0019069,,,,
TP,brodalumab,Chronic small plaque psoriasis,승인,NA,Approved,,DB11776,C0406317,,,,
TP,brodalumab,Non-Radiographic Axial Spondyloarthritis,승인,NA,Approved,,DB11776,C3889038,,,,
TP,talimogene laherparepvec,melanoma,승인,NA,Approved,,DB13896,C0025202,,,,
TP,etelcalcetide,"Hyperparathyroidism, Secondary",승인,NA,Approved,,DB12865,C0020503,,,,
TP,eteplirsen,"Muscular Dystrophy, Duchenne",승인,NA,Approved,,DB06014,C0013264,,,,
TP,olaratumab,Sarcoma,승인,NA,Approved,,DB06043,C1261473,,,,
TP,bezlotoxumab,Clostridium difficile infection,승인,NA,Approved,,DB13140,C0343386,,,,
TP,radotinib,"Myeloid Leukemia, Chronic",승인,NA,Approved,,DB12323,C0023473,,,,
TP,albutrepenonacog alfa,Hemophilia B,승인,NA,Approved,,DB13884,C0008533,,,,
TP,talc,Secondary spontaneous pneumothorax,승인,NA,Approved,,DB09511,C3161098,,,,
TP,mecasermin rinfabate,Laron Syndrome,승인,NA,Approved,,DB14751,C0271568,,,,
TP,taliglucerase alfa,"Gaucher Disease, Type 1",승인,NA,Approved,,DB08876,C1961835,,,,
TP,carteolol,"Glaucoma, Open-Angle",승인,NA,Approved,,DB00521,C0017612,,,,
TP,carteolol,Hypertensive disease,승인,NA,Approved,,DB00521,C0020538,,,,
TP,carteolol,Ocular Hypertension,승인,NA,Approved,,DB00521,C0028840,,,,
TP,crisaborole,"Dermatitis, Atopic",승인,NA,Approved,,DB05219,C0011615,,,,
TP,baricitinib,Rheumatoid Arthritis,승인,NA,Approved,,DB11817,C0003873,,,,
TP,baricitinib,Pneumonia caused by SARS-CoV-2,승인,NA,Approved,,DB11817,C5244027,,,,
TP,baricitinib,"Dermatitis, Atopic",승인,NA,Approved,,DB11817,C0011615,,,,
TP,baricitinib,Alopecia Areata,승인,NA,Approved,,DB11817,C0002171,,,,
TP,rucaparib,Malignant neoplasm of ovary,승인,NA,Approved,,DB12332,C1140680,,,,
TP,ferumoxytol,Iron deficiency anemia,승인,NA,Approved,,DB06215,C0162316,,,,
TP,interferon alfa-2b,Hairy Cell Leukemia,승인,NA,Approved,,DB00105,C0023443,,,,
TP,interferon alfa-2b,melanoma,승인,NA,Approved,,DB00105,C0025202,,,,
TP,interferon alfa-2b,Condylomata Acuminata,승인,NA,Approved,,DB00105,C0009663,,,,
TP,interferon alfa-2b,AIDS with Kaposi's sarcoma,승인,NA,Approved,,DB00105,C0276535,,,,
TP,interferon alfa-2b,"Hepatitis C, Chronic",승인,NA,Approved,,DB00105,C0524910,,,,
TP,interferon alfa-2b,"Hepatitis B, Chronic",승인,NA,Approved,,DB00105,C0524909,,,,
TP,pegademase,Adenosine deaminase deficiency,승인,NA,Approved,,DB00061,C0268124,,,,
TP,nusinersen,Spinal Muscular Atrophy,승인,NA,Approved,,DB13161,C0026847,,,,
TP,plecanatide,Chronic idiopathic constipation,승인,NA,Approved,,DB13170,C0267509,,,,
TP,icotinib,Non-Small Cell Lung Carcinoma,승인,NA,Approved,,DB11737,C0007131,,,,
TP,olmutinib,Non-Small Cell Lung Carcinoma,승인,NA,Approved,,DB13164,C0007131,,,,
TP,apatinib,Metastatic malignant neoplasm to stomach,승인,NA,Approved,,DB14765,C0686068,,,,
TP,tasonermin,Sarcoma,승인,NA,Approved,,DB11626,C1261473,,,,
TP,telotristat ethyl,Diarrhea,승인,NA,Approved,,DB12095,C0011991,,,,
TP,beclabuvir,"Hepatitis C, Chronic",승인,NA,Approved,,DB12225,C0524910,,,,
TP,crisantaspase,Acute lymphocytic leukemia,승인,NA,Approved,,DB08886,C0023449,,,,
TP,ribociclib,Hormone receptor positive malignant neoplasm of breast,승인,NA,Approved,,DB11730,C1562029,,,,
TP,trafermin,Alveolar Bone Loss,승인,NA,Approved,,DB06244,C0002382,,,,
TP,trafermin,Tympanic Membrane Perforation,승인,NA,Approved,,DB06244,C0206504,,,,
TP,carvedilol,Left ventricular cardiac dysfunction,승인,NA,Approved,,DB01136,C1997351,,,,
TP,carvedilol,Chronic heart failure,승인,NA,Approved,,DB01136,C0264716,,,,
TP,carvedilol,Hypertensive disease,승인,NA,Approved,,DB01136,C0020538,,,,
TP,naldemedine,Therapeutic opioid induced constipation,승인,NA,Approved,,DB11691,C3874358,,,,
TP,avelumab,Merkel cell carcinoma,승인,NA,Approved,,DB11945,C0007129,,,,
TP,avelumab,Renal Cell Carcinoma,승인,NA,Approved,,DB11945,C0007134,,,,
TP,niraparib,Malignant epithelial tumor of ovary,승인,NA,Approved,,DB11793,C0346161,,,,
TP,niraparib,Carcinoma in situ of fallopian tube,승인,NA,Approved,,DB11793,C0347176,,,,
TP,niraparib,Malignant tumor of peritoneum,승인,NA,Approved,,DB11793,C0153467,,,,
TP,niraparib,Malignant neoplasm of ovary,승인,NA,Approved,,DB11793,C1140680,,,,
TP,ocrelizumab,"Multiple Sclerosis, Primary Progressive",승인,NA,Approved,,DB11988,C0751964,,,,
TP,dupilumab,"Dermatitis, Atopic",승인,NA,Approved,,DB12159,C0011615,,,,
TP,dupilumab,Chronic sinusitis,승인,NA,Approved,,DB12159,C0149516,,,,
TP,dupilumab,Asthma,승인,NA,Approved,,DB12159,C0004096,,,,
TP,sodium zirconium cyclosilicate,Hyperkalemia,승인,NA,Approved,,DB14048,C0020461,,,,
TP,deutetrabenazine,Tardive Dyskinesia,승인,NA,Approved,,DB12161,C0686347,,,,
TP,deutetrabenazine,Huntington Disease,승인,NA,Approved,,DB12161,C0020179,,,,
TP,valbenazine,Tardive Dyskinesia,승인,NA,Approved,,DB11915,C0686347,,,,
TP,simoctocog alfa,Hemophilia A,승인,NA,Approved,,DB09108,C0019069,,,,
TP,simoctocog alfa,Factor VIII Deficiency,승인,NA,Approved,,DB09108,C3494187,,,,
TP,forodesine,Peripheral T-Cell Lymphoma,승인,NA,Approved,,DB06185,C0079774,,,,
TP,cerliponase alfa,Late-Infantile Neuronal Ceroid Lipfuscinosis,승인,NA,Approved,,DB13173,C0022340,,,,
TP,midostaurin,"Leukemia, Myelocytic, Acute",승인,NA,Approved,,DB06595,C0023467,,,,
TP,midostaurin,Aggressive Systemic Mastocytosis,승인,NA,Approved,,DB06595,C1112486,,,,
TP,midostaurin,"Leukemia, Mast-Cell",승인,NA,Approved,,DB06595,C0023461,,,,
TP,abaloparatide,At risk of osteoporotic fracture,승인,NA,Approved,,DB05084,C1272017,,,,
TP,brigatinib,Non-Small Cell Lung Carcinoma,승인,NA,Approved,,DB12267,C0007131,,,,
TP,durvalumab,"Carcinoma, Transitional Cell",승인,NA,Approved,,DB11714,C0007138,,,,
TP,durvalumab,Extensive stage primary small cell carcinoma of lung,승인,NA,Approved,,DB11714,C4303663,,,,
TP,durvalumab,Non-Small Cell Lung Carcinoma,승인,NA,Approved,,DB11714,C0007131,,,,
TP,durvalumab,Small cell carcinoma of lung,승인,NA,Approved,,DB11714,C0149925,,,,
TP,cenegermin,Neurotrophic keratitis,승인,NA,Approved,,DB13926,C0339296,,,,
TP,benproperine,Coughing,승인,NA,Approved,,DB13309,C0010200,,,,
TP,sarilumab,Rheumatoid Arthritis,승인,NA,Approved,,DB11767,C0003873,,,,
TP,delafloxacin,"Skin Diseases, Bacterial",승인,NA,Approved,,DB11943,C0162627,,,,
TP,evogliptin,"Diabetes Mellitus, Non-Insulin-Dependent",승인,NA,Approved,,DB12625,C0011860,,,,
TP,polmacoxib,Degenerative polyarthritis,승인,NA,Approved,,DB12399,C0029408,,,,
TP,betrixaban,At risk of venous thromboembolus,승인,NA,Approved,,DB12364,C1960639,,,,
TP,voxilaprevir,"Hepatitis C, Chronic",승인,NA,Approved,,DB12026,C0524910,,,,
TP,glecaprevir,"Hepatitis C, Chronic",승인,NA,Approved,,DB13879,C0524910,,,,
TP,glecaprevir,Early cirrhosis,승인,NA,Approved,,DB13879,C1299579,,,,
TP,pibrentasvir,"Hepatitis C, Chronic",승인,NA,Approved,,DB13878,C0524910,,,,
TP,pibrentasvir,Early cirrhosis,승인,NA,Approved,,DB13878,C1299579,,,,
TP,guselkumab,Chronic small plaque psoriasis,승인,NA,Approved,,DB11834,C0406317,,,,
TP,guselkumab,Pustulosis of Palms and Soles,승인,NA,Approved,,DB11834,C0030246,,,,
TP,inotuzumab ozogamicin,Pre B-cell acute lymphoblastic leukemia,승인,NA,Approved,,DB05889,C0349636,,,,
TP,pemafibrate,Dyslipidemias,승인,NA,Approved,,DB15212,C0242339,,,,
TP,zabofloxacin,Acute infective exacerbation of chronic obstructive airways disease,승인,NA,Approved,,DB12479,C0563269,,,,
TP,cefaclor,Acute Moraxella catarrhalis bronchitis,승인,NA,Approved,,DB00833,C0339932,,,,
TP,cefaclor,Tonsillitis,승인,NA,Approved,,DB00833,C0040425,,,,
TP,cefaclor,Streptococcal tonsillitis,승인,NA,Approved,,DB00833,C0275804,,,,
TP,cefaclor,Upper Respiratory Infections,승인,NA,Approved,,DB00833,C0041912,,,,
TP,cefaclor,Haemophilus influenzae pneumonia,승인,NA,Approved,,DB00833,C0276026,,,,
TP,cefaclor,Pneumonia,승인,NA,Approved,,DB00833,C0032285,,,,
TP,cefaclor,Lower respiratory tract infection,승인,NA,Approved,,DB00833,C0149725,,,,
TP,cefaclor,Acute bacterial bronchitis,승인,NA,Approved,,DB00833,C0339933,,,,
TP,cefaclor,Group A Streptococcal Infections,승인,NA,Approved,,DB00833,C0554628,,,,
TP,cefaclor,Urinary tract infection,승인,NA,Approved,,DB00833,C0042029,,,,
TP,cefaclor,Pharyngitis,승인,NA,Approved,,DB00833,C0031350,,,,
TP,cefaclor,Streptococcal pneumonia,승인,NA,Approved,,DB00833,C0155862,,,,
TP,cefaclor,Staphylococcus aureus infection,승인,NA,Approved,,DB00833,C1318973,,,,
TP,cefaclor,Infective otitis media,승인,NA,Approved,,DB00833,C0729586,,,,
TP,imrecoxib,Degenerative polyarthritis,승인,NA,Approved,,DB12354,C0029408,,,,
TP,enasidenib,"Leukemia, Myelocytic, Acute",승인,NA,Approved,,DB13874,C0023467,,,,
TP,neratinib,HER2-positive carcinoma of breast,승인,NA,Approved,,DB11828,C1960398,,,,
TP,vaborbactam,Urinary tract infection caused by Klebsiella,승인,NA,Approved,,DB12107,C4076057,,,,
TP,vaborbactam,Urinary tract infection caused by Escherichia coli,승인,NA,Approved,,DB12107,C0577708,,,,
TP,butylphthalide,Ischemic stroke,승인,NA,Approved,,DB12749,C0948008,,,,
TP,tivozanib,Renal Cell Carcinoma,승인,NA,Approved,,DB11800,C0007134,,,,
TP,abemaciclib,Hormone receptor positive malignant neoplasm of breast,승인,NA,Approved,,DB12001,C1562029,,,,
TP,abemaciclib,Human epidermal growth factor 2 negative carcinoma of breast,승인,NA,Approved,,DB12001,C2316304,,,,
TP,cefadroxil,Urinary tract infection,승인,NA,Approved,,DB01140,C0042029,,,,
TP,cefadroxil,Group A Streptococcal Infections,승인,NA,Approved,,DB01140,C0554628,,,,
TP,cefadroxil,Proteus urinary tract infection,승인,NA,Approved,,DB01140,C0577709,,,,
TP,cefadroxil,Klebsiella cystitis,승인,NA,Approved,,DB01140,C0520775,,,,
TP,cefadroxil,Urinary tract infection caused by Escherichia coli,승인,NA,Approved,,DB01140,C0577708,,,,
TP,cefadroxil,Tonsillitis,승인,NA,Approved,,DB01140,C0040425,,,,
TP,cefadroxil,Streptococcal tonsillitis,승인,NA,Approved,,DB01140,C0275804,,,,
TP,cefadroxil,Staphylococcus aureus infection,승인,NA,Approved,,DB01140,C1318973,,,,
TP,latanoprostene bunod,"Glaucoma, Open-Angle",승인,NA,Approved,,DB11660,C0017612,,,,
TP,latanoprostene bunod,Ocular Hypertension,승인,NA,Approved,,DB11660,C0028840,,,,
TP,letermovir,Cytomegalovirus Infections,승인,NA,Approved,,DB12070,C0010823,,,,
TP,benralizumab,Eosinophilic Pneumonia,승인,NA,Approved,,DB12023,C1527407,,,,
TP,vestronidase alfa,Mucopolysaccharidosis VII,승인,NA,Approved,,DB12366,C0085132,,,,
TP,lonoctocog alfa,Hemophilia A,승인,NA,Approved,,DB13998,C0019069,,,,
TP,amenamevir,Herpes zoster disease,승인,NA,Approved,,DB11701,C0019360,,,,
TP,semaglutide,"Diabetes Mellitus, Non-Insulin-Dependent",승인,NA,Approved,,DB13928,C0011860,,,,
TP,emicizumab,Hemophilia A,승인,NA,Approved,,DB13923,C0019069,,,,
TP,netarsudil,"Glaucoma, Open-Angle",승인,NA,Approved,,DB13931,C0017612,,,,
TP,netarsudil,Ocular Hypertension,승인,NA,Approved,,DB13931,C0028840,,,,
TP,cefamandole,Bacterial peritonitis,승인,NA,Approved,,DB01326,C0341503,,,,
TP,cefamandole,Proteus pneumonia,승인,NA,Approved,,DB01326,C1260917,,,,
TP,cefamandole,Bacterial infection due to Klebsiella pneumoniae,승인,NA,Approved,,DB01326,C0343402,,,,
TP,cefamandole,Urinary tract infection,승인,NA,Approved,,DB01326,C0042029,,,,
TP,cefamandole,Escherichia coli septicemia,승인,NA,Approved,,DB01326,C0276088,,,,
TP,cefamandole,Arthropathy associated with infection,승인,NA,Approved,,DB01326,C0157749,,,,
TP,cefamandole,Bacterial sepsis,승인,NA,Approved,,DB01326,C0684256,,,,
TP,cefamandole,Pneumonia,승인,NA,Approved,,DB01326,C0032285,,,,
TP,cefamandole,Infection of bone,승인,NA,Approved,,DB01326,C2242472,,,,
TP,cefamandole,Staphylococcal Pneumonia,승인,NA,Approved,,DB01326,C0032308,,,,
TP,cefamandole,Peritonitis,승인,NA,Approved,,DB01326,C0031154,,,,
TP,cefamandole,Escherichia coli Infections,승인,NA,Approved,,DB01326,C0014836,,,,
TP,cefamandole,Bacterial urinary infection,승인,NA,Approved,,DB01326,C0729524,,,,
TP,cefamandole,Lower respiratory tract infection,승인,NA,Approved,,DB01326,C0149725,,,,
TP,cefamandole,Staphylococcus aureus infection,승인,NA,Approved,,DB01326,C1318973,,,,
TP,cefamandole,Pneumonia due to Escherichia coli,승인,NA,Approved,,DB01326,C0276089,,,,
TP,cefamandole,Osteomyelitis due to Staphylococcus aureus,승인,NA,Approved,,DB01326,C1997728,,,,
TP,cefamandole,Haemophilus influenzae pneumonia,승인,NA,Approved,,DB01326,C0276026,,,,
TP,cefamandole,Group A Streptococcal Infections,승인,NA,Approved,,DB01326,C0554628,,,,
TP,cefamandole,Enterobacteriaceae Infections,승인,NA,Approved,,DB01326,C0014347,,,,
TP,cefamandole,Klebsiella cystitis,승인,NA,Approved,,DB01326,C0520775,,,,
TP,cefamandole,Proteus urinary tract infection,승인,NA,Approved,,DB01326,C0577709,,,,
TP,cefamandole,Staphylococcal sepsis,승인,NA,Approved,,DB01326,C0152965,,,,
TP,cefamandole,Urinary tract infection caused by Escherichia coli,승인,NA,Approved,,DB01326,C0577708,,,,
TP,cefamandole,Abdominal Infection,승인,NA,Approved,,DB01326,C1112209,,,,
TP,cefamandole,Streptococcal pneumonia,승인,NA,Approved,,DB01326,C0155862,,,,
TP,cefamandole,Streptococcal sepsis,승인,NA,Approved,,DB01326,C0152964,,,,
TP,ertugliflozin,"Diabetes Mellitus, Non-Insulin-Dependent",승인,NA,Approved,,DB11827,C0011860,,,,
TP,padeliporfin,Adenocarcinoma of prostate,승인,NA,Approved,,DB15575,C0007112,,,,
TP,bictegravir,HIV Infections,승인,NA,Approved,,DB11799,C0019693,,,,
TP,lutetium (177Lu) oxodotreotide,Neuroendocrine Tumors,승인,NA,Approved,,DB13985,C0206754,,,,
TP,tezacaftor,Pulmonary Cystic Fibrosis,승인,NA,Approved,,DB11712,C0392164,,,,
TP,elobixibat,Chronic constipation,승인,NA,Approved,,DB12486,C0401149,,,,
TP,apalutamide,Malignant neoplasm of prostate,승인,NA,Approved,,DB11901,C0376358,,,,
TP,apalutamide,Metastasis from malignant tumor of prostate,승인,NA,Approved,,DB11901,C1282496,,,,
TP,ibalizumab,HIV Infections,승인,NA,Approved,,DB12698,C0019693,,,,
TP,fostamatinib,Thrombocytopenia due to platelet alloimmunization,승인,NA,Approved,,DB12010,C0272286,,,,
TP,tildrakizumab,Chronic small plaque psoriasis,승인,NA,Approved,,DB14004,C0406317,,,,
TP,burosumab,"Vitamin D-Resistant Rickets, X-Linked",승인,NA,Approved,,DB14012,C3536984,,,,
TP,burosumab,Osteomalacia,승인,NA,Approved,,DB14012,C0029442,,,,
TP,fosnetupitant,Chemotherapy-induced nausea and vomiting,승인,NA,Approved,,DB14019,C0401160,,,,
TP,erenumab,Migraine Disorders,승인,NA,Approved,,DB14039,C0149931,,,,
TP,avatrombopag,Thrombocytopenia,승인,NA,Approved,,DB11995,C0040034,,,,
TP,moxidectin,Onchocerciasis,승인,NA,Approved,,DB11431,C0029001,,,,
TP,plazomicin,Urinary tract infection,승인,NA,Approved,,DB12615,C0042029,,,,
TP,cannabidiol,Lennox-Gastaut syndrome,승인,NA,Approved,,DB09061,C0238111,,,,
TP,cannabidiol,Infantile Severe Myoclonic Epilepsy,승인,NA,Approved,,DB09061,C0751122,,,,
TP,encorafenib,"Malignant melanoma, metastatic",승인,NA,Approved,,DB11718,C0860594,,,,
TP,binimetinib,"Malignant melanoma, metastatic",승인,NA,Approved,,DB11967,C0860594,,,,
TP,tecovirimat,Smallpox,승인,NA,Approved,,DB12020,C0037354,,,,
TP,tecovirimat,Monkeypox disease,승인,NA,Approved,,DB12020,C0276180,,,,
TP,tecovirimat,Cowpox,승인,NA,Approved,,DB12020,C0010232,,,,
TP,ivosidenib,"Leukemia, Myelocytic, Acute",승인,NA,Approved,,DB14568,C0023467,,,,
TP,elagolix,Endometriosis,승인,NA,Approved,,DB11979,C0014175,,,,
TP,eravacycline dihydrochloride,Abdominal Infection,승인,NA,Approved,,DB12329,C1112209,,,,
TP,doravirine,HIV Infections,승인,NA,Approved,,DB12301,C0019693,,,,
TP,duvelisib,Chronic Lymphocytic Leukemia,승인,NA,Approved,,DB11952,C0023434,,,,
TP,duvelisib,Small Lymphocytic Lymphoma,승인,NA,Approved,,DB11952,C0855095,,,,
TP,duvelisib,"Lymphoma, Follicular",승인,NA,Approved,,DB11952,C0024301,,,,
TP,dacomitinib,Epidermal growth factor receptor positive non-small cell lung cancer,승인,NA,Approved,,DB11963,C1960925,,,,
TP,sarecycline,Acne Vulgaris,승인,NA,Approved,,DB12035,C0001144,,,,
TP,omadacycline,"Pneumonia, Bacterial",승인,NA,Approved,,DB12455,C0004626,,,,
TP,omadacycline,"Skin Diseases, Bacterial",승인,NA,Approved,,DB12455,C0162627,,,,
TP,cefazolin,Arthropathy associated with infection,승인,NA,Approved,,DB01327,C0157749,,,,
TP,cefazolin,Bacterial urinary infection,승인,NA,Approved,,DB01327,C0729524,,,,
TP,cefazolin,Lower respiratory tract infection,승인,NA,Approved,,DB01327,C0149725,,,,
TP,cefazolin,Staphylococcal Pneumonia,승인,NA,Approved,,DB01327,C0032308,,,,
TP,cefazolin,Streptococcal pneumonia,승인,NA,Approved,,DB01327,C0155862,,,,
TP,cefazolin,Bacterial Endocarditis,승인,NA,Approved,,DB01327,C0014121,,,,
TP,cefazolin,Infection of bone,승인,NA,Approved,,DB01327,C2242472,,,,
TP,cefazolin,Bacterial sepsis,승인,NA,Approved,,DB01327,C0684256,,,,
TP,cefazolin,"Pneumonia, Bacterial",승인,NA,Approved,,DB01327,C0004626,,,,
TP,cefazolin,Cholangitis,승인,NA,Approved,,DB01327,C0008311,,,,
TP,cefazolin,Biliary tract infection,승인,NA,Approved,,DB01327,C0920156,,,,
TP,baloxavir marboxil,Influenza,승인,NA,Approved,,DB13997,C0021400,,,,
TP,lorlatinib,Non-Small Cell Lung Carcinoma,승인,NA,Approved,,DB12130,C0007131,,,,
TP,lorlatinib,Anaplastic lymphoma kinase fusion oncogene positive non-small cell lung cancer,승인,NA,Approved,,DB12130,C5394780,,,,
TP,revefenacin,Chronic Obstructive Airway Disease,승인,NA,Approved,,DB11855,C0024117,,,,
TP,glasdegib,"Leukemia, Myelocytic, Acute",승인,NA,Approved,,DB11978,C0023467,,,,
TP,larotrectinib,Malignant Neoplasm (Morphology),승인,NA,Approved,,DB14723,C1288351,,,,
TP,larotrectinib,Solid neoplasm with neurotrophic receptor tyrosine kinase gene fusion,승인,NA,Approved,,DB14723,C5192106,,,,
TP,gilteritinib,"Leukemia, Myelocytic, Acute",승인,NA,Approved,,DB12141,C0023467,,,,
TP,evocalcet,"Hyperparathyroidism, Secondary",승인,NA,Approved,,DB12388,C0020503,,,,
TP,evocalcet,Hypercalcemia due to hyperthyroidism,승인,NA,Approved,,DB12388,C0271852,,,,
TP,caplacizumab,"Purpura, Thrombotic Thrombocytopenic",승인,NA,Approved,,DB06081,C0034155,,,,
TP,lanadelumab,"Angioedemas, Hereditary",승인,NA,Approved,,DB14597,C0019243,,,,
TP,condoliase,Disorder of lumbar disc,승인,NA,Approved,,DB12793,C2733598,,,,
TP,vibegron,Bladder muscle dysfunction - overactive,승인,NA,Approved,,DB14895,C0403643,,,,
TP,omidenepag isopropyl,Ocular Hypertension,승인,NA,Approved,,DB15071,C0028840,,,,
TP,omidenepag isopropyl,Glaucoma,승인,NA,Approved,,DB15071,C0017601,,,,
TP,patisiran,Amyloid Neuropathies,승인,NA,Approved,,DB14582,C0206247,,,,
TP,patisiran,"Amyloid Neuropathies, Familial",승인,NA,Approved,,DB14582,C0206245,,,,
TP,moxetumomab pasudotox,Hairy Cell Leukemia,승인,NA,Approved,,DB12688,C0023443,,,,
TP,fremanezumab,Migraine Disorders,승인,NA,Approved,,DB14041,C0149931,,,,
TP,galcanezumab,Migraine Disorders,승인,NA,Approved,,DB14042,C0149931,,,,
TP,cemiplimab,Squamous cell carcinoma,승인,NA,Approved,,DB14707,C0007137,,,,
TP,elapegademase,SCID due to absent adenosine deaminase,승인,NA,Approved,,DB14712,C0272230,,,,
TP,elapegademase,Adenosine deaminase deficiency,승인,NA,Approved,,DB14712,C0268124,,,,
TP,inotersen,Amyloid Neuropathies,승인,NA,Approved,,DB14713,C0206247,,,,
TP,emapalumab,Familial Hemophagocytic Lymphocytosis,승인,NA,Approved,,DB14724,C0272199,,,,
TP,calaspargase pegol,Acute lymphoblastic leukemia - category,승인,NA,Approved,,DB14730,C1531702,,,,
TP,ravulizumab,Paroxysmal nocturnal hemoglobinuria,승인,NA,Approved,,DB11580,C0024790,,,,
TP,ravulizumab,Atypical Hemolytic Uremic Syndrome,승인,NA,Approved,,DB11580,C2931788,,,,
TP,ravulizumab,Myasthenia Gravis,승인,NA,Approved,,DB11580,C0026896,,,,
TP,tagraxofusp,Blastic plasmacytoid dendritic cell neoplasm,승인,NA,Approved,,DB14731,C1301363,,,,
TP,brexanolone,"Depression, Postpartum",승인,NA,Approved,,DB11859,C0221074,,,,
TP,solriamfetol,Excessive daytime sleepiness - normal night sleep,승인,NA,Approved,,DB14754,C0393764,,,,
TP,solriamfetol,Narcolepsy,승인,NA,Approved,,DB14754,C0027404,,,,
TP,solriamfetol,"Sleep Apnea, Obstructive",승인,NA,Approved,,DB14754,C0520679,,,,
TP,siponimod,"Multiple Sclerosis, Relapsing-Remitting",승인,NA,Approved,,DB12371,C0751967,,,,
TP,erdafitinib,Metastatic urothelial carcinoma,승인,NA,Approved,,DB12147,C4288754,,,,
TP,bremelanotide,Hypoactive Sexual Desire Disorder,승인,NA,Approved,,DB11653,C0020594,,,,
TP,cefdinir,Acute bacterial sinusitis,승인,NA,Approved,,DB00535,C0275556,,,,
TP,cefdinir,Group A Streptococcal Infections,승인,NA,Approved,,DB00535,C0554628,,,,
TP,cefdinir,Streptococcal pneumonia,승인,NA,Approved,,DB00535,C0155862,,,,
TP,cefdinir,Haemophilus influenzae pneumonia,승인,NA,Approved,,DB00535,C0276026,,,,
TP,cefdinir,Acute Moraxella catarrhalis bronchitis,승인,NA,Approved,,DB00535,C0339932,,,,
TP,cefdinir,Streptococcal tonsillitis,승인,NA,Approved,,DB00535,C0275804,,,,
TP,cefdinir,Staphylococcus aureus infection,승인,NA,Approved,,DB00535,C1318973,,,,
TP,cefdinir,Infective otitis media,승인,NA,Approved,,DB00535,C0729586,,,,
TP,selinexor,Relapse multiple myeloma,승인,NA,Approved,,DB11942,C2349261,,,,
TP,onasemnogene abeparvovec,Spinal Muscular Atrophy,승인,NA,Approved,,DB15528,C0026847,,,,
TP,polatuzumab vedotin,Diffuse large B-cell lymphoma refractory,승인,NA,Approved,,DB12240,C0855112,,,,
TP,volanesorsen,Chylomicronemia syndrome,승인,NA,Approved,,DB15067,C1274228,,,,
TP,andexanet alfa,Direct acting anticoagulant adverse reaction,승인,NA,Approved,,DB14562,C0570328,,,,
TP,risankizumab,Psoriasis,승인,NA,Approved,,DB14762,C0033860,,,,
TP,risankizumab,Chronic small plaque psoriasis,승인,NA,Approved,,DB14762,C0406317,,,,
TP,risankizumab,Pustular psoriasis,승인,NA,Approved,,DB14762,C0152081,,,,
TP,risankizumab,Erythrodermic psoriasis,승인,NA,Approved,,DB14762,C0748052,,,,
TP,ropeginterferon alfa-2b,Polycythemia Vera,승인,NA,Approved,,DB15119,C0032463,,,,
TP,sotagliflozin,"Diabetes Mellitus, Insulin-Dependent",승인,NA,Approved,,DB12713,C0011854,,,,
TP,cefditoren pivoxil,Streptococcal tonsillitis,승인,NA,Approved,,DB01066,C0275804,,,,
TP,cefditoren pivoxil,Group A Streptococcal Infections,승인,NA,Approved,,DB01066,C0554628,,,,
TP,cefditoren pivoxil,"Pneumonia, Bacterial",승인,NA,Approved,,DB01066,C0004626,,,,
TP,cefditoren pivoxil,Acute exacerbation of chronic bronchitis,승인,NA,Approved,,DB01066,C0856695,,,,
TP,cefditoren pivoxil,Staphylococcus aureus infection,승인,NA,Approved,,DB01066,C1318973,,,,
TP,cefditoren pivoxil,Haemophilus influenzae pneumonia,승인,NA,Approved,,DB01066,C0276026,,,,
TP,pegvaliase,Classical phenylketonuria,승인,NA,Approved,,DB12839,C0751434,,,,
TP,quizartinib,Acute myeloid leukemia with FMS-like tyrosine kinase-3 mutation,승인,NA,Approved,,DB12874,C4543165,,,,
TP,quizartinib,"Leukemia, Myelocytic, Acute",승인,NA,Approved,,DB12874,C0023467,,,,
TP,relebactam,Urinary tract infection,승인,NA,Approved,,DB12377,C0042029,,,,
TP,relebactam,Pyelonephritis,승인,NA,Approved,,DB12377,C0034186,,,,
TP,relebactam,Urinary tract infection caused by Escherichia coli,승인,NA,Approved,,DB12377,C0577708,,,,
TP,relebactam,Urinary tract infection caused by Klebsiella,승인,NA,Approved,,DB12377,C4076057,,,,
TP,relebactam,Abdominal Infection,승인,NA,Approved,,DB12377,C1112209,,,,
TP,relebactam,Gastrointestinal infection caused by Klebsiella aerogenes,승인,NA,Approved,,DB12377,C1720135,,,,
TP,relebactam,Intestinal infection due to E. coli,승인,NA,Approved,,DB12377,C0341558,,,,
TP,relebactam,Intestinal infection due to Pseudomonas,승인,NA,Approved,,DB12377,C0152515,,,,
TP,relebactam,Pseudomonas gastrointestinal tract infection,승인,NA,Approved,,DB12377,C0343337,,,,
TP,relebactam,Infection caused by Citrobacter,승인,NA,Approved,,DB12377,C0948204,,,,
TP,relebactam,Klebsiella Infections,승인,NA,Approved,,DB12377,C0022729,,,,
TP,relebactam,Infection due to enterococcus,승인,NA,Approved,,DB12377,C1320183,,,,
TP,relebactam,Acinetobacter Infections,승인,NA,Approved,,DB12377,C0001139,,,,
TP,pexidartinib,Fibrous histiocytoma of tendon sheath,승인,NA,Approved,,DB12978,C1318543,,,,
TP,pretomanid,Extensively Drug-Resistant Tuberculosis,승인,NA,Approved,,DB05154,C1827301,,,,
TP,entrectinib,Reactive oxygen species 1 positive non-small cell lung cancer,승인,NA,Approved,,DB11986,C4302554,,,,
TP,upadacitinib,Rheumatoid Arthritis,승인,NA,Approved,,DB15091,C0003873,,,,
TP,upadacitinib,"Dermatitis, Atopic",승인,NA,Approved,,DB15091,C0011615,,,,
TP,upadacitinib,Ankylosing spondylitis,승인,NA,Approved,,DB15091,C0038013,,,,
TP,fedratinib,Myelofibrosis,승인,NA,Approved,,DB12500,C0026987,,,,
TP,fedratinib,Primary Myelofibrosis,승인,NA,Approved,,DB12500,C0001815,,,,
TP,fedratinib,Post-polycythemia vera myelofibrosis,승인,NA,Approved,,DB12500,C3805232,,,,
TP,fedratinib,Post-essential thrombocythemia myelofibrosis,승인,NA,Approved,,DB12500,C3805233,,,,
TP,lefamulin,"Pneumonia, Bacterial",승인,NA,Approved,,DB12825,C0004626,,,,
TP,lefamulin,Bronchopneumonia due to Haemophilus influenzae,승인,NA,Approved,,DB12825,C4040491,,,,
TP,lefamulin,Streptococcal pneumonia,승인,NA,Approved,,DB12825,C0155862,,,,
TP,lefamulin,Pneumonia due to Staphylococcus aureus,승인,NA,Approved,,DB12825,C2349530,,,,
TP,lefamulin,Mycoplasma pneumonia,승인,NA,Approved,,DB12825,C0032302,,,,
TP,lefamulin,Legionnaires' Disease,승인,NA,Approved,,DB12825,C0023241,,,,
TP,lefamulin,Pneumonia caused by Chlamydia pneumoniae,승인,NA,Approved,,DB12825,C4510691,,,,
TP,lefamulin,Haemophilus influenzae pneumonia,승인,NA,Approved,,DB12825,C0276026,,,,
TP,tenapanor,Irritable bowel syndrome characterized by constipation,승인,NA,Approved,,DB11761,C1868889,,,,
TP,cefepime,Urinary tract infection caused by Klebsiella,승인,NA,Approved,,DB01413,C4076057,,,,
TP,cefepime,Klebsiella cystitis,승인,NA,Approved,,DB01413,C0520775,,,,
TP,cefepime,Staphylococcus aureus infection,승인,NA,Approved,,DB01413,C1318973,,,,
TP,cefepime,Pneumonia due to Pseudomonas,승인,NA,Approved,,DB01413,C0155860,,,,
TP,cefepime,Streptococcal pneumonia,승인,NA,Approved,,DB01413,C0155862,,,,
TP,cefepime,Abdominal Infection,승인,NA,Approved,,DB01413,C1112209,,,,
TP,cefepime,Urinary tract infection caused by Escherichia coli,승인,NA,Approved,,DB01413,C0577708,,,,
TP,cefepime,"Pneumonia, Bacterial",승인,NA,Approved,,DB01413,C0004626,,,,
TP,cefepime,Group A Streptococcal Infections,승인,NA,Approved,,DB01413,C0554628,,,,
TP,cefepime,Bacterial infection due to Klebsiella pneumoniae,승인,NA,Approved,,DB01413,C0343402,,,,
TP,cefepime,Proteus urinary tract infection,승인,NA,Approved,,DB01413,C0577709,,,,
TP,cefepime,Infection due to Pseudomonas aeruginosa,승인,NA,Approved,,DB01413,C0276075,,,,
TP,cefepime,Bacterial peritonitis,승인,NA,Approved,,DB01413,C0341503,,,,
TP,cefepime,Bacterial urinary infection,승인,NA,Approved,,DB01413,C0729524,,,,
TP,trifarotene,Acne Vulgaris,승인,NA,Approved,,DB12808,C0001144,,,,
TP,lasmiditan,Migraine Disorders,승인,NA,Approved,,DB11732,C0149931,,,,
TP,cefiderocol,Bacterial urinary infection,승인,NA,Approved,,DB14879,C0729524,,,,
TP,cefiderocol,Urinary tract infection,승인,NA,Approved,,DB14879,C0042029,,,,
TP,cefiderocol,Pyelonephritis,승인,NA,Approved,,DB14879,C0034186,,,,
TP,cefiderocol,Urinary tract infection caused by Escherichia coli,승인,NA,Approved,,DB14879,C0577708,,,,
TP,cefiderocol,Urinary tract infection caused by Klebsiella,승인,NA,Approved,,DB14879,C4076057,,,,
TP,cefiderocol,Proteus urinary tract infection,승인,NA,Approved,,DB14879,C0577709,,,,
TP,cefiderocol,Gram-Negative Bacterial Infections,승인,NA,Approved,,DB14879,C0085423,,,,
TP,zanubrutinib,Waldenstrom Macroglobulinemia,승인,NA,Approved,,DB15035,C0024419,,,,
TP,givosiran,"Porphyrias, Hepatic",승인,NA,Approved,,DB15066,C0162533,,,,
TP,golodirsen,"Muscular Dystrophy, Duchenne",승인,NA,Approved,,DB15593,C0013264,,,,
TP,lumateperone,Schizophrenia,승인,NA,Approved,,DB06077,C0036341,,,,
TP,lemborexant,Sleeplessness,승인,NA,Approved,,DB11951,C0917801,,,,
TP,ubrogepant,Migraine Disorders,승인,NA,Approved,,DB15328,C0149931,,,,
TP,romosozumab,"Osteoporosis, Postmenopausal",승인,NA,Approved,,DB11866,C0029458,,,,
TP,brolucizumab,Exudative age-related macular degeneration,승인,NA,Approved,,DB14864,C0271084,,,,
TP,brolucizumab,Macular edema due to diabetes mellitus,승인,NA,Approved,,DB14864,C0730285,,,,
TP,luspatercept,beta Thalassemia,승인,NA,Approved,,DB12281,C0005283,,,,
TP,crizanlizumab,Vaso-occlusive pain episode in sickle cell disease,승인,NA,Approved,,DB15271,C4708695,,,,
TP,enfortumab vedotin,Metastatic urothelial carcinoma,승인,NA,Approved,,DB13007,C4288754,,,,
TP,trastuzumab deruxtecan,Metastatic human epidermal growth factor 2 positive carcinoma of breast,승인,NA,Approved,,DB14962,C4721209,,,,
TP,botulinum toxin type A,Lower limb spasticity,승인,NA,Approved,,DB00083,C1271100,,,,
TP,botulinum toxin type A,Upper limb spasticity,승인,NA,Approved,,DB00083,C1273957,,,,
TP,botulinum toxin type A,Increased frequency of micturition,승인,NA,Approved,,DB00083,C0042023,,,,
TP,botulinum toxin type A,Overactive Bladder,승인,NA,Approved,,DB00083,C0878773,,,,
TP,botulinum toxin type A,Neurogenic Urinary Bladder,승인,NA,Approved,,DB00083,C0005697,,,,
TP,cefixime,Acute otitis media,승인,NA,Approved,,DB00671,C0271429,,,,
TP,cefixime,Acute exacerbation of chronic bronchitis,승인,NA,Approved,,DB00671,C0856695,,,,
TP,cefixime,Upper Respiratory Infections,승인,NA,Approved,,DB00671,C0041912,,,,
TP,cefixime,Acute gonococcal urethritis,승인,NA,Approved,,DB00671,C0275652,,,,
TP,cefixime,Streptococcal tonsillitis,승인,NA,Approved,,DB00671,C0275804,,,,
TP,cefixime,Pharyngitis,승인,NA,Approved,,DB00671,C0031350,,,,
TP,cefixime,Proteus urinary tract infection,승인,NA,Approved,,DB00671,C0577709,,,,
TP,cefixime,Acute gonococcal cervicitis,승인,NA,Approved,,DB00671,C0153195,,,,
TP,cefixime,Urinary tract infection caused by Escherichia coli,승인,NA,Approved,,DB00671,C0577708,,,,
TP,cefixime,Infective otitis media,승인,NA,Approved,,DB00671,C0729586,,,,
TP,cefixime,Acute bacterial bronchitis,승인,NA,Approved,,DB00671,C0339933,,,,
TP,cefixime,Bronchitis,승인,NA,Approved,,DB00671,C0006277,,,,
TP,cefixime,Urinary tract infection,승인,NA,Approved,,DB00671,C0042029,,,,
TP,cefixime,Group A Streptococcal Infections,승인,NA,Approved,,DB00671,C0554628,,,,
TP,cefixime,Tonsillitis,승인,NA,Approved,,DB00671,C0040425,,,,
TP,cefixime,Gonorrhea,승인,NA,Approved,,DB00671,C0018081,,,,
TP,roxadustat,Anemia in chronic kidney disease,승인,NA,Approved,,DB04847,C1561828,,,,
TP,roxadustat,"Refractory anemia, without ringed sideroblasts, without excess blasts",승인,NA,Approved,,DB04847,C2981142,,,,
TP,elexacaftor,Cystic Fibrosis,승인,NA,Approved,,DB15444,C0010674,,,,
TP,turoctocog alfa pegol,Hemophilia A,승인,NA,Approved,,DB14738,C0019069,,,,
TP,molnupiravir,COVID19 (disease),승인,NA,Approved,,DB15661,C5203670,,,,
TP,avapritinib,Gastrointestinal Stromal Tumors,승인,NA,Approved,,DB15233,C0238198,,,,
TP,tazemetostat,"Sarcoma, Epithelioid",승인,NA,Approved,,DB12887,C0205944,,,,
TP,rimegepant,Migraine Disorders,승인,NA,Approved,,DB12457,C0149931,,,,
TP,bempedoic acid,Familial hypercholesterolemia - heterozygous,승인,NA,Approved,,DB11936,C0342882,,,,
TP,bempedoic acid,Atherosclerotic occlusive disease,승인,NA,Approved,,DB11936,C0543822,,,,
TP,ozanimod,Multiple Sclerosis,승인,NA,Approved,,DB12612,C0026769,,,,
TP,osilodrostat,Pituitary-dependent Cushing's disease,승인,NA,Approved,,DB11837,C0221406,,,,
TP,osilodrostat,Adrenal Gland Hyperfunction,승인,NA,Approved,,DB11837,C0001622,,,,
TP,isatuximab,Multiple Myeloma,승인,NA,Approved,,DB14811,C0026764,,,,
TP,eptinezumab,Migraine Disorders,승인,NA,Approved,,DB14040,C0149931,,,,
TP,teprotumumab,Endocrine exophthalmos,승인,NA,Approved,,DB06343,C0155264,,,,
TP,selumetinib,Neurofibromatosis 1,승인,NA,Approved,,DB11689,C0027831,,,,
TP,tucatinib,Metastatic human epidermal growth factor 2 positive carcinoma of breast,승인,NA,Approved,,DB11652,C4721209,,,,
TP,cefmetazole,Pneumonia,승인,NA,Approved,,DB00274,C0032285,,,,
TP,cefmetazole,Staphylococcal Pneumonia,승인,NA,Approved,,DB00274,C0032308,,,,
TP,cefmetazole,Pneumonia due to Escherichia coli,승인,NA,Approved,,DB00274,C0276089,,,,
TP,cefmetazole,Streptococcal pneumonia,승인,NA,Approved,,DB00274,C0155862,,,,
TP,cefmetazole,Urinary tract infection,승인,NA,Approved,,DB00274,C0042029,,,,
TP,cefmetazole,Abdominal Infection,승인,NA,Approved,,DB00274,C1112209,,,,
TP,cefmetazole,Haemophilus influenzae pneumonia,승인,NA,Approved,,DB00274,C0276026,,,,
TP,cefmetazole,Lower respiratory tract infection,승인,NA,Approved,,DB00274,C0149725,,,,
TP,pemigatinib,Malignant neoplasm of common bile duct (& [carcinoma]),승인,NA,Approved,,DB15102,C1541061,,,,
TP,pemigatinib,Biliary Tract Cancer,승인,NA,Approved,,DB15102,C0750952,,,,
TP,sacituzumab govitecan,Triple Negative Breast Neoplasms,승인,NA,Approved,,DB12893,C3539878,,,,
TP,capmatinib,Metastatic non-small cell lung cancer,승인,NA,Approved,,DB11791,C0278987,,,,
TP,selpercatinib,Metastatic non-small cell lung cancer,승인,NA,Approved,,DB15685,C0278987,,,,
TP,selpercatinib,Medullary carcinoma of thyroid,승인,NA,Approved,,DB15685,C0238462,,,,
TP,selpercatinib,metastasis from malignant neoplasm of thyroid,승인,NA,Approved,,DB15685,C1282509,,,,
TP,ripretinib,Gastrointestinal Stromal Tumors,승인,NA,Approved,,DB14840,C0238198,,,,
TP,inebilizumab,Neuromyelitis Optica,승인,NA,Approved,,DB12530,C0027873,,,,
TP,lurbinectedin,Small cell carcinoma of lung,승인,NA,Approved,,DB12674,C0149925,,,,
TP,triheptanoin,Disorder of fatty acid metabolism,승인,NA,Approved,,DB11677,C0268634,,,,
TP,triheptanoin,Long-chain fatty acid transport deficiency,승인,NA,Approved,,DB11677,C1960675,,,,
TP,fostemsavir,Human immunodeficiency virus I infection,승인,NA,Approved,,DB11796,C0276500,,,,
TP,inqovi,"Leukemia, Myelomonocytic, Chronic",승인,NA,Approved,,DB15694,C0023480,,,,
TP,abametapir,Pediculus capitis infestation,승인,NA,Approved,,DB11932,C0030757,,,,
TP,tafasitamab,Diffuse large B-cell lymphoma refractory,승인,NA,Approved,,DB15044,C0855112,,,,
TP,belantamab mafodotin,Relapse multiple myeloma,승인,NA,Approved,,DB15719,C2349261,,,,
TP,belantamab mafodotin,Multiple Myeloma,승인,NA,Approved,,DB15719,C0026764,,,,
TP,oliceridine,Severe pain,승인,NA,Approved,,DB14881,C0278140,,,,
TP,oliceridine,Moderate pain,승인,NA,Approved,,DB14881,C0278139,,,,
TP,risdiplam,Spinal Muscular Atrophy,승인,NA,Approved,,DB15305,C0026847,,,,
TP,viltolarsen,"Muscular Dystrophy, Duchenne",승인,NA,Approved,,DB15005,C0013264,,,,
TP,satralizumab,Neuromyelitis Optica,승인,NA,Approved,,DB15762,C0027873,,,,
TP,clascoterone,Acne Vulgaris,승인,NA,Approved,,DB12499,C0001144,,,,
TP,pralsetinib,Metastatic non-small cell lung cancer,승인,NA,Approved,,DB15822,C0278987,,,,
TP,pralsetinib,Non-Small Cell Lung Carcinoma,승인,NA,Approved,,DB15822,C0007131,,,,
TP,pralsetinib,Medullary carcinoma of thyroid,승인,NA,Approved,,DB15822,C0238462,,,,
TP,somapacitan,Adult growth hormone deficiency,승인,NA,Approved,,DB15093,C1720505,,,,
TP,lonafarnib,Progeria,승인,NA,Approved,,DB06448,C0033300,,,,
TP,lumasiran,"Primary hyperoxaluria, type I",승인,NA,Approved,,DB15935,C0268164,,,,
TP,setmelanotide,Obesity,승인,NA,Approved,,DB11700,C0028754,,,,
TP,setmelanotide,Proopiomelanocortin Deficiency,승인,NA,Approved,,DB11700,C1857854,,,,
TP,setmelanotide,Obesity due to leptin receptor gene deficiency,승인,NA,Approved,,DB11700,C5191640,,,,
TP,bulevirtide,Chronic viral hepatitis B with hepatitis D,승인,NA,Approved,,DB15248,C0400918,,,,
TP,imlifidase,Renal transplant rejection,승인,NA,Approved,,DB15258,C0238217,,,,
TP,filgotinib,Rheumatoid Arthritis,승인,NA,Approved,,DB14845,C0003873,,,,
TP,filgotinib,Ulcerative Colitis,승인,NA,Approved,,DB14845,C0009324,,,,
TP,cefonicid,Klebsiella cystitis,승인,NA,Approved,,DB01328,C0520775,,,,
TP,cefonicid,Urinary tract infection,승인,NA,Approved,,DB01328,C0042029,,,,
TP,cefonicid,Escherichia coli septicemia,승인,NA,Approved,,DB01328,C0276088,,,,
TP,cefonicid,Staphylococcus aureus infection,승인,NA,Approved,,DB01328,C1318973,,,,
TP,cefonicid,Streptococcal pneumonia,승인,NA,Approved,,DB01328,C0155862,,,,
TP,cefonicid,Bacterial infection due to Klebsiella pneumoniae,승인,NA,Approved,,DB01328,C0343402,,,,
TP,cefonicid,Lower respiratory tract infection,승인,NA,Approved,,DB01328,C0149725,,,,
TP,cefonicid,Proteus urinary tract infection,승인,NA,Approved,,DB01328,C0577709,,,,
TP,cefonicid,Haemophilus influenzae pneumonia,승인,NA,Approved,,DB01328,C0276026,,,,
TP,cefonicid,Osteomyelitis due to Staphylococcus aureus,승인,NA,Approved,,DB01328,C1997728,,,,
TP,cefonicid,Pneumonia due to Escherichia coli,승인,NA,Approved,,DB01328,C0276089,,,,
TP,cefonicid,Urinary tract infection caused by Escherichia coli,승인,NA,Approved,,DB01328,C0577708,,,,
TP,cefonicid,Streptococcal sepsis,승인,NA,Approved,,DB01328,C0152964,,,,
TP,cefonicid,Bacterial sepsis,승인,NA,Approved,,DB01328,C0684256,,,,
TP,cefonicid,Group A Streptococcal Infections,승인,NA,Approved,,DB01328,C0554628,,,,
TP,cefonicid,Arthropathy associated with infection,승인,NA,Approved,,DB01328,C0157749,,,,
TP,cefonicid,Infection of bone,승인,NA,Approved,,DB01328,C2242472,,,,
TP,cefonicid,Pneumonia,승인,NA,Approved,,DB01328,C0032285,,,,
TP,vadadustat,Anemia of renal disease,승인,NA,Approved,,DB12255,C0472713,,,,
TP,vadadustat,Anemia in chronic kidney disease,승인,NA,Approved,,DB12255,C1561828,,,,
TP,daprodustat,Anemia of renal disease,승인,NA,Approved,,DB11682,C0472713,,,,
TP,daprodustat,Anemia in chronic kidney disease,승인,NA,Approved,,DB11682,C1561828,,,,
TP,tirabrutinib hydrochloride,Lymphoma,승인,NA,Approved,,DB15227,C0024299,,,,
TP,tirabrutinib hydrochloride,Microglioma,승인,NA,Approved,,DB15227,C0280803,,,,
TP,tirabrutinib hydrochloride,Waldenstrom Macroglobulinemia,승인,NA,Approved,,DB15227,C0024419,,,,
TP,tepotinib,Metastatic non-small cell lung cancer,승인,NA,Approved,,DB15133,C0278987,,,,
TP,tepotinib,Non-Small Cell Lung Carcinoma,승인,NA,Approved,,DB15133,C0007131,,,,
TP,dotinurad,Gout,승인,NA,Approved,,DB16145,C0018099,,,,
TP,dotinurad,Hyperuricemia,승인,NA,Approved,,DB16145,C0740394,,,,
TP,delgocitinib,"Dermatitis, Atopic",승인,NA,Approved,,DB16133,C0011615,,,,
TP,enarodustat,Anemia in chronic kidney disease,승인,NA,Approved,,DB14985,C1561828,,,,
TP,enarodustat,Anemia of renal disease,승인,NA,Approved,,DB14985,C0472713,,,,
TP,berotralstat,"Angioedemas, Hereditary",승인,NA,Approved,,DB15982,C0019243,,,,
TP,tirbanibulin,Actinic keratosis,승인,NA,Approved,,DB06137,C0022602,,,,
TP,relugolix,Malignant neoplasm of prostate,승인,NA,Approved,,DB11853,C0376358,,,,
TP,relugolix,Menorrhagia,승인,NA,Approved,,DB11853,C0025323,,,,
TP,relugolix,Lower abdominal pain,승인,NA,Approved,,DB11853,C0232495,,,,
TP,relugolix,Abnormal uterine bleeding due to uterine fibroid,승인,NA,Approved,,DB11853,C5190725,,,,
TP,relugolix,Uterine Fibroids,승인,NA,Approved,,DB11853,C0042133,,,,
TP,ansuvimab,"Hemorrhagic Fever, Ebola",승인,NA,Approved,,DB16385,C0282687,,,,
TP,margetuximab,Metastatic human epidermal growth factor 2 positive carcinoma of breast,승인,NA,Approved,,DB14967,C4721209,,,,
TP,naxitamab,Neuroblastoma,승인,NA,Approved,,DB15965,C0027819,,,,
TP,odesivimab,"Hemorrhagic Fever, Ebola",승인,NA,Approved,,DB15900,C0282687,,,,
TP,vericiguat,Heart failure,승인,NA,Approved,,DB15456,C0018801,,,,
TP,vericiguat,Chronic heart failure,승인,NA,Approved,,DB15456,C0264716,,,,
TP,cabotegravir,Human immunodeficiency virus I infection,승인,NA,Approved,,DB11751,C0276500,,,,
TP,trilaciclib,Myelosuppression,승인,NA,Approved,,DB15442,C0854467,,,,
TP,casimersen,"Muscular Dystrophy, Duchenne",승인,NA,Approved,,DB14984,C0013264,,,,
TP,fosdenopterin,Combined molybdoflavoprotein enzyme deficiency,승인,NA,Approved,,DB16628,C0268119,,,,
TP,serdexmethylphenidate,Attention deficit hyperactivity disorder,승인,NA,Approved,,DB16629,C1263846,,,,
TP,estetrol,Oral contraception,승인,NA,Approved,,DB12235,C0029151,,,,
TP,loncastuximab tesirine,B-Cell Lymphomas,승인,NA,Approved,,DB16222,C0079731,,,,
TP,bamlanivimab,COVID19 (disease),승인,NA,Approved,,DB15718,C5203670,,,,
TP,etesevimab,COVID19 (disease),승인,NA,Approved,,DB15897,C5203670,,,,
TP,casirivimab,COVID19 (disease),승인,NA,Approved,,DB15941,C5203670,,,,
TP,imdevimab,COVID19 (disease),승인,NA,Approved,,DB15940,C5203670,,,,
TP,pegcetacoplan,Paroxysmal nocturnal hemoglobinuria,승인,NA,Approved,,DB16694,C0024790,,,,
TP,infigratinib,Cholangiocarcinoma,승인,NA,Approved,,DB11886,C0206698,,,,
TP,cefotaxime,Sepsis due to Staphylococcus aureus,승인,NA,Approved,,DB00493,C2887088,,,,
TP,cefotaxime,Ophthalmia Neonatorum,승인,NA,Approved,,DB00493,C0029076,,,,
TP,cefotaxime,Neonatal meningitis,승인,NA,Approved,,DB00493,C0456107,,,,
TP,cefotaxime,Streptococcal meningitis,승인,NA,Approved,,DB00493,C0154639,,,,
TP,cefotaxime,Infection of bone,승인,NA,Approved,,DB00493,C2242472,,,,
TP,cefotaxime,Abdominal Infection,승인,NA,Approved,,DB00493,C1112209,,,,
TP,cefotaxime,Bacterial urinary infection,승인,NA,Approved,,DB00493,C0729524,,,,
TP,cefotaxime,Haemophilus influenzae pneumonia,승인,NA,Approved,,DB00493,C0276026,,,,
TP,cefotaxime,Pneumonia due to Pseudomonas,승인,NA,Approved,,DB00493,C0155860,,,,
TP,cefotaxime,Proteus urinary tract infection,승인,NA,Approved,,DB00493,C0577709,,,,
TP,cefotaxime,Klebsiella cystitis,승인,NA,Approved,,DB00493,C0520775,,,,
TP,cefotaxime,Streptococcal pneumonia,승인,NA,Approved,,DB00493,C0155862,,,,
TP,cefotaxime,Serratia sepsis,승인,NA,Approved,,DB00493,C0152973,,,,
TP,cefotaxime,Sepsis of the newborn,승인,NA,Approved,,DB00493,C0456103,,,,
TP,cefotaxime,"Meningitis, Bacterial",승인,NA,Approved,,DB00493,C0085437,,,,
TP,cefotaxime,Serratia Infections,승인,NA,Approved,,DB00493,C0085394,,,,
TP,cefotaxime,Escherichia coli septicemia,승인,NA,Approved,,DB00493,C0276088,,,,
TP,cefotaxime,Female genital tract infection,승인,NA,Approved,,DB00493,C1263758,,,,
TP,cefotaxime,Peritonitis,승인,NA,Approved,,DB00493,C0031154,,,,
TP,cefotaxime,Staphylococcal Pneumonia,승인,NA,Approved,,DB00493,C0032308,,,,
TP,cefotaxime,Bacterial sepsis,승인,NA,Approved,,DB00493,C0684256,,,,
TP,cefotaxime,Proteus pneumonia,승인,NA,Approved,,DB00493,C1260917,,,,
TP,cefotaxime,Meningitis caused by Klebsiella aerogenes,승인,NA,Approved,,DB00493,C1719906,,,,
TP,cefotaxime,Bacterial infection due to Klebsiella pneumoniae,승인,NA,Approved,,DB00493,C0343402,,,,
TP,cefotaxime,Urinary tract infection caused by Escherichia coli,승인,NA,Approved,,DB00493,C0577708,,,,
TP,cefotaxime,"Arthritis, Bacterial",승인,NA,Approved,,DB00493,C1692886,,,,
TP,cefotaxime,Lower respiratory tract infection,승인,NA,Approved,,DB00493,C0149725,,,,
TP,cefotaxime,"Meningitis, Escherichia coli",승인,NA,Approved,,DB00493,C0338395,,,,
TP,cefotaxime,"Pneumonia, Bacterial",승인,NA,Approved,,DB00493,C0004626,,,,
TP,cefotaxime,Neonatal pneumonia,승인,NA,Approved,,DB00493,C0339968,,,,
TP,cefotaxime,Streptococcal sepsis,승인,NA,Approved,,DB00493,C0152964,,,,
TP,cefotaxime,Meningococcal meningitis,승인,NA,Approved,,DB00493,C0025294,,,,
TP,cefotaxime,Pneumonia due to Escherichia coli,승인,NA,Approved,,DB00493,C0276089,,,,
TP,samidorphan,Schizophrenia,승인,NA,Approved,,DB12543,C0036341,,,,
TP,samidorphan,Bipolar I disorder,승인,NA,Approved,,DB12543,C0853193,,,,
TP,ibrexafungerp,Candidiasis of vagina,승인,NA,Approved,,DB12471,C0006852,,,,
TP,aducanumab,Alzheimer's Disease,승인,NA,Approved,,DB12274,C0002395,,,,
TP,finerenone,Chronic kidney disease due to type 2 diabetes mellitus,승인,NA,Approved,,DB16165,C3662038,,,,
TP,odevixibat,Progressive intrahepatic cholestasis (disorder),승인,NA,Approved,,DB16261,C0268312,,,,
TP,belzutifan,Von Hippel-Lindau Syndrome,승인,NA,Approved,,DB15463,C0019562,,,,
TP,cefotetan,Proteus urinary tract infection,승인,NA,Approved,,DB01330,C0577709,,,,
TP,cefotetan,Female genital tract infection,승인,NA,Approved,,DB01330,C1263758,,,,
TP,cefotetan,Abdominal Infection,승인,NA,Approved,,DB01330,C1112209,,,,
TP,cefotetan,Haemophilus influenzae pneumonia,승인,NA,Approved,,DB01330,C0276026,,,,
TP,cefotetan,Bacterial urinary infection,승인,NA,Approved,,DB01330,C0729524,,,,
TP,cefotetan,"Pneumonia, Bacterial",승인,NA,Approved,,DB01330,C0004626,,,,
TP,cefotetan,Pneumonia due to Escherichia coli,승인,NA,Approved,,DB01330,C0276089,,,,
TP,cefotetan,Bacterial infection due to Klebsiella pneumoniae,승인,NA,Approved,,DB01330,C0343402,,,,
TP,cefotetan,Staphylococcal Pneumonia,승인,NA,Approved,,DB01330,C0032308,,,,
TP,cefotetan,Streptococcal pneumonia,승인,NA,Approved,,DB01330,C0155862,,,,
TP,cefotetan,Staphylococcus aureus infection,승인,NA,Approved,,DB01330,C1318973,,,,
TP,cefotetan,Peptostreptococcus infection,승인,NA,Approved,,DB01330,C1096562,,,,
TP,cefotetan,Bacterial sepsis,승인,NA,Approved,,DB01330,C0684256,,,,
TP,cefotetan,Escherichia coli Infections,승인,NA,Approved,,DB01330,C0014836,,,,
TP,cefotetan,Endometritis,승인,NA,Approved,,DB01330,C0014179,,,,
TP,cefotetan,Lower respiratory tract infection,승인,NA,Approved,,DB01330,C0149725,,,,
TP,cefotetan,Klebsiella cystitis,승인,NA,Approved,,DB01330,C0520775,,,,
TP,cefotetan,Proteus pneumonia,승인,NA,Approved,,DB01330,C1260917,,,,
TP,cefotetan,Osteomyelitis due to Staphylococcus aureus,승인,NA,Approved,,DB01330,C1997728,,,,
TP,cefotetan,Urinary tract infection caused by Escherichia coli,승인,NA,Approved,,DB01330,C0577708,,,,
TP,cefotetan,Group A Streptococcal Infections,승인,NA,Approved,,DB01330,C0554628,,,,
TP,cefotetan,Acute gonococcal endometritis,승인,NA,Approved,,DB01330,C0153196,,,,
TP,difelikefalin,Uremic pruritus,승인,NA,Approved,,DB11938,C1262019,,,,
TP,maralixibat hydrochloride,Alagille Syndrome,승인,NA,Approved,,DB16226,C0085280,,,,
TP,avalglucosidase alfa,Glycogen storage disease type II late onset,승인,NA,Approved,,DB16099,C0342753,,,,
TP,lonapegsomatropin,Somatotropin deficiency,승인,NA,Approved,,DB16220,C0271561,,,,
TP,bimekizumab,Chronic small plaque psoriasis,승인,NA,Approved,,DB12917,C0406317,,,,
TP,bimekizumab,Erythrodermic psoriasis,승인,NA,Approved,,DB12917,C0748052,,,,
TP,bimekizumab,Pustular psoriasis,승인,NA,Approved,,DB12917,C0152081,,,,
TP,vosoritide,Achondroplasia,승인,NA,Approved,,DB11928,C0001080,,,,
TP,peficitinib,Rheumatoid Arthritis,승인,NA,Approved,,DB11708,C0003873,,,,
TP,imeglimin,"Diabetes Mellitus, Non-Insulin-Dependent",승인,NA,Approved,,DB12509,C0011860,,,,
TP,mirogabalin,Peripheral neuropathic pain,승인,NA,Approved,,DB11825,C0458960,,,,
TP,mirogabalin,Diabetic peripheral neuropathy,승인,NA,Approved,,DB11825,C0740447,,,,
TP,mirogabalin,Postherpetic neuralgia,승인,NA,Approved,,DB11825,C0032768,,,,
TP,daridorexant,Sleeplessness,승인,NA,Approved,,DB15031,C0917801,,,,
TP,avacopan,Microscopic Polyarteritis,승인,NA,Approved,,DB15011,C2347126,,,,
TP,avacopan,Granulomatosis with polyangiitis,승인,NA,Approved,,DB15011,C3495801,,,,
TP,inclisiran,Familial hypercholesterolemia - heterozygous,승인,NA,Approved,,DB14901,C0342882,,,,
TP,efgartigimod alfa,Thrombocytopenia due to platelet alloimmunization,승인,NA,Approved,,DB15270,C0272286,,,,
TP,efgartigimod alfa,Myasthenia Gravis,승인,NA,Approved,,DB15270,C0026896,,,,
TP,acetarsol,Amebiasis,승인,NA,Approved,,DB13268,C0002438,,,,
TP,cefoxitin,Bacterial sepsis,승인,NA,Approved,,DB01331,C0684256,,,,
TP,cefoxitin,Bacterial urinary infection,승인,NA,Approved,,DB01331,C0729524,,,,
TP,cefoxitin,Sepsis due to Staphylococcus aureus,승인,NA,Approved,,DB01331,C2887088,,,,
TP,cefoxitin,Abdominal Abscess,승인,NA,Approved,,DB01331,C0243001,,,,
TP,cefoxitin,Postoperative infection,승인,NA,Approved,,DB01331,C0392618,,,,
TP,cefoxitin,Staphylococcal Pneumonia,승인,NA,Approved,,DB01331,C0032308,,,,
TP,cefoxitin,Endometritis,승인,NA,Approved,,DB01331,C0014179,,,,
TP,cefoxitin,Female genital tract infection,승인,NA,Approved,,DB01331,C1263758,,,,
TP,cefoxitin,Rhinoscleroma,승인,NA,Approved,,DB01331,C0035468,,,,
TP,cefoxitin,Acute gonococcal endometritis,승인,NA,Approved,,DB01331,C0153196,,,,
TP,cefoxitin,Klebsiella cystitis,승인,NA,Approved,,DB01331,C0520775,,,,
TP,cefoxitin,Peritonitis,승인,NA,Approved,,DB01331,C0031154,,,,
TP,cefoxitin,Abdominal Infection,승인,NA,Approved,,DB01331,C1112209,,,,
TP,cefoxitin,Arthropathy associated with infection,승인,NA,Approved,,DB01331,C0157749,,,,
TP,cefoxitin,Group A Streptococcal Infections,승인,NA,Approved,,DB01331,C0554628,,,,
TP,cefoxitin,Escherichia coli septicemia,승인,NA,Approved,,DB01331,C0276088,,,,
TP,cefoxitin,Pneumonia due to Escherichia coli,승인,NA,Approved,,DB01331,C0276089,,,,
TP,cefoxitin,Bacterial infection due to Klebsiella pneumoniae,승인,NA,Approved,,DB01331,C0343402,,,,
TP,cefoxitin,Proteus urinary tract infection,승인,NA,Approved,,DB01331,C0577709,,,,
TP,cefoxitin,Streptococcal pneumonia,승인,NA,Approved,,DB01331,C0155862,,,,
TP,cefoxitin,Osteomyelitis due to Staphylococcus aureus,승인,NA,Approved,,DB01331,C1997728,,,,
TP,cefoxitin,Female pelvic cellulitis,승인,NA,Approved,,DB01331,C0349734,,,,
TP,cefoxitin,"Pneumonia, Bacterial",승인,NA,Approved,,DB01331,C0004626,,,,
TP,cefoxitin,Lung Abscess,승인,NA,Approved,,DB01331,C0024110,,,,
TP,cefoxitin,Sepsis caused by Bacteroides,승인,NA,Approved,,DB01331,C0276064,,,,
TP,cefoxitin,Staphylococcus aureus infection,승인,NA,Approved,,DB01331,C1318973,,,,
TP,cefoxitin,Escherichia coli Infections,승인,NA,Approved,,DB01331,C0014836,,,,
TP,cefoxitin,Streptococcal sepsis,승인,NA,Approved,,DB01331,C0152964,,,,
TP,cefoxitin,Gonorrhea,승인,NA,Approved,,DB01331,C0018081,,,,
TP,cefoxitin,Infection of bone,승인,NA,Approved,,DB01331,C2242472,,,,
TP,cefoxitin,Acute gonococcal cervicitis,승인,NA,Approved,,DB01331,C0153195,,,,
TP,cefoxitin,Haemophilus influenzae pneumonia,승인,NA,Approved,,DB01331,C0276026,,,,
TP,cefoxitin,Peptostreptococcus infection,승인,NA,Approved,,DB01331,C1096562,,,,
TP,cefoxitin,Urinary tract infection caused by Escherichia coli,승인,NA,Approved,,DB01331,C0577708,,,,
TP,tezepelumab,Severe asthma,승인,NA,Approved,,DB15090,C0581126,,,,
TP,regdanvimab,COVID19 (disease),승인,NA,Approved,,DB16405,C5203670,,,,
TP,difamilast,"Dermatitis, Atopic",승인,NA,Approved,,DB14987,C0011615,,,,
TP,abrocitinib,"Dermatitis, Atopic",승인,NA,Approved,,DB14973,C0011615,,,,
TP,sotrovimab,COVID19 (disease),승인,NA,Approved,,DB16355,C5203670,,,,
TP,mitapivat,Deficiency of pyruvate kinase,승인,NA,Approved,,DB16236,C0340968,,,,
TP,pacritinib,Myelofibrosis,승인,NA,Approved,,DB11697,C0026987,,,,
TP,ganaxolone,Cyclin-dependent kinase-like 5 deficiency,승인,NA,Approved,,DB05087,C4750718,,,,
TP,oteseconazole,Recurrent candidiasis of vagina,승인,NA,Approved,,DB13055,C3872606,,,,
TP,sutimlimab,Cold Hemagglutinin Disease,승인,NA,Approved,,DB14996,C0175816,,,,
TP,tebentafusp,Unresectable Uveal Melanoma,승인,NA,Approved,,DB15283,C5419539,,,,
TP,tebentafusp,Metastatic Uveal Melanoma,승인,NA,Approved,,DB15283,C4725091,,,,
TP,faricimab,Exudative age-related macular degeneration,승인,NA,Approved,,DB15303,C0271084,,,,
TP,faricimab,Macular edema due to diabetes mellitus,승인,NA,Approved,,DB15303,C0730285,,,,
TP,tirzepatide,"Diabetes Mellitus, Non-Insulin-Dependent",승인,NA,Approved,,DB15171,C0011860,,,,
TP,gefapixant,Chronic refractory cough,승인,NA,Approved,,DB15097,C4552486,,,,
TP,nirmatrelvir,COVID19 (disease),승인,NA,Approved,,DB16691,C5203670,,,,
TP,tapinarof,Chronic small plaque psoriasis,승인,NA,Approved,,DB06083,C0406317,,,,
TP,cefpodoxime proxetil,Acute bacterial sinusitis,승인,NA,Approved,,DB01416,C0275556,,,,
TP,cefpodoxime proxetil,Infective otitis media,승인,NA,Approved,,DB01416,C0729586,,,,
TP,cefpodoxime proxetil,Acute gonococcal cervicitis,승인,NA,Approved,,DB01416,C0153195,,,,
TP,cefpodoxime proxetil,Streptococcal tonsillitis,승인,NA,Approved,,DB01416,C0275804,,,,
TP,cefpodoxime proxetil,Haemophilus influenzae pneumonia,승인,NA,Approved,,DB01416,C0276026,,,,
TP,cefpodoxime proxetil,Acute maxillary sinusitis,승인,NA,Approved,,DB01416,C0155804,,,,
TP,cefpodoxime proxetil,Acute Moraxella catarrhalis bronchitis,승인,NA,Approved,,DB01416,C0339932,,,,
TP,cefpodoxime proxetil,Klebsiella cystitis,승인,NA,Approved,,DB01416,C0520775,,,,
TP,cefpodoxime proxetil,Gonorrhea of rectum,승인,NA,Approved,,DB01416,C0275665,,,,
TP,cefpodoxime proxetil,"Pneumonia, Bacterial",승인,NA,Approved,,DB01416,C0004626,,,,
TP,cefpodoxime proxetil,Tonsillitis,승인,NA,Approved,,DB01416,C0040425,,,,
TP,cefpodoxime proxetil,Proteus urinary tract infection,승인,NA,Approved,,DB01416,C0577709,,,,
TP,cefpodoxime proxetil,Urinary tract infection caused by Escherichia coli,승인,NA,Approved,,DB01416,C0577708,,,,
TP,cefpodoxime proxetil,Acute bacterial bronchitis,승인,NA,Approved,,DB01416,C0339933,,,,
TP,cefpodoxime proxetil,Gonorrhea,승인,NA,Approved,,DB01416,C0018081,,,,
TP,cefpodoxime proxetil,Acute exacerbation of chronic bronchitis,승인,NA,Approved,,DB01416,C0856695,,,,
TP,cefpodoxime proxetil,Acute otitis media,승인,NA,Approved,,DB01416,C0271429,,,,
TP,cefpodoxime proxetil,Group A Streptococcal Infections,승인,NA,Approved,,DB01416,C0554628,,,,
TP,cefpodoxime proxetil,Staphylococcus aureus infection,승인,NA,Approved,,DB01416,C1318973,,,,
TP,cefpodoxime proxetil,Pharyngitis,승인,NA,Approved,,DB01416,C0031350,,,,
TP,cefpodoxime proxetil,Streptococcal pneumonia,승인,NA,Approved,,DB01416,C0155862,,,,
TP,cefpodoxime proxetil,Acute gonococcal urethritis,승인,NA,Approved,,DB01416,C0275652,,,,
TP,cefpodoxime proxetil,Bacterial urinary infection,승인,NA,Approved,,DB01416,C0729524,,,,
TP,cefprozil,Acute bacterial bronchitis,승인,NA,Approved,,DB01150,C0339933,,,,
TP,cefprozil,Acute otitis media,승인,NA,Approved,,DB01150,C0271429,,,,
TP,cefprozil,Upper Respiratory Infections,승인,NA,Approved,,DB01150,C0041912,,,,
TP,cefprozil,Acute bacterial sinusitis,승인,NA,Approved,,DB01150,C0275556,,,,
TP,cefprozil,Group A Streptococcal Infections,승인,NA,Approved,,DB01150,C0554628,,,,
TP,cefprozil,Acute exacerbation of chronic bronchitis,승인,NA,Approved,,DB01150,C0856695,,,,
TP,cefprozil,Streptococcal tonsillitis,승인,NA,Approved,,DB01150,C0275804,,,,
TP,cefprozil,Infective otitis media,승인,NA,Approved,,DB01150,C0729586,,,,
TP,cefprozil,Acute Moraxella catarrhalis bronchitis,승인,NA,Approved,,DB01150,C0339932,,,,
TP,cefprozil,Staphylococcus aureus infection,승인,NA,Approved,,DB01150,C1318973,,,,
TP,cefprozil,Tonsillitis,승인,NA,Approved,,DB01150,C0040425,,,,
TP,cefprozil,Bronchitis,승인,NA,Approved,,DB01150,C0006277,,,,
TP,ceftazidime,Sepsis due to Pseudomonas,승인,NA,Approved,,DB00438,C2887096,,,,
TP,ceftazidime,Infection of bone,승인,NA,Approved,,DB00438,C2242472,,,,
TP,ceftazidime,Bacterial urinary infection,승인,NA,Approved,,DB00438,C0729524,,,,
TP,ceftazidime,Meningococcal meningitis,승인,NA,Approved,,DB00438,C0025294,,,,
TP,ceftazidime,Pneumonia due to Pseudomonas,승인,NA,Approved,,DB00438,C0155860,,,,
TP,ceftazidime,Urinary tract infection caused by Escherichia coli,승인,NA,Approved,,DB00438,C0577708,,,,
TP,ceftazidime,Proteus urinary tract infection,승인,NA,Approved,,DB00438,C0577709,,,,
TP,ceftazidime,Streptococcal pneumonia,승인,NA,Approved,,DB00438,C0155862,,,,
TP,ceftazidime,Bacterial infection due to Klebsiella pneumoniae,승인,NA,Approved,,DB00438,C0343402,,,,
TP,ceftazidime,Escherichia coli Infections,승인,NA,Approved,,DB00438,C0014836,,,,
TP,ceftazidime,Escherichia coli septicemia,승인,NA,Approved,,DB00438,C0276088,,,,
TP,ceftazidime,Peritonitis,승인,NA,Approved,,DB00438,C0031154,,,,
TP,ceftazidime,Arthropathy associated with infection,승인,NA,Approved,,DB00438,C0157749,,,,
TP,ceftazidime,Proteus pneumonia,승인,NA,Approved,,DB00438,C1260917,,,,
TP,ceftazidime,Ecthyma gangrenosum,승인,NA,Approved,,DB00438,C0276085,,,,
TP,ceftazidime,Staphylococcus aureus infection,승인,NA,Approved,,DB00438,C1318973,,,,
TP,ceftazidime,Urinary tract infection caused by Klebsiella,승인,NA,Approved,,DB00438,C4076057,,,,
TP,ceftazidime,Staphylococcal Pneumonia,승인,NA,Approved,,DB00438,C0032308,,,,
TP,ceftazidime,Sepsis due to Staphylococcus aureus,승인,NA,Approved,,DB00438,C2887088,,,,
TP,ceftazidime,Osteomyelitis due to Staphylococcus aureus,승인,NA,Approved,,DB00438,C1997728,,,,
TP,ceftazidime,"Pneumonia, Bacterial",승인,NA,Approved,,DB00438,C0004626,,,,
TP,ceftazidime,Neonatal meningitis,승인,NA,Approved,,DB00438,C0456107,,,,
TP,ceftazidime,"Meningitis, Bacterial",승인,NA,Approved,,DB00438,C0085437,,,,
TP,ceftazidime,Haemophilus influenzae pneumonia,승인,NA,Approved,,DB00438,C0276026,,,,
TP,ceftazidime,Bacterial sepsis,승인,NA,Approved,,DB00438,C0684256,,,,
TP,ceftazidime,Lower respiratory tract infection,승인,NA,Approved,,DB00438,C0149725,,,,
TP,ceftazidime,Endometritis,승인,NA,Approved,,DB00438,C0014179,,,,
TP,ceftazidime,Abdominal Infection,승인,NA,Approved,,DB00438,C1112209,,,,
TP,ceftazidime,Serratia sepsis,승인,NA,Approved,,DB00438,C0152973,,,,
TP,ceftazidime,Rhinoscleroma,승인,NA,Approved,,DB00438,C0035468,,,,
TP,ceftazidime,Group A Streptococcal Infections,승인,NA,Approved,,DB00438,C0554628,,,,
TP,ceftazidime,Pneumonia due to Escherichia coli,승인,NA,Approved,,DB00438,C0276089,,,,
TP,ceftazidime,Enterobacteriaceae Infections,승인,NA,Approved,,DB00438,C0014347,,,,
TP,ceftazidime,Klebsiella cystitis,승인,NA,Approved,,DB00438,C0520775,,,,
TP,ceftazidime,Gonococcal meningitis,승인,NA,Approved,,DB00438,C0153225,,,,
TP,ceftazidime,Streptococcal sepsis,승인,NA,Approved,,DB00438,C0152964,,,,
TP,acetazolamide,Malignant glaucoma,승인,NA,Approved,,DB00819,C0271152,,,,
TP,acetazolamide,Absence Epilepsy,승인,NA,Approved,,DB00819,C0014553,,,,
TP,acetazolamide,"Glaucoma, Open-Angle",승인,NA,Approved,,DB00819,C0017612,,,,
TP,acetazolamide,Peripheral edema,승인,NA,Approved,,DB00819,C0085649,,,,
TP,acetazolamide,Secondary glaucoma,승인,NA,Approved,,DB00819,C0149893,,,,
TP,acetazolamide,Edema,승인,NA,Approved,,DB00819,C0013604,,,,
TP,acetazolamide,Angle Closure Glaucoma,승인,NA,Approved,,DB00819,C0017605,,,,
TP,acetazolamide,Altitude Sickness,승인,NA,Approved,,DB00819,C0002351,,,,
TP,ceftibuten,Tonsillitis,승인,NA,Approved,,DB01415,C0040425,,,,
TP,ceftibuten,Acute otitis media,승인,NA,Approved,,DB01415,C0271429,,,,
TP,ceftibuten,Infective otitis media,승인,NA,Approved,,DB01415,C0729586,,,,
TP,ceftibuten,Acute bacterial bronchitis,승인,NA,Approved,,DB01415,C0339933,,,,
TP,ceftibuten,Streptococcal tonsillitis,승인,NA,Approved,,DB01415,C0275804,,,,
TP,ceftibuten,Group A Streptococcal Infections,승인,NA,Approved,,DB01415,C0554628,,,,
TP,ceftizoxime,Peptostreptococcus infection,승인,NA,Approved,,DB01332,C1096562,,,,
TP,ceftizoxime,Group A Streptococcal Infections,승인,NA,Approved,,DB01332,C0554628,,,,
TP,ceftizoxime,Proteus urinary tract infection,승인,NA,Approved,,DB01332,C0577709,,,,
TP,ceftizoxime,Gonorrhea of rectum,승인,NA,Approved,,DB01332,C0275665,,,,
TP,ceftizoxime,Urinary tract infection caused by Escherichia coli,승인,NA,Approved,,DB01332,C0577708,,,,
TP,ceftizoxime,Rhinoscleroma,승인,NA,Approved,,DB01332,C0035468,,,,
TP,ceftizoxime,Streptococcal sepsis,승인,NA,Approved,,DB01332,C0152964,,,,
TP,ceftizoxime,Pneumonia due to Escherichia coli,승인,NA,Approved,,DB01332,C0276089,,,,
TP,ceftizoxime,Escherichia coli Infections,승인,NA,Approved,,DB01332,C0014836,,,,
TP,ceftizoxime,Serratia Infections,승인,NA,Approved,,DB01332,C0085394,,,,
TP,ceftizoxime,Urinary tract infection,승인,NA,Approved,,DB01332,C0042029,,,,
TP,ceftizoxime,Pneumonia,승인,NA,Approved,,DB01332,C0032285,,,,
TP,ceftizoxime,Meningitis,승인,NA,Approved,,DB01332,C0025289,,,,
TP,ceftizoxime,Serratia sepsis,승인,NA,Approved,,DB01332,C0152973,,,,
TP,ceftizoxime,Arthropathy associated with infection,승인,NA,Approved,,DB01332,C0157749,,,,
TP,ceftizoxime,Acute gonococcal cervicitis,승인,NA,Approved,,DB01332,C0153195,,,,
TP,ceftizoxime,Bacterial sepsis,승인,NA,Approved,,DB01332,C0684256,,,,
TP,ceftizoxime,Infection of bone,승인,NA,Approved,,DB01332,C2242472,,,,
TP,ceftizoxime,Acute gonococcal urethritis,승인,NA,Approved,,DB01332,C0275652,,,,
TP,ceftizoxime,Klebsiella cystitis,승인,NA,Approved,,DB01332,C0520775,,,,
TP,ceftizoxime,Staphylococcal Pneumonia,승인,NA,Approved,,DB01332,C0032308,,,,
TP,ceftizoxime,Streptococcal pneumonia,승인,NA,Approved,,DB01332,C0155862,,,,
TP,ceftizoxime,Osteomyelitis due to Staphylococcus aureus,승인,NA,Approved,,DB01332,C1997728,,,,
TP,ceftizoxime,Proteus pneumonia,승인,NA,Approved,,DB01332,C1260917,,,,
TP,ceftizoxime,Acute gonococcal endometritis,승인,NA,Approved,,DB01332,C0153196,,,,
TP,ceftizoxime,Bacterial infection due to Klebsiella pneumoniae,승인,NA,Approved,,DB01332,C0343402,,,,
TP,ceftizoxime,Lower respiratory tract infection,승인,NA,Approved,,DB01332,C0149725,,,,
TP,ceftizoxime,Bacterial urinary infection,승인,NA,Approved,,DB01332,C0729524,,,,
TP,ceftizoxime,Sepsis due to Staphylococcus aureus,승인,NA,Approved,,DB01332,C2887088,,,,
TP,ceftizoxime,Enterobacteriaceae Infections,승인,NA,Approved,,DB01332,C0014347,,,,
TP,ceftizoxime,Streptococcal meningitis,승인,NA,Approved,,DB01332,C0154639,,,,
TP,ceftizoxime,Gonorrhea,승인,NA,Approved,,DB01332,C0018081,,,,
TP,ceftizoxime,Abdominal Infection,승인,NA,Approved,,DB01332,C1112209,,,,
TP,ceftizoxime,Haemophilus influenzae pneumonia,승인,NA,Approved,,DB01332,C0276026,,,,
TP,ceftizoxime,Staphylococcus aureus infection,승인,NA,Approved,,DB01332,C1318973,,,,
TP,ceftizoxime,Bacterial peritonitis,승인,NA,Approved,,DB01332,C0341503,,,,
TP,ceftizoxime,Sepsis caused by Bacteroides,승인,NA,Approved,,DB01332,C0276064,,,,
TP,ceftizoxime,Escherichia coli septicemia,승인,NA,Approved,,DB01332,C0276088,,,,
TP,ceftriaxone,Serratia Infections,승인,NA,Approved,,DB01212,C0085394,,,,
TP,ceftriaxone,Bacterial urinary infection,승인,NA,Approved,,DB01212,C0729524,,,,
TP,ceftriaxone,Proteus pneumonia,승인,NA,Approved,,DB01212,C1260917,,,,
TP,ceftriaxone,Pneumonia due to Escherichia coli,승인,NA,Approved,,DB01212,C0276089,,,,
TP,ceftriaxone,Staphylococcal meningitis,승인,NA,Approved,,DB01212,C0154640,,,,
TP,ceftriaxone,Chancroids,승인,NA,Approved,,DB01212,C0007947,,,,
TP,ceftriaxone,Acute gonococcal cervicitis,승인,NA,Approved,,DB01212,C0153195,,,,
TP,ceftriaxone,Gonococcal endocarditis,승인,NA,Approved,,DB01212,C0153227,,,,
TP,ceftriaxone,Arthropathy associated with infection,승인,NA,Approved,,DB01212,C0157749,,,,
TP,ceftriaxone,Staphylococcal sepsis,승인,NA,Approved,,DB01212,C0152965,,,,
TP,ceftriaxone,Meningitis caused by Klebsiella aerogenes,승인,NA,Approved,,DB01212,C1719906,,,,
TP,ceftriaxone,Gonococcal meningitis,승인,NA,Approved,,DB01212,C0153225,,,,
TP,ceftriaxone,Rhinoscleroma,승인,NA,Approved,,DB01212,C0035468,,,,
TP,ceftriaxone,Escherichia coli septicemia,승인,NA,Approved,,DB01212,C0276088,,,,
TP,ceftriaxone,Klebsiella cystitis,승인,NA,Approved,,DB01212,C0520775,,,,
TP,ceftriaxone,Abdominal Infection,승인,NA,Approved,,DB01212,C1112209,,,,
TP,ceftriaxone,Endometritis,승인,NA,Approved,,DB01212,C0014179,,,,
TP,ceftriaxone,Streptococcal meningitis,승인,NA,Approved,,DB01212,C0154639,,,,
TP,ceftriaxone,Meningococcal meningitis,승인,NA,Approved,,DB01212,C0025294,,,,
TP,ceftriaxone,"Arthritis, Bacterial",승인,NA,Approved,,DB01212,C1692886,,,,
TP,ceftriaxone,Gonococcal joint infection,승인,NA,Approved,,DB01212,C0153216,,,,
TP,ceftriaxone,Lower respiratory tract infection,승인,NA,Approved,,DB01212,C0149725,,,,
TP,ceftriaxone,Urinary tract infection caused by Escherichia coli,승인,NA,Approved,,DB01212,C0577708,,,,
TP,ceftriaxone,Salmonella sepsis,승인,NA,Approved,,DB01212,C0152486,,,,
TP,ceftriaxone,Bacterial sepsis,승인,NA,Approved,,DB01212,C0684256,,,,
TP,ceftriaxone,"Meningitis, Escherichia coli",승인,NA,Approved,,DB01212,C0338395,,,,
TP,ceftriaxone,Haemophilus influenzae pneumonia,승인,NA,Approved,,DB01212,C0276026,,,,
TP,ceftriaxone,Bacterial infection due to Klebsiella pneumoniae,승인,NA,Approved,,DB01212,C0343402,,,,
TP,ceftriaxone,Staphylococcal Pneumonia,승인,NA,Approved,,DB01212,C0032308,,,,
TP,ceftriaxone,Gonorrhea of pharynx,승인,NA,Approved,,DB01212,C0149966,,,,
TP,ceftriaxone,Streptococcal pneumonia,승인,NA,Approved,,DB01212,C0155862,,,,
TP,ceftriaxone,Gonorrhea,승인,NA,Approved,,DB01212,C0018081,,,,
TP,ceftriaxone,Female genital tract infection,승인,NA,Approved,,DB01212,C1263758,,,,
TP,ceftriaxone,Group A Streptococcal Infections,승인,NA,Approved,,DB01212,C0554628,,,,
TP,ceftriaxone,"Pneumonia, Bacterial",승인,NA,Approved,,DB01212,C0004626,,,,
TP,ceftriaxone,Escherichia coli Infections,승인,NA,Approved,,DB01212,C0014836,,,,
TP,ceftriaxone,Peptostreptococcus infection,승인,NA,Approved,,DB01212,C1096562,,,,
TP,ceftriaxone,Acute gonococcal urethritis,승인,NA,Approved,,DB01212,C0275652,,,,
TP,ceftriaxone,Infection of bone,승인,NA,Approved,,DB01212,C2242472,,,,
TP,ceftriaxone,Gonorrhea of rectum,승인,NA,Approved,,DB01212,C0275665,,,,
TP,ceftriaxone,Streptococcal sepsis,승인,NA,Approved,,DB01212,C0152964,,,,
TP,ceftriaxone,Acute gonococcal endometritis,승인,NA,Approved,,DB01212,C0153196,,,,
TP,ceftriaxone,"Meningitis, Pneumococcal",승인,NA,Approved,,DB01212,C0025295,,,,
TP,ceftriaxone,Proteus urinary tract infection,승인,NA,Approved,,DB01212,C0577709,,,,
TP,ceftriaxone,"Meningitis, Bacterial",승인,NA,Approved,,DB01212,C0085437,,,,
TP,ceftriaxone,Enterobacteriaceae Infections,승인,NA,Approved,,DB01212,C0014347,,,,
TP,ceftriaxone,Infective otitis media,승인,NA,Approved,,DB01212,C0729586,,,,
TP,cefuroxime,Acute bacterial sinusitis,승인,NA,Approved,,DB01112,C0275556,,,,
TP,cefuroxime,Klebsiella cystitis,승인,NA,Approved,,DB01112,C0520775,,,,
TP,cefuroxime,Acute maxillary sinusitis,승인,NA,Approved,,DB01112,C0155804,,,,
TP,cefuroxime,Haemophilus influenzae pneumonia,승인,NA,Approved,,DB01112,C0276026,,,,
TP,cefuroxime,Staphylococcal sepsis,승인,NA,Approved,,DB01112,C0152965,,,,
TP,cefuroxime,Gonorrhea of rectum,승인,NA,Approved,,DB01112,C0275665,,,,
TP,cefuroxime,Escherichia coli Infections,승인,NA,Approved,,DB01112,C0014836,,,,
TP,cefuroxime,Staphylococcus aureus infection,승인,NA,Approved,,DB01112,C1318973,,,,
TP,cefuroxime,Group A Streptococcal Infections,승인,NA,Approved,,DB01112,C0554628,,,,
TP,cefuroxime,Bacterial sepsis,승인,NA,Approved,,DB01112,C0684256,,,,
TP,cefuroxime,Acute otitis media,승인,NA,Approved,,DB01112,C0271429,,,,
TP,cefuroxime,Streptococcal tonsillitis,승인,NA,Approved,,DB01112,C0275804,,,,
TP,cefuroxime,Lower respiratory tract infection,승인,NA,Approved,,DB01112,C0149725,,,,
TP,cefuroxime,Impetigo,승인,NA,Approved,,DB01112,C0021099,,,,
TP,cefuroxime,Streptococcal pneumonia,승인,NA,Approved,,DB01112,C0155862,,,,
TP,cefuroxime,Escherichia coli septicemia,승인,NA,Approved,,DB01112,C0276088,,,,
TP,cefuroxime,Infective otitis media,승인,NA,Approved,,DB01112,C0729586,,,,
TP,cefuroxime,Bacterial urinary infection,승인,NA,Approved,,DB01112,C0729524,,,,
TP,cefuroxime,Osteomyelitis due to Staphylococcus aureus,승인,NA,Approved,,DB01112,C1997728,,,,
TP,cefuroxime,"Pneumonia, Bacterial",승인,NA,Approved,,DB01112,C0004626,,,,
TP,cefuroxime,Infection of bone,승인,NA,Approved,,DB01112,C2242472,,,,
TP,cefuroxime,Bacterial infection due to Klebsiella pneumoniae,승인,NA,Approved,,DB01112,C0343402,,,,
TP,cefuroxime,Gonorrhea,승인,NA,Approved,,DB01112,C0018081,,,,
TP,cefuroxime,Lyme Disease,승인,NA,Approved,,DB01112,C0024198,,,,
TP,cefuroxime,Staphylococcal Pneumonia,승인,NA,Approved,,DB01112,C0032308,,,,
TP,cefuroxime,Enterobacteriaceae Infections,승인,NA,Approved,,DB01112,C0014347,,,,
TP,cefuroxime,Urinary tract infection caused by Escherichia coli,승인,NA,Approved,,DB01112,C0577708,,,,
TP,cefuroxime,Acute gonococcal endometritis,승인,NA,Approved,,DB01112,C0153196,,,,
TP,cefuroxime,Acute gonococcal cervicitis,승인,NA,Approved,,DB01112,C0153195,,,,
TP,cefuroxime,"Meningitis, Bacterial",승인,NA,Approved,,DB01112,C0085437,,,,
TP,cefuroxime,Gonorrhea of pharynx,승인,NA,Approved,,DB01112,C0149966,,,,
TP,cefuroxime,Rhinoscleroma,승인,NA,Approved,,DB01112,C0035468,,,,
TP,cefuroxime,Pneumonia due to Escherichia coli,승인,NA,Approved,,DB01112,C0276089,,,,
TP,cefuroxime,Acute gonococcal urethritis,승인,NA,Approved,,DB01112,C0275652,,,,
TP,cefuroxime,Streptococcal sepsis,승인,NA,Approved,,DB01112,C0152964,,,,
TP,cefuroxime,Arthropathy associated with infection,승인,NA,Approved,,DB01112,C0157749,,,,
TP,cefuroxime,Staphylococcal meningitis,승인,NA,Approved,,DB01112,C0154640,,,,
TP,cefuroxime,Streptococcal meningitis,승인,NA,Approved,,DB01112,C0154639,,,,
TP,cefuroxime,Acute exacerbation of chronic bronchitis,승인,NA,Approved,,DB01112,C0856695,,,,
TP,cefuroxime axetil,Bacterial urinary infection,승인,NA,Approved,,DB01112,C0729524,,,,
TP,cefuroxime axetil,Group A Streptococcal Infections,승인,NA,Approved,,DB01112,C0554628,,,,
TP,cefuroxime axetil,Staphylococcus aureus infection,승인,NA,Approved,,DB01112,C1318973,,,,
TP,cefuroxime axetil,Impetigo,승인,NA,Approved,,DB01112,C0021099,,,,
TP,cefuroxime axetil,Klebsiella cystitis,승인,NA,Approved,,DB01112,C0520775,,,,
TP,cefuroxime axetil,Urinary tract infection caused by Escherichia coli,승인,NA,Approved,,DB01112,C0577708,,,,
TP,cefuroxime axetil,Lower respiratory tract infection,승인,NA,Approved,,DB01112,C0149725,,,,
TP,cefuroxime axetil,Acute exacerbation of chronic bronchitis,승인,NA,Approved,,DB01112,C0856695,,,,
TP,cefuroxime axetil,"Pneumonia, Bacterial",승인,NA,Approved,,DB01112,C0004626,,,,
TP,cefuroxime axetil,Streptococcal pneumonia,승인,NA,Approved,,DB01112,C0155862,,,,
TP,cefuroxime axetil,Haemophilus influenzae pneumonia,승인,NA,Approved,,DB01112,C0276026,,,,
TP,cefuroxime axetil,Acute bacterial sinusitis,승인,NA,Approved,,DB01112,C0275556,,,,
TP,cefuroxime axetil,Acute maxillary sinusitis,승인,NA,Approved,,DB01112,C0155804,,,,
TP,cefuroxime axetil,Infective otitis media,승인,NA,Approved,,DB01112,C0729586,,,,
TP,cefuroxime axetil,Acute otitis media,승인,NA,Approved,,DB01112,C0271429,,,,
TP,cefuroxime axetil,Gonorrhea of rectum,승인,NA,Approved,,DB01112,C0275665,,,,
TP,cefuroxime axetil,Acute gonococcal endometritis,승인,NA,Approved,,DB01112,C0153196,,,,
TP,cefuroxime axetil,Acute gonococcal cervicitis,승인,NA,Approved,,DB01112,C0153195,,,,
TP,cefuroxime axetil,Acute gonococcal urethritis,승인,NA,Approved,,DB01112,C0275652,,,,
TP,cefuroxime axetil,Gonorrhea,승인,NA,Approved,,DB01112,C0018081,,,,
TP,cefuroxime axetil,Lyme Disease,승인,NA,Approved,,DB01112,C0024198,,,,
TP,cefuroxime axetil,Streptococcal tonsillitis,승인,NA,Approved,,DB01112,C0275804,,,,
TP,spesolimab,Generalized pustular psoriasis,승인,NA,Approved,,DB15626,C0343055,,,,
TP,deucravacitinib,Chronic small plaque psoriasis,승인,NA,Approved,,DB16650,C0406317,,,,
TP,eflapegrastim,Febrile Neutropenia,승인,NA,Approved,,DB15001,C0746883,,,,
TP,taurursodiol,Amyotrophic Lateral Sclerosis,승인,NA,Approved,,DB08834,C0002736,,,,
TP,celecoxib,Juvenile arthritis,승인,NA,Approved,,DB00482,C3495559,,,,
TP,celecoxib,"Postoperative Pain, Acute",승인,NA,Approved,,DB00482,C2215257,,,,
TP,celecoxib,Dysmenorrhea,승인,NA,Approved,,DB00482,C0013390,,,,
TP,celecoxib,Rheumatoid Arthritis,승인,NA,Approved,,DB00482,C0003873,,,,
TP,celecoxib,Ankylosing spondylitis,승인,NA,Approved,,DB00482,C0038013,,,,
TP,celecoxib,Degenerative polyarthritis,승인,NA,Approved,,DB00482,C0029408,,,,
TP,futibatinib,Intrahepatic Cholangiocarcinoma,승인,NA,Approved,,DB15149,C0345905,,,,
TP,tixagevimab,COVID19 (disease),승인,NA,Approved,,DB16394,C5203670,,,,
TP,cilgavimab,COVID19 (disease),승인,NA,Approved,,DB16393,C5203670,,,,
TP,pimitespib,Gastrointestinal Stromal Tumors,승인,NA,Approved,,DB14876,C0238198,,,,
TP,ferric derisomaltose,Iron deficiency anemia,승인,NA,Approved,,DB15617,C0162316,,,,
TP,carotegrast methyl,Ulcerative Colitis,승인,NA,Approved,,DB16119,C0009324,,,,
TP,celiprolol,Hypertensive disease,승인,NA,Approved,,DB04846,C0020538,,,,
TP,celiprolol,Angina Pectoris,승인,NA,Approved,,DB04846,C0002962,,,,
TP,tremelimumab,Liver carcinoma,승인,NA,Approved,,DB11771,C2239176,,,,
TP,tremelimumab,Epidermal growth factor receptor negative non-small cell lung cancer,승인,NA,Approved,,DB11771,C1960396,,,,
TP,tremelimumab,Anaplastic lymphoma kinase fusion oncogene negative non-small cell lung cancer,승인,NA,Approved,,DB11771,C5394854,,,,
TP,teplizumab,"Diabetes Mellitus, Insulin-Dependent",승인,NA,Approved,,DB06606,C0011854,,,,
TP,olutasidenib,"Leukemia, Myelocytic, Acute",승인,NA,Approved,,DB16267,C0023467,,,,
TP,acetohexamide,"Diabetes Mellitus, Non-Insulin-Dependent",승인,NA,Approved,,DB00414,C0011860,,,,
TP,birch bark extract,Epidermolysis Bullosa,승인,NA,Approved,,DB16536,C0014527,,,,
TP,olipudase alfa,"Niemann-Pick Disease, Type A",승인,NA,Approved,,DB12835,C0268242,,,,
TP,olipudase alfa,"Niemann-Pick Disease, Type B",승인,NA,Approved,,DB12835,C0268243,,,,
TP,valoctocogene roxaparvovec,Severe hereditary factor VIII deficiency disease,승인,NA,Approved,,DB15561,C0272322,,,,
TP,cefalexin,Infective otitis media,승인,NA,Approved,,DB00567,C0729586,,,,
TP,cefalexin,prostatitis,승인,NA,Approved,,DB00567,C0033581,,,,
TP,cefalexin,Streptococcal pneumonia,승인,NA,Approved,,DB00567,C0155862,,,,
TP,cefalexin,Bacterial urinary infection,승인,NA,Approved,,DB00567,C0729524,,,,
TP,cefalexin,Klebsiella cystitis,승인,NA,Approved,,DB00567,C0520775,,,,
TP,cefalexin,Arthropathy associated with infection,승인,NA,Approved,,DB00567,C0157749,,,,
TP,cefalexin,Acute otitis media,승인,NA,Approved,,DB00567,C0271429,,,,
TP,cefalexin,Group A Streptococcal Infections,승인,NA,Approved,,DB00567,C0554628,,,,
TP,cefalexin,Proteus urinary tract infection,승인,NA,Approved,,DB00567,C0577709,,,,
TP,cefalexin,Osteomyelitis due to Staphylococcus aureus,승인,NA,Approved,,DB00567,C1997728,,,,
TP,cefalexin,Streptococcal tonsillitis,승인,NA,Approved,,DB00567,C0275804,,,,
TP,cefalexin,Infection of bone,승인,NA,Approved,,DB00567,C2242472,,,,
TP,cefalexin,Urinary tract infection caused by Escherichia coli,승인,NA,Approved,,DB00567,C0577708,,,,
TP,cefalexin,Staphylococcus aureus infection,승인,NA,Approved,,DB00567,C1318973,,,,
TP,cefalotin,Haemophilus influenzae pneumonia,승인,NA,Approved,,DB00456,C0276026,,,,
TP,cefalotin,Streptococcal pneumonia,승인,NA,Approved,,DB00456,C0155862,,,,
TP,cefalotin,Bacterial infection due to Klebsiella pneumoniae,승인,NA,Approved,,DB00456,C0343402,,,,
TP,cefalotin,Infection of bone,승인,NA,Approved,,DB00456,C2242472,,,,
TP,cefalotin,Arthropathy associated with infection,승인,NA,Approved,,DB00456,C0157749,,,,
TP,cefalotin,Female genital tract infection,승인,NA,Approved,,DB00456,C1263758,,,,
TP,cefalotin,Pneumonia,승인,NA,Approved,,DB00456,C0032285,,,,
TP,cefalotin,Urinary tract infection,승인,NA,Approved,,DB00456,C0042029,,,,
TP,cefalotin,Lower respiratory tract infection,승인,NA,Approved,,DB00456,C0149725,,,,
TP,cefalotin,Bacterial sepsis,승인,NA,Approved,,DB00456,C0684256,,,,
TP,cefapirin,Staphylococcal endocarditis,승인,NA,Approved,,DB01139,C0520767,,,,
TP,cefapirin,Bacterial infection due to Klebsiella pneumoniae,승인,NA,Approved,,DB01139,C0343402,,,,
TP,cefapirin,Staphylococcal sepsis,승인,NA,Approved,,DB01139,C0152965,,,,
TP,cefapirin,Group A Streptococcal Infections,승인,NA,Approved,,DB01139,C0554628,,,,
TP,cefapirin,Streptococcal pneumonia,승인,NA,Approved,,DB01139,C0155862,,,,
TP,cefapirin,Pneumonia,승인,NA,Approved,,DB01139,C0032285,,,,
TP,cefapirin,Staphylococcal Pneumonia,승인,NA,Approved,,DB01139,C0032308,,,,
TP,cefapirin,Proteus urinary tract infection,승인,NA,Approved,,DB01139,C0577709,,,,
TP,cefapirin,Urinary tract infection,승인,NA,Approved,,DB01139,C0042029,,,,
TP,cefapirin,Staphylococcus aureus infection,승인,NA,Approved,,DB01139,C1318973,,,,
TP,cefapirin,Bacterial sepsis,승인,NA,Approved,,DB01139,C0684256,,,,
TP,cefapirin,Escherichia coli Infections,승인,NA,Approved,,DB01139,C0014836,,,,
TP,cefapirin,Escherichia coli septicemia,승인,NA,Approved,,DB01139,C0276088,,,,
TP,cefapirin,Arthropathy associated with infection,승인,NA,Approved,,DB01139,C0157749,,,,
TP,cefapirin,Streptococcal sepsis,승인,NA,Approved,,DB01139,C0152964,,,,
TP,cefapirin,Klebsiella cystitis,승인,NA,Approved,,DB01139,C0520775,,,,
TP,cefapirin,Haemophilus influenzae pneumonia,승인,NA,Approved,,DB01139,C0276026,,,,
TP,cefapirin,Rhinoscleroma,승인,NA,Approved,,DB01139,C0035468,,,,
TP,cefapirin,Infection of bone,승인,NA,Approved,,DB01139,C2242472,,,,
TP,cefapirin,Bacterial Endocarditis,승인,NA,Approved,,DB01139,C0014121,,,,
TP,cefapirin,Osteomyelitis due to Staphylococcus aureus,승인,NA,Approved,,DB01139,C1997728,,,,
TP,cefapirin,Lower respiratory tract infection,승인,NA,Approved,,DB01139,C0149725,,,,
TP,cefapirin,Urinary tract infection caused by Escherichia coli,승인,NA,Approved,,DB01139,C0577708,,,,
TP,cefradine,Infection of bone,승인,NA,Approved,,DB01333,C2242472,,,,
TP,cefradine,Urinary tract infection,승인,NA,Approved,,DB01333,C0042029,,,,
TP,cefradine,Haemophilus influenzae pneumonia,승인,NA,Approved,,DB01333,C0276026,,,,
TP,cefradine,Upper Respiratory Infections,승인,NA,Approved,,DB01333,C0041912,,,,
TP,cefradine,Urinary tract infection caused by Escherichia coli,승인,NA,Approved,,DB01333,C0577708,,,,
TP,cefradine,Group A Streptococcal Infections,승인,NA,Approved,,DB01333,C0554628,,,,
TP,cefradine,Bacterial infection due to Klebsiella pneumoniae,승인,NA,Approved,,DB01333,C0343402,,,,
TP,cefradine,Streptococcal tonsillitis,승인,NA,Approved,,DB01333,C0275804,,,,
TP,cefradine,prostatitis,승인,NA,Approved,,DB01333,C0033581,,,,
TP,cefradine,Arthropathy associated with infection,승인,NA,Approved,,DB01333,C0157749,,,,
TP,cefradine,Tonsillitis,승인,NA,Approved,,DB01333,C0040425,,,,
TP,cefradine,Staphylococcal Pneumonia,승인,NA,Approved,,DB01333,C0032308,,,,
TP,cefradine,Pharyngitis,승인,NA,Approved,,DB01333,C0031350,,,,
TP,cefradine,Streptococcal pneumonia,승인,NA,Approved,,DB01333,C0155862,,,,
TP,cefradine,Staphylococcus aureus infection,승인,NA,Approved,,DB01333,C1318973,,,,
TP,cefradine,Infective otitis media,승인,NA,Approved,,DB01333,C0729586,,,,
TP,cefradine,Pneumonia,승인,NA,Approved,,DB01333,C0032285,,,,
TP,cefradine,Proteus urinary tract infection,승인,NA,Approved,,DB01333,C0577709,,,,
TP,cefradine,Lower respiratory tract infection,승인,NA,Approved,,DB01333,C0149725,,,,
TP,cefradine,Klebsiella cystitis,승인,NA,Approved,,DB01333,C0520775,,,,
TP,cefradine,Acute otitis media,승인,NA,Approved,,DB01333,C0271429,,,,
TP,cerivastatin,Hypercholesterolemia,승인,NA,Approved,,DB00439,C0020443,,,,
TP,cerivastatin,"Hyperlipidemia, Familial Combined",승인,NA,Approved,,DB00439,C0020474,,,,
TP,acetohydroxamic acid,Urinary tract infection,승인,NA,Approved,,DB00551,C0042029,,,,
TP,cetirizine,Allergic Conjunctivitis,승인,NA,Approved,,DB00341,C0009766,,,,
TP,cetirizine,Hay fever,승인,NA,Approved,,DB00341,C0018621,,,,
TP,cetirizine,Rhinorrhea,승인,NA,Approved,,DB00341,C1260880,,,,
TP,cetirizine,Common Cold,승인,NA,Approved,,DB00341,C0009443,,,,
TP,cetirizine,Chronic Spontaneous Urticaria,승인,NA,Approved,,DB00341,C0578870,,,,
TP,cetirizine,Allergic rhinitis (disorder),승인,NA,Approved,,DB00341,C2607914,,,,
TP,cetirizine,Nasal congestion (finding),승인,NA,Approved,,DB00341,C0027424,,,,
TP,cetirizine,"Rhinitis, Vasomotor",승인,NA,Approved,,DB00341,C0035460,,,,
TP,cetirizine,Sneezing,승인,NA,Approved,,DB00341,C0037383,,,,
TP,clofedanol,Coughing,승인,NA,Approved,,DB04837,C0010200,,,,
TP,clofedanol,Common Cold,승인,NA,Approved,,DB04837,C0009443,,,,
TP,clofedanol,Allergic rhinitis (disorder),승인,NA,Approved,,DB04837,C2607914,,,,
TP,clofedanol,"Rhinitis, Vasomotor",승인,NA,Approved,,DB04837,C0035460,,,,
TP,clofedanol,Rhinorrhea,승인,NA,Approved,,DB04837,C1260880,,,,
TP,clofedanol,Nasal congestion (finding),승인,NA,Approved,,DB04837,C0027424,,,,
TP,clofedanol,Rhinitis,승인,NA,Approved,,DB04837,C0035455,,,,
TP,chloral hydrate,Sleeplessness,승인,NA,Approved,,DB01563,C0917801,,,,
TP,chlorambucil,"Lymphoma, Follicular",승인,NA,Approved,,DB00291,C0024301,,,,
TP,chlorambucil,Hodgkin Disease,승인,NA,Approved,,DB00291,C0019829,,,,
TP,chlorambucil,Chronic Lymphocytic Leukemia,승인,NA,Approved,,DB00291,C0023434,,,,
TP,chloramphenicol,Meningococcal meningitis,승인,NA,Approved,,DB00446,C0025294,,,,
TP,chloramphenicol,Streptococcal meningitis,승인,NA,Approved,,DB00446,C0154639,,,,
TP,chloramphenicol,Rickettsia Infections,승인,NA,Approved,,DB00446,C0035585,,,,
TP,chloramphenicol,Boutonneuse Fever,승인,NA,Approved,,DB00446,C0006060,,,,
TP,chloramphenicol,"Skin Diseases, Bacterial",승인,NA,Approved,,DB00446,C0162627,,,,
TP,chloramphenicol,Typhoid Fever,승인,NA,Approved,,DB00446,C0041466,,,,
TP,chloramphenicol,Otitis Externa,승인,NA,Approved,,DB00446,C0029878,,,,
TP,chloramphenicol,Paratyphoid Fever,승인,NA,Approved,,DB00446,C0030528,,,,
TP,acetophenazine,Psychotic Disorders,승인,NA,Approved,,DB01063,C0033975,,,,
TP,chlorcyclizine,Common Cold,승인,NA,Approved,,DB08936,C0009443,,,,
TP,chlorcyclizine,Hay fever,승인,NA,Approved,,DB08936,C0018621,,,,
TP,chlorcyclizine,Rhinorrhea,승인,NA,Approved,,DB08936,C1260880,,,,
TP,chlorcyclizine,Allergic Conjunctivitis,승인,NA,Approved,,DB08936,C0009766,,,,
TP,chlorcyclizine,Allergic rhinitis (disorder),승인,NA,Approved,,DB08936,C2607914,,,,
TP,chlorcyclizine,Sneezing,승인,NA,Approved,,DB08936,C0037383,,,,
TP,chlorcyclizine,Nasal congestion (finding),승인,NA,Approved,,DB08936,C0027424,,,,
TP,chlorcyclizine,Coughing,승인,NA,Approved,,DB08936,C0010200,,,,
TP,chlorcyclizine,"Rhinitis, Vasomotor",승인,NA,Approved,,DB08936,C0035460,,,,
TP,chlordiazepoxide,Anxiety,승인,NA,Approved,,DB00475,C0003467,,,,
TP,chlordiazepoxide,Severe anxiety (panic),승인,NA,Approved,,DB00475,C0231403,,,,
TP,chlordiazepoxide,Alcohol Withdrawal Delirium,승인,NA,Approved,,DB00475,C0001957,,,,
TP,chlordiazepoxide,Peptic Ulcer,승인,NA,Approved,,DB00475,C0030920,,,,
TP,chlordiazepoxide,Irritable Bowel Syndrome,승인,NA,Approved,,DB00475,C0022104,,,,
TP,chlordiazepoxide,Mixed anxiety and depressive disorder,승인,NA,Approved,,DB00475,C0338908,,,,
TP,chlordiazepoxide,Alcohol withdrawal syndrome,승인,NA,Approved,,DB00475,C0236663,,,,
TP,chlorhexidine,Gingivitis,승인,NA,Approved,,DB00878,C0017574,,,,
TP,racecadotril,Acute diarrhea,승인,NA,Approved,,DB11696,C0740441,,,,
TP,chlormadinone,Menorrhagia,승인,NA,Approved,,DB13528,C0025323,,,,
TP,chlormadinone,Endometriosis,승인,NA,Approved,,DB13528,C0014175,,,,
TP,clomethiazole,Alcohol withdrawal syndrome,승인,NA,Approved,,DB06470,C0236663,,,,
TP,clomethiazole,Sleeplessness,승인,NA,Approved,,DB06470,C0917801,,,,
TP,chlormezanone,Anxiety,승인,NA,Approved,,DB01178,C0003467,,,,
TP,chloroquine,Quartan malaria,승인,NA,Approved,,DB00608,C0024536,,,,
TP,chloroquine,Rheumatoid Arthritis,승인,NA,Approved,,DB00608,C0003873,,,,
TP,chloroquine,"Malaria, Falciparum",승인,NA,Approved,,DB00608,C0024535,,,,
TP,chloroquine,"Lupus Erythematosus, Systemic",승인,NA,Approved,,DB00608,C0024141,,,,
TP,chloroquine,"Malaria, Vivax",승인,NA,Approved,,DB00608,C0024537,,,,
TP,chloroquine,Chronic discoid lupus erythematosus,승인,NA,Approved,,DB00608,C0024138,,,,
TP,chloroquine,Ovale malaria,승인,NA,Approved,,DB00608,C0152072,,,,
TP,chlorothiazide,Edema,승인,NA,Approved,,DB00880,C0013604,,,,
TP,chlorothiazide,Hypertensive urgency,승인,NA,Approved,,DB00880,C0745138,,,,
TP,chlorothiazide,Hypertensive disease,승인,NA,Approved,,DB00880,C0020538,,,,
TP,chlorothiazide,Chronic heart failure,승인,NA,Approved,,DB00880,C0264716,,,,
TP,chloroxine,Scurfiness of scalp,승인,NA,Approved,,DB01243,C0423775,,,,
TP,chloroxine,Seborrheic dermatitis,승인,NA,Approved,,DB01243,C0036508,,,,
TP,chlorphenesin carbamate,Muscle Spasticity,승인,NA,Approved,,DB14656,C0026838,,,,
TP,chlorphenamine,Urticaria,승인,NA,Approved,,DB01114,C0042109,,,,
TP,chlorphenamine,Dermatographic urticaria,승인,NA,Approved,,DB01114,C0343065,,,,
TP,chlorphenamine,Nasal congestion (finding),승인,NA,Approved,,DB01114,C0027424,,,,
TP,chlorphenamine,"Rhinitis, Vasomotor",승인,NA,Approved,,DB01114,C0035460,,,,
TP,chlorphenamine,Influenza-like symptoms,승인,NA,Approved,,DB01114,C0392171,,,,
TP,chlorphenamine,Rhinorrhea,승인,NA,Approved,,DB01114,C1260880,,,,
TP,chlorphenamine,Allergic Conjunctivitis,승인,NA,Approved,,DB01114,C0009766,,,,
TP,chlorphenamine,Sneezing,승인,NA,Approved,,DB01114,C0037383,,,,
TP,chlorphenamine,Hay fever,승인,NA,Approved,,DB01114,C0018621,,,,
TP,chlorphenamine,Allergic rhinitis (disorder),승인,NA,Approved,,DB01114,C2607914,,,,
TP,chlorphenamine,Common Cold,승인,NA,Approved,,DB01114,C0009443,,,,
TP,chlorphenamine,Pruritus,승인,NA,Approved,,DB01114,C0033774,,,,
TP,chlorphentermine,Obesity,승인,NA,Approved,,DB01556,C0028754,,,,
TP,acetoxolone,Gastritis,승인,NA,Approved,,DB13640,C0017152,,,,
TP,chlorpromazine,Schizophrenia,승인,NA,Approved,,DB00477,C0036341,,,,
TP,chlorpromazine,"Bipolar affective disorder, current episode manic",승인,NA,Approved,,DB00477,C0338873,,,,
TP,chlorpromazine,Nausea and vomiting,승인,NA,Approved,,DB00477,C0027498,,,,
TP,chlorpromazine,Acute intermittent porphyria,승인,NA,Approved,,DB00477,C0162565,,,,
TP,chlorpromazine,Psychotic Disorders,승인,NA,Approved,,DB00477,C0033975,,,,
TP,chlorpromazine,Disruptive Behavior Disorder,승인,NA,Approved,,DB00477,C0012734,,,,
TP,chlorpropamide,"Diabetes Mellitus, Non-Insulin-Dependent",승인,NA,Approved,,DB00672,C0011860,,,,
TP,chlorprothixene,Schizophrenia,승인,NA,Approved,,DB01239,C0036341,,,,
TP,chlortetracycline,Ophthalmia Neonatorum,승인,NA,Approved,,DB09093,C0029076,,,,
TP,chlortetracycline,Trachoma,승인,NA,Approved,,DB09093,C0040592,,,,
TP,chlortalidone,Edema,승인,NA,Approved,,DB00310,C0013604,,,,
TP,chlortalidone,Hypertensive disease,승인,NA,Approved,,DB00310,C0020538,,,,
TP,chlorzoxazone,Muscle Spasticity,승인,NA,Approved,,DB00356,C0026838,,,,
TP,cianidanol,Condylomata Acuminata,승인,NA,Approved,,DB14086,C0009663,,,,
TP,cyclacillin,Pharyngitis,승인,NA,Approved,,DB01000,C0031350,,,,
TP,cyclacillin,Urinary tract infection,승인,NA,Approved,,DB01000,C0042029,,,,
TP,cyclacillin,Bronchitis,승인,NA,Approved,,DB01000,C0006277,,,,
TP,cyclacillin,Infective otitis media,승인,NA,Approved,,DB01000,C0729586,,,,
TP,ciclesonide,Asthma,승인,NA,Approved,,DB01410,C0004096,,,,
TP,ciclesonide,Hay fever,승인,NA,Approved,,DB01410,C0018621,,,,
TP,ciclesonide,Allergic rhinitis (disorder),승인,NA,Approved,,DB01410,C2607914,,,,
TP,ciclopirox,Scurfiness of scalp,승인,NA,Approved,,DB01188,C0423775,,,,
TP,ciclopirox,Tinea corporis (disorder),승인,NA,Approved,,DB01188,C0040252,,,,
TP,ciclopirox,Onychomycosis,승인,NA,Approved,,DB01188,C0040261,,,,
TP,ciclopirox,Tinea cruris,승인,NA,Approved,,DB01188,C1384589,,,,
TP,ciclopirox,Tinea Versicolor,승인,NA,Approved,,DB01188,C0040262,,,,
TP,ciclopirox,Tinea Pedis,승인,NA,Approved,,DB01188,C0040259,,,,
TP,ciclopirox,Seborrheic dermatitis,승인,NA,Approved,,DB01188,C0036508,,,,
TP,ciclopirox,Cutaneous Candidiasis,승인,NA,Approved,,DB01188,C0006846,,,,
TP,acetylcarnitine,Alzheimer's Disease,승인,NA,Approved,,DB08842,C0002395,,,,
TP,acetylcarnitine,Senile dementia,승인,NA,Approved,,DB08842,C0011268,,,,
TP,cilastatin,"Pneumonia, Bacterial",승인,NA,Approved,,DB01597,C0004626,,,,
TP,cilastatin,Abdominal Infection,승인,NA,Approved,,DB01597,C1112209,,,,
TP,cilastatin,Peritonitis,승인,NA,Approved,,DB01597,C0031154,,,,
TP,cilastatin,Pneumonia due to Escherichia coli,승인,NA,Approved,,DB01597,C0276089,,,,
TP,cilastatin,Haemophilus influenzae pneumonia,승인,NA,Approved,,DB01597,C0276026,,,,
TP,cilastatin,Bacterial Endocarditis,승인,NA,Approved,,DB01597,C0014121,,,,
TP,cilastatin,Female genital tract infection,승인,NA,Approved,,DB01597,C1263758,,,,
TP,cilastatin,Bacterial urinary infection,승인,NA,Approved,,DB01597,C0729524,,,,
TP,cilastatin,Abdominal Abscess,승인,NA,Approved,,DB01597,C0243001,,,,
TP,cilastatin,Acute exacerbation of chronic bronchitis,승인,NA,Approved,,DB01597,C0856695,,,,
TP,cilastatin,Bacterial sepsis,승인,NA,Approved,,DB01597,C0684256,,,,
TP,cilastatin,Streptococcal pneumonia,승인,NA,Approved,,DB01597,C0155862,,,,
TP,cilastatin,Bacterial infection due to Klebsiella pneumoniae,승인,NA,Approved,,DB01597,C0343402,,,,
TP,cilastatin,Lower respiratory tract infection,승인,NA,Approved,,DB01597,C0149725,,,,
TP,cilastatin,Infection of bone,승인,NA,Approved,,DB01597,C2242472,,,,
TP,cilastatin,Endometritis,승인,NA,Approved,,DB01597,C0014179,,,,
TP,cilastatin,Arthropathy associated with infection,승인,NA,Approved,,DB01597,C0157749,,,,
TP,cilastatin,Infection caused by Citrobacter,승인,NA,Approved,,DB01597,C0948204,,,,
TP,cilastatin,Klebsiella Infections,승인,NA,Approved,,DB01597,C0022729,,,,
TP,cilastatin,Infection due to enterococcus,승인,NA,Approved,,DB01597,C1320183,,,,
TP,cilastatin,Acinetobacter Infections,승인,NA,Approved,,DB01597,C0001139,,,,
TP,cilazapril,Hypertensive disease,승인,NA,Approved,,DB01340,C0020538,,,,
TP,cilostazol,Intermittent Claudication,승인,NA,Approved,,DB01166,C0021775,,,,
TP,cimetidine,Duodenal Ulcer,승인,NA,Approved,,DB00501,C0013295,,,,
TP,cimetidine,Dyspepsia,승인,NA,Approved,,DB00501,C0013395,,,,
TP,cimetidine,Gastroesophageal reflux disease,승인,NA,Approved,,DB00501,C0017168,,,,
TP,cimetidine,Zollinger-Ellison syndrome,승인,NA,Approved,,DB00501,C0043515,,,,
TP,cimetidine,Heartburn,승인,NA,Approved,,DB00501,C0018834,,,,
TP,cimetidine,"Mastocytosis, Systemic",승인,NA,Approved,,DB00501,C0221013,,,,
TP,cimetidine,Multiple Endocrine Neoplasia,승인,NA,Approved,,DB00501,C0027662,,,,
TP,cimetidine,Gastric ulcer,승인,NA,Approved,,DB00501,C0038358,,,,
TP,acetylcholine,Glaucoma,승인,NA,Approved,,DB03128,C0017601,,,,
TP,cinnarizine,Vertigo,승인,NA,Approved,,DB00568,C0042571,,,,
TP,cinnarizine,Nausea,승인,NA,Approved,,DB00568,C0027497,,,,
TP,cinnarizine,Motion Sickness,승인,NA,Approved,,DB00568,C0026603,,,,
TP,cinoxacin,Urinary tract infection,승인,NA,Approved,,DB00827,C0042029,,,,
TP,ciprofibrate,Hypertriglyceridemia,승인,NA,Approved,,DB09064,C0020557,,,,
TP,ciprofibrate,"Hyperlipidemia, Familial Combined",승인,NA,Approved,,DB09064,C0020474,,,,
TP,ciprofloxacin,Acute gonococcal urethritis,승인,NA,Approved,,DB00537,C0275652,,,,
TP,ciprofloxacin,Infective otitis externa,승인,NA,Approved,,DB00537,C0021355,,,,
TP,ciprofloxacin,Enterobacteriaceae Infections,승인,NA,Approved,,DB00537,C0014347,,,,
TP,ciprofloxacin,Acute Moraxella catarrhalis bronchitis,승인,NA,Approved,,DB00537,C0339932,,,,
TP,ciprofloxacin,Escherichia coli septicemia,승인,NA,Approved,,DB00537,C0276088,,,,
TP,ciprofloxacin,Acute bacterial peritonitis,승인,NA,Approved,,DB00537,C0275550,,,,
TP,ciprofloxacin,Typhoid Fever,승인,NA,Approved,,DB00537,C0041466,,,,
TP,ciprofloxacin,Bacterial conjunctivitis,승인,NA,Approved,,DB00537,C0009768,,,,
TP,ciprofloxacin,Group A Streptococcal Infections,승인,NA,Approved,,DB00537,C0554628,,,,
TP,ciprofloxacin,Pneumonia due to Pseudomonas,승인,NA,Approved,,DB00537,C0155860,,,,
TP,ciprofloxacin,Staphylococcus aureus infection,승인,NA,Approved,,DB00537,C1318973,,,,
TP,ciprofloxacin,Infection of bone,승인,NA,Approved,,DB00537,C2242472,,,,
TP,ciprofloxacin,Anthrax disease,승인,NA,Approved,,DB00537,C0003175,,,,
TP,ciprofloxacin,"Pneumonia, Bacterial",승인,NA,Approved,,DB00537,C0004626,,,,
TP,ciprofloxacin,Acute bacterial sinusitis,승인,NA,Approved,,DB00537,C0275556,,,,
TP,ciprofloxacin,Infective cystitis,승인,NA,Approved,,DB00537,C0600041,,,,
TP,ciprofloxacin,Infection due to Pseudomonas aeruginosa,승인,NA,Approved,,DB00537,C0276075,,,,
TP,ciprofloxacin,Malignant otitis externa due to Pseudomonas aeruginosa,승인,NA,Approved,,DB00537,C0395818,,,,
TP,ciprofloxacin,Rhinoscleroma,승인,NA,Approved,,DB00537,C0035468,,,,
TP,ciprofloxacin,Hospital acquired pneumonia,승인,NA,Approved,,DB00537,C0949083,,,,
TP,ciprofloxacin,Arthropathy associated with infection,승인,NA,Approved,,DB00537,C0157749,,,,
TP,ciprofloxacin,Acute gonococcal cervicitis,승인,NA,Approved,,DB00537,C0153195,,,,
TP,ciprofloxacin,Dysentery,승인,NA,Approved,,DB00537,C0013369,,,,
TP,ciprofloxacin,Chancroids,승인,NA,Approved,,DB00537,C0007947,,,,
TP,ciprofloxacin,Haemophilus influenzae pneumonia,승인,NA,Approved,,DB00537,C0276026,,,,
TP,ciprofloxacin,Urinary tract infection caused by Escherichia coli,승인,NA,Approved,,DB00537,C0577708,,,,
TP,ciprofloxacin,Cystitis,승인,NA,Approved,,DB00537,C0010692,,,,
TP,ciprofloxacin,Acute osteomyelitis,승인,NA,Approved,,DB00537,C0158371,,,,
TP,ciprofloxacin,prostatitis,승인,NA,Approved,,DB00537,C0033581,,,,
TP,ciprofloxacin,Proteus urinary tract infection,승인,NA,Approved,,DB00537,C0577709,,,,
TP,ciprofloxacin,Lower respiratory tract infection,승인,NA,Approved,,DB00537,C0149725,,,,
TP,ciprofloxacin,Bacterial urinary infection,승인,NA,Approved,,DB00537,C0729524,,,,
TP,ciprofloxacin,Klebsiella cystitis,승인,NA,Approved,,DB00537,C0520775,,,,
TP,ciprofloxacin,Escherichia coli Infections,승인,NA,Approved,,DB00537,C0014836,,,,
TP,ciprofloxacin,Abdominal Infection,승인,NA,Approved,,DB00537,C1112209,,,,
TP,ciprofloxacin,Acute bacterial bronchitis,승인,NA,Approved,,DB00537,C0339933,,,,
TP,ciprofloxacin,Abdominal Abscess,승인,NA,Approved,,DB00537,C0243001,,,,
TP,ciprofloxacin,Shigella Infections,승인,NA,Approved,,DB00537,C0013371,,,,
TP,ciprofloxacin,Acute maxillary sinusitis,승인,NA,Approved,,DB00537,C0155804,,,,
TP,ciprofloxacin,Pneumonia due to Escherichia coli,승인,NA,Approved,,DB00537,C0276089,,,,
TP,ciprofloxacin,Otitis Externa,승인,NA,Approved,,DB00537,C0029878,,,,
TP,ciprofloxacin,Infective otitis media,승인,NA,Approved,,DB00537,C0729586,,,,
TP,ciprofloxacin,Streptococcal pneumonia,승인,NA,Approved,,DB00537,C0155862,,,,
TP,ciprofloxacin,Proteus pneumonia,승인,NA,Approved,,DB00537,C1260917,,,,
TP,ciprofloxacin,Urinary tract infection caused by Klebsiella,승인,NA,Approved,,DB00537,C4076057,,,,
TP,ciprofloxacin,Bacterial infection due to Klebsiella pneumoniae,승인,NA,Approved,,DB00537,C0343402,,,,
TP,ciprofloxacin,Enteric campylobacteriosis,승인,NA,Approved,,DB00537,C0275982,,,,
TP,acetylcysteine,Poisoning caused by acetaminophen,승인,NA,Approved,,DB06151,C0237963,,,,
TP,acetylcysteine,Bronchiectasis,승인,NA,Approved,,DB06151,C0006267,,,,
TP,acetylcysteine,Bronchitis,승인,NA,Approved,,DB06151,C0006277,,,,
TP,acetylcysteine,Amyloidosis,승인,NA,Approved,,DB06151,C0002726,,,,
TP,acetylcysteine,Pulmonary Cystic Fibrosis,승인,NA,Approved,,DB06151,C0392164,,,,
TP,cisapride,Gastroesophageal reflux disease,승인,NA,Approved,,DB00604,C0017168,,,,
TP,citalopram,Generalized Anxiety Disorder,승인,NA,Approved,,DB00215,C0270549,,,,
TP,citalopram,Major Depressive Disorder,승인,NA,Approved,,DB00215,C1269683,,,,
TP,citalopram,Depressive disorder,승인,NA,Approved,,DB00215,C0011581,,,,
TP,citric acid,Pain,승인,NA,Approved,,DB04272,C0030193,,,,
TP,citric acid,Dyspepsia,승인,NA,Approved,,DB04272,C0013395,,,,
TP,citric acid,Headache Disorders,승인,NA,Approved,,DB04272,C0393735,,,,
TP,cladribine,"Multiple Sclerosis, Relapsing-Remitting",승인,NA,Approved,,DB00242,C0751967,,,,
TP,cladribine,Hairy Cell Leukemia,승인,NA,Approved,,DB00242,C0023443,,,,
TP,clarithromycin,Acute maxillary sinusitis,승인,NA,Approved,,DB01211,C0155804,,,,
TP,clarithromycin,Staphylococcus aureus infection,승인,NA,Approved,,DB01211,C1318973,,,,
TP,clarithromycin,Acute bacterial bronchitis,승인,NA,Approved,,DB01211,C0339933,,,,
TP,clarithromycin,Acute bacterial sinusitis,승인,NA,Approved,,DB01211,C0275556,,,,
TP,clarithromycin,Infective otitis media,승인,NA,Approved,,DB01211,C0729586,,,,
TP,clarithromycin,Pulmonary Mycobacterium avium complex infection,승인,NA,Approved,,DB01211,C2733595,,,,
TP,clarithromycin,Group A Streptococcal Infections,승인,NA,Approved,,DB01211,C0554628,,,,
TP,clarithromycin,Chlamydial pneumonia,승인,NA,Approved,,DB01211,C0339959,,,,
TP,clarithromycin,Acute otitis media,승인,NA,Approved,,DB01211,C0271429,,,,
TP,clarithromycin,Mycoplasma pneumonia,승인,NA,Approved,,DB01211,C0032302,,,,
TP,clarithromycin,"Pneumonia, Bacterial",승인,NA,Approved,,DB01211,C0004626,,,,
TP,clarithromycin,Acute exacerbation of chronic bronchitis,승인,NA,Approved,,DB01211,C0856695,,,,
TP,clarithromycin,Acute Moraxella catarrhalis bronchitis,승인,NA,Approved,,DB01211,C0339932,,,,
TP,clarithromycin,Streptococcal tonsillitis,승인,NA,Approved,,DB01211,C0275804,,,,
TP,clarithromycin,Haemophilus influenzae pneumonia,승인,NA,Approved,,DB01211,C0276026,,,,
TP,clarithromycin,Infection caused by Helicobacter pylori,승인,NA,Approved,,DB01211,C0850666,,,,
TP,clavulanic acid,Urinary tract infection caused by Escherichia coli,승인,NA,Approved,,DB00766,C0577708,,,,
TP,clavulanic acid,Pneumonia due to Klebsiella pneumoniae,승인,NA,Approved,,DB00766,C0519030,,,,
TP,clavulanic acid,Acute bacterial sinusitis,승인,NA,Approved,,DB00766,C0275556,,,,
TP,clavulanic acid,Klebsiella cystitis,승인,NA,Approved,,DB00766,C0520775,,,,
TP,clavulanic acid,Bacterial sepsis,승인,NA,Approved,,DB00766,C0684256,,,,
TP,clavulanic acid,Bacterial infection due to Klebsiella pneumoniae,승인,NA,Approved,,DB00766,C0343402,,,,
TP,clavulanic acid,Rhinoscleroma,승인,NA,Approved,,DB00766,C0035468,,,,
TP,clavulanic acid,Sepsis due to Staphylococcus aureus,승인,NA,Approved,,DB00766,C2887088,,,,
TP,clavulanic acid,Osteomyelitis due to Staphylococcus aureus,승인,NA,Approved,,DB00766,C1997728,,,,
TP,clavulanic acid,Bacterial urinary infection,승인,NA,Approved,,DB00766,C0729524,,,,
TP,clavulanic acid,Pneumonia due to Staphylococcus aureus,승인,NA,Approved,,DB00766,C2349530,,,,
TP,clavulanic acid,Infective otitis media,승인,NA,Approved,,DB00766,C0729586,,,,
TP,clavulanic acid,Sepsis due to Pseudomonas,승인,NA,Approved,,DB00766,C2887096,,,,
TP,clavulanic acid,Escherichia coli septicemia,승인,NA,Approved,,DB00766,C0276088,,,,
TP,clavulanic acid,Escherichia coli Infections,승인,NA,Approved,,DB00766,C0014836,,,,
TP,clavulanic acid,Haemophilus influenzae pneumonia,승인,NA,Approved,,DB00766,C0276026,,,,
TP,clavulanic acid,Staphylococcus aureus infection,승인,NA,Approved,,DB00766,C1318973,,,,
TP,clavulanic acid,Urinary tract infection,승인,NA,Approved,,DB00766,C0042029,,,,
TP,clavulanic acid,"Pneumonia, Bacterial",승인,NA,Approved,,DB00766,C0004626,,,,
TP,clavulanic acid,Staphylococcal Pneumonia,승인,NA,Approved,,DB00766,C0032308,,,,
TP,acetyldigitoxin,Atrial Fibrillation,승인,NA,Approved,,DB00511,C0004238,,,,
TP,acetyldigitoxin,Congestive heart failure,승인,NA,Approved,,DB00511,C0018802,,,,
TP,clemastine,Nasal congestion (finding),승인,NA,Approved,,DB00283,C0027424,,,,
TP,clemastine,Dermatographic urticaria,승인,NA,Approved,,DB00283,C0343065,,,,
TP,clemastine,Sneezing,승인,NA,Approved,,DB00283,C0037383,,,,
TP,clemastine,Urticaria,승인,NA,Approved,,DB00283,C0042109,,,,
TP,clemastine,Allergic rhinitis (disorder),승인,NA,Approved,,DB00283,C2607914,,,,
TP,clemastine,Pruritus,승인,NA,Approved,,DB00283,C0033774,,,,
TP,clemastine,Allergic Conjunctivitis,승인,NA,Approved,,DB00283,C0009766,,,,
TP,clemastine,Rhinorrhea,승인,NA,Approved,,DB00283,C1260880,,,,
TP,clemastine,"Rhinitis, Vasomotor",승인,NA,Approved,,DB00283,C0035460,,,,
TP,clevidipine,Hypertensive disease,승인,NA,Approved,,DB04920,C0020538,,,,
TP,clidinium,Enterocolitis,승인,NA,Approved,,DB00771,C0014356,,,,
TP,clidinium,Irritable Bowel Syndrome,승인,NA,Approved,,DB00771,C0022104,,,,
TP,clindamycin,Streptococcal sepsis,승인,NA,Approved,,DB01190,C0152964,,,,
TP,clindamycin,Bacterial sepsis,승인,NA,Approved,,DB01190,C0684256,,,,
TP,clindamycin,Osteomyelitis due to Staphylococcus aureus,승인,NA,Approved,,DB01190,C1997728,,,,
TP,clindamycin,Staphylococcal sepsis,승인,NA,Approved,,DB01190,C0152965,,,,
TP,clindamycin,Streptococcal pneumonia,승인,NA,Approved,,DB01190,C0155862,,,,
TP,clindamycin,Gas gangrene caused by clostridium perfringens,승인,NA,Approved,,DB01190,C0343500,,,,
TP,clindamycin,Arthropathy associated with infection,승인,NA,Approved,,DB01190,C0157749,,,,
TP,clindamycin,Aspiration Pneumonia,승인,NA,Approved,,DB01190,C0032290,,,,
TP,clindamycin,Abdominal Infection,승인,NA,Approved,,DB01190,C1112209,,,,
TP,clindamycin,Infection due to anaerobic bacteria,승인,NA,Approved,,DB01190,C0854328,,,,
TP,clindamycin,Staphylococcal Pneumonia,승인,NA,Approved,,DB01190,C0032308,,,,
TP,clindamycin,Group A Streptococcal Infections,승인,NA,Approved,,DB01190,C0554628,,,,
TP,clindamycin,Staphylococcus aureus infection,승인,NA,Approved,,DB01190,C1318973,,,,
TP,clindamycin,Septicemia due to anaerobes,승인,NA,Approved,,DB01190,C0152967,,,,
TP,clindamycin,Infection of bone,승인,NA,Approved,,DB01190,C2242472,,,,
TP,clindamycin,"Empyema, Pleural",승인,NA,Approved,,DB01190,C0014013,,,,
TP,clindamycin,Acne Vulgaris,승인,NA,Approved,,DB01190,C0001144,,,,
TP,clindamycin,Bacterial Vaginosis,승인,NA,Approved,,DB01190,C0085166,,,,
TP,clioquinol,Tinea corporis (disorder),승인,NA,Approved,,DB04815,C0040252,,,,
TP,clioquinol,Tinea Pedis,승인,NA,Approved,,DB04815,C0040259,,,,
TP,clioquinol,Tinea cruris,승인,NA,Approved,,DB04815,C1384589,,,,
TP,clobazam,Lennox-Gastaut syndrome,승인,NA,Approved,,DB00349,C0238111,,,,
TP,clobutinol,Dry cough,승인,NA,Approved,,DB09004,C0850149,,,,
TP,clofarabine,Acute lymphocytic leukemia,승인,NA,Approved,,DB00631,C0023449,,,,
TP,clofazimine,Dapsone resistant mycobacterium leprae disease,승인,NA,Approved,,DB00845,C1563054,,,,
TP,clofazimine,Pyoderma Gangrenosum,승인,NA,Approved,,DB00845,C0085652,,,,
TP,clofazimine,Erythema nodosum leprosum,승인,NA,Approved,,DB00845,C0343467,,,,
TP,clofazimine,Leprosy,승인,NA,Approved,,DB00845,C0023343,,,,
TP,clofazimine,"Leprosy, Multibacillary",승인,NA,Approved,,DB00845,C1562585,,,,
TP,clofibrate,Hyperlipidemia,승인,NA,Approved,,DB00636,C0020473,,,,
TP,clomifene,Female infertility,승인,NA,Approved,,DB00882,C0021361,,,,
TP,clomipramine,Obsessive-Compulsive Disorder,승인,NA,Approved,,DB01242,C0028768,,,,
TP,clonazepam,Atonic seizure,승인,NA,Approved,,DB01068,C0270846,,,,
TP,clonazepam,Panic Disorder,승인,NA,Approved,,DB01068,C0030319,,,,
TP,clonazepam,Absence Epilepsy,승인,NA,Approved,,DB01068,C0014553,,,,
TP,clonazepam,Lennox-Gastaut syndrome,승인,NA,Approved,,DB01068,C0238111,,,,
TP,clonazepam,Myoclonic Epilepsy,승인,NA,Approved,,DB01068,C0014550,,,,
TP,clonidine,"Glaucoma, Open-Angle",승인,NA,Approved,,DB00575,C0017612,,,,
TP,clonidine,Attention deficit hyperactivity disorder,승인,NA,Approved,,DB00575,C1263846,,,,
TP,clonidine,Hypertensive disease,승인,NA,Approved,,DB00575,C0020538,,,,
TP,clonidine,Severe pain,승인,NA,Approved,,DB00575,C0278140,,,,
TP,clopidogrel,Acute ST segment elevation myocardial infarction (disorder),승인,NA,Approved,,DB00758,C1303258,,,,
TP,clopidogrel,Acute Coronary Syndrome,승인,NA,Approved,,DB00758,C0948089,,,,
TP,clopidogrel,Non-Q wave myocardial infarction,승인,NA,Approved,,DB00758,C0542269,,,,
TP,clopidogrel,Cerebral Embolism,승인,NA,Approved,,DB00758,C0007780,,,,
TP,clorazepate,Anxiety,승인,NA,Approved,,DB00628,C0003467,,,,
TP,clorazepate,Alcohol withdrawal syndrome,승인,NA,Approved,,DB00628,C0236663,,,,
TP,cloricromen,Thromboembolism,승인,NA,Approved,,DB13367,C0040038,,,,
TP,clortermine,Anorexia Nervosa,승인,NA,Approved,,DB01527,C0003125,,,,
TP,clotrimazole,"Candidiasis, Vulvovaginal",승인,NA,Approved,,DB00257,C0700345,,,,
TP,clotrimazole,Diaper Rash,승인,NA,Approved,,DB00257,C0011974,,,,
TP,clotrimazole,Tinea corporis (disorder),승인,NA,Approved,,DB00257,C0040252,,,,
TP,clotrimazole,Cutaneous Candidiasis,승인,NA,Approved,,DB00257,C0006846,,,,
TP,clotrimazole,Oral candidiasis,승인,NA,Approved,,DB00257,C0006849,,,,
TP,clotrimazole,Tinea cruris,승인,NA,Approved,,DB00257,C1384589,,,,
TP,clotrimazole,Tinea Pedis,승인,NA,Approved,,DB00257,C0040259,,,,
TP,clotrimazole,Tinea Versicolor,승인,NA,Approved,,DB00257,C0040262,,,,
TP,cloxacillin,Staphylococcal meningitis,승인,NA,Approved,,DB01147,C0154640,,,,
TP,cloxacillin,Staphylococcal Pneumonia,승인,NA,Approved,,DB01147,C0032308,,,,
TP,cloxacillin,Pharyngitis,승인,NA,Approved,,DB01147,C0031350,,,,
TP,cloxacillin,Staphylococcal sepsis,승인,NA,Approved,,DB01147,C0152965,,,,
TP,cloxacillin,Lower respiratory tract infection,승인,NA,Approved,,DB01147,C0149725,,,,
TP,cloxacillin,Staphylococcus aureus infection,승인,NA,Approved,,DB01147,C1318973,,,,
TP,cloxacillin,Acute bacterial sinusitis,승인,NA,Approved,,DB01147,C0275556,,,,
TP,cloxacillin,Sinusitis,승인,NA,Approved,,DB01147,C0037199,,,,
TP,codeine,Sneezing,승인,NA,Approved,,DB00318,C0037383,,,,
TP,codeine,Coughing,승인,NA,Approved,,DB00318,C0010200,,,,
TP,codeine,Common Cold,승인,NA,Approved,,DB00318,C0009443,,,,
TP,codeine,Fever,승인,NA,Approved,,DB00318,C0015967,,,,
TP,codeine,Nasal congestion (finding),승인,NA,Approved,,DB00318,C0027424,,,,
TP,codeine,Sore Throat,승인,NA,Approved,,DB00318,C0242429,,,,
TP,codeine,Rhinitis,승인,NA,Approved,,DB00318,C0035455,,,,
TP,codeine,Headache Disorders,승인,NA,Approved,,DB00318,C0393735,,,,
TP,codeine,Rhinorrhea,승인,NA,Approved,,DB00318,C1260880,,,,
TP,codeine,Pain,승인,NA,Approved,,DB00318,C0030193,,,,
TP,codeine,Influenza-like symptoms,승인,NA,Approved,,DB00318,C0392171,,,,
TP,codeine,Tension Headache,승인,NA,Approved,,DB00318,C0033893,,,,
TP,codeine,Allergic rhinitis (disorder),승인,NA,Approved,,DB00318,C2607914,,,,
TP,colchicine,Familial Mediterranean Fever,승인,NA,Approved,,DB01394,C0031069,,,,
TP,colchicine,Gout,승인,NA,Approved,,DB01394,C0018099,,,,
TP,colchicine,Chronic gouty arthritis,승인,NA,Approved,,DB01394,C0268108,,,,
TP,cholestyramine,Hyperlipidemia,승인,NA,Approved,,DB01432,C0020473,,,,
TP,cholestyramine,Hypercholesterolemia,승인,NA,Approved,,DB01432,C0020443,,,,
TP,colestipol,Hypercholesterolemia,승인,NA,Approved,,DB00375,C0020443,,,,
TP,colestipol,Hyperlipidemia,승인,NA,Approved,,DB00375,C0020473,,,,
TP,colfosceril palmitate,"Respiratory Distress Syndrome, Newborn",승인,NA,Approved,,DB09114,C0035220,,,,
TP,colistimethate sodium,Escherichia coli Infections,승인,NA,Approved,,DB01111,C0014836,,,,
TP,conivaptan,Hyponatremia,승인,NA,Approved,,DB00872,C0020625,,,,
TP,cortisone acetate,Punctate keratopathy,승인,NA,Approved,,DB01380,C0423234,,,,
TP,cortisone acetate,Herpes zoster keratitis,승인,NA,Approved,,DB01380,C1275687,,,,
TP,cortisone acetate,Granuloma Annulare,승인,NA,Approved,,DB01380,C0085074,,,,
TP,cortisone acetate,Addisonian crisis,승인,NA,Approved,,DB01380,C0151467,,,,
TP,cortisone acetate,Pemphigus,승인,NA,Approved,,DB01380,C0030807,,,,
TP,cortisone acetate,Asthma,승인,NA,Approved,,DB01380,C0004096,,,,
TP,cortisone acetate,"Anemia, Diamond-Blackfan",승인,NA,Approved,,DB01380,C1260899,,,,
TP,cortisone acetate,Bursitis,승인,NA,Approved,,DB01380,C0006444,,,,
TP,cortisone acetate,Sarcoidosis,승인,NA,Approved,,DB01380,C0036202,,,,
TP,cortisone acetate,"Lupus Erythematosus, Systemic",승인,NA,Approved,,DB01380,C0024141,,,,
TP,cortisone acetate,Recurrent herpes simplex labialis,승인,NA,Approved,,DB01380,C1274321,,,,
TP,cortisone acetate,Rosacea,승인,NA,Approved,,DB01380,C0035854,,,,
TP,cortisone acetate,Exanthema,승인,NA,Approved,,DB01380,C0015230,,,,
TP,cortisone acetate,Allergic Conjunctivitis,승인,NA,Approved,,DB01380,C0009766,,,,
TP,cortisone acetate,Autoimmune hemolytic anemia,승인,NA,Approved,,DB01380,C0002880,,,,
TP,cortisone acetate,"Lymphoma, T-Cell, Cutaneous",승인,NA,Approved,,DB01380,C0079773,,,,
TP,cortisone acetate,Tinea Pedis,승인,NA,Approved,,DB01380,C0040259,,,,
TP,cortisone acetate,"Lymphoma, Follicular",승인,NA,Approved,,DB01380,C0024301,,,,
TP,cortisone acetate,Serum Sickness,승인,NA,Approved,,DB01380,C0036830,,,,
TP,cortisone acetate,Otitis Externa,승인,NA,Approved,,DB01380,C0029878,,,,
TP,cortisone acetate,Mycosis Fungoides,승인,NA,Approved,,DB01380,C0026948,,,,
TP,cortisone acetate,Inflammatory Bowel Diseases,승인,NA,Approved,,DB01380,C0021390,,,,
TP,cortisone acetate,Congenital adrenal hyperplasia,승인,NA,Approved,,DB01380,C0001627,,,,
TP,cortisone acetate,Post traumatic osteoarthritis,승인,NA,Approved,,DB01380,C2894027,,,,
TP,cortisone acetate,Tendinitis,승인,NA,Approved,,DB01380,C0039503,,,,
TP,cortisone acetate,Malignant otitis externa due to Pseudomonas aeruginosa,승인,NA,Approved,,DB01380,C0395818,,,,
TP,cortisone acetate,Proctitis,승인,NA,Approved,,DB01380,C0033246,,,,
TP,cortisone acetate,Uveitis,승인,NA,Approved,,DB01380,C0042164,,,,
TP,cortisone acetate,Pruritus Ani,승인,NA,Approved,,DB01380,C0033775,,,,
TP,cortisone acetate,Pruritus of genital organs,승인,NA,Approved,,DB01380,C0033777,,,,
TP,cortisone acetate,Dermatitis Herpetiformis,승인,NA,Approved,,DB01380,C0011608,,,,
TP,cortisone acetate,Psoriasis of scalp,승인,NA,Approved,,DB01380,C0406326,,,,
TP,cortisone acetate,Seborrheic dermatitis,승인,NA,Approved,,DB01380,C0036508,,,,
TP,cortisone acetate,"Arthritis, Gouty",승인,NA,Approved,,DB01380,C0003868,,,,
TP,cortisone acetate,Synovitis,승인,NA,Approved,,DB01380,C0039103,,,,
TP,cortisone acetate,Hemorrhoids,승인,NA,Approved,,DB01380,C0019112,,,,
TP,cortisone acetate,Addison Disease,승인,NA,Approved,,DB01380,C0001403,,,,
TP,cortisone acetate,Cerebral Edema,승인,NA,Approved,,DB01380,C0006114,,,,
TP,cortisone acetate,Erythema Multiforme,승인,NA,Approved,,DB01380,C0014742,,,,
TP,cortisone acetate,Corneal Abrasions,승인,NA,Approved,,DB01380,C0010032,,,,
TP,cortisone acetate,Humoral hypercalcemia of malignancy (disorder),승인,NA,Approved,,DB01380,C0149911,,,,
TP,cortisone acetate,Dermatologic disorders,승인,NA,Approved,,DB01380,C0037274,,,,
TP,cortisone acetate,Corneal Ulcer,승인,NA,Approved,,DB01380,C0010043,,,,
TP,cortisone acetate,Disorder of eye,승인,NA,Approved,,DB01380,C0015397,,,,
TP,cortisone acetate,Musculoskeletal Diseases,승인,NA,Approved,,DB01380,C0026857,,,,
TP,cortisone acetate,Exfoliative dermatitis,승인,NA,Approved,,DB01380,C0011606,,,,
TP,cortisone acetate,Keratitis,승인,NA,Approved,,DB01380,C0022568,,,,
TP,cortisone acetate,Epicondylitis,승인,NA,Approved,,DB01380,C0014488,,,,
TP,cortisone acetate,Nephrotic Syndrome,승인,NA,Approved,,DB01380,C0027726,,,,
TP,cortisone acetate,Bacterial keratitis,승인,NA,Approved,,DB01380,C0854211,,,,
TP,cortisone acetate,Iridocyclitis,승인,NA,Approved,,DB01380,C0022073,,,,
TP,cortisone acetate,Lichen Simplex Chronicus,승인,NA,Approved,,DB01380,C0149922,,,,
TP,cortisone acetate,"Dermatitis, Atopic",승인,NA,Approved,,DB01380,C0011615,,,,
TP,cortisone acetate,Hodgkin Disease,승인,NA,Approved,,DB01380,C0019829,,,,
TP,cortisone acetate,Thyroiditis,승인,NA,Approved,,DB01380,C0040147,,,,
TP,cortisone acetate,Laryngeal Edema,승인,NA,Approved,,DB01380,C0023052,,,,
TP,cortisone acetate,Transplanted organ rejection,승인,NA,Approved,,DB01380,C0345468,,,,
TP,cortisone acetate,Tenosynovitis,승인,NA,Approved,,DB01380,C0039520,,,,
TP,cortisone acetate,Acute lymphocytic leukemia,승인,NA,Approved,,DB01380,C0023449,,,,
TP,cortisone acetate,Berylliosis,승인,NA,Approved,,DB01380,C0005138,,,,
TP,cortisone acetate,Chronic small plaque psoriasis,승인,NA,Approved,,DB01380,C0406317,,,,
TP,cortisone acetate,Infective blepharitis,승인,NA,Approved,,DB01380,C0729587,,,,
TP,cortisone acetate,Adrenogenital disorder,승인,NA,Approved,,DB01380,C0701163,,,,
TP,cortisone acetate,Ankylosing spondylitis,승인,NA,Approved,,DB01380,C0038013,,,,
TP,cortisone acetate,Tinea corporis (disorder),승인,NA,Approved,,DB01380,C0040252,,,,
TP,cortisone acetate,Blepharoconjunctivitis,승인,NA,Approved,,DB01380,C0005743,,,,
TP,cortisone acetate,Chronic discoid lupus erythematosus,승인,NA,Approved,,DB01380,C0024138,,,,
TP,cortisone acetate,Simple Pulmonary Eosinophilia,승인,NA,Approved,,DB01380,C0242459,,,,
TP,cortisone acetate,Acquired thrombocytopenia,승인,NA,Approved,,DB01380,C0154301,,,,
TP,cortisone acetate,Psoriasis,승인,NA,Approved,,DB01380,C0033860,,,,
TP,cortisone acetate,Adrenal cortical hypofunction,승인,NA,Approved,,DB01380,C0405580,,,,
TP,cortisone acetate,Trichinellosis,승인,NA,Approved,,DB01380,C0040896,,,,
TP,cortisone acetate,Chronic ulcerative proctitis,승인,NA,Approved,,DB01380,C2937222,,,,
TP,cortisone acetate,Contact Dermatitis,승인,NA,Approved,,DB01380,C0011616,,,,
TP,cortisone acetate,Tinea cruris,승인,NA,Approved,,DB01380,C1384589,,,,
TP,cortisone acetate,Itching of ear,승인,NA,Approved,,DB01380,C0849907,,,,
TP,cortisone acetate,Rheumatoid Arthritis,승인,NA,Approved,,DB01380,C0003873,,,,
TP,cortisone acetate,Allergic rhinitis (disorder),승인,NA,Approved,,DB01380,C2607914,,,,
TP,cortisone acetate,"Tuberculosis, Miliary",승인,NA,Approved,,DB01380,C0041321,,,,
TP,cortisone acetate,Acne Vulgaris,승인,NA,Approved,,DB01380,C0001144,,,,
TP,cortisone acetate,Multiple Sclerosis,승인,NA,Approved,,DB01380,C0026769,,,,
TP,cortisone acetate,Iritis,승인,NA,Approved,,DB01380,C0022081,,,,
TP,cortisone acetate,Ulcerative Colitis,승인,NA,Approved,,DB01380,C0009324,,,,
TP,cortisone acetate,Autoimmune Diseases,승인,NA,Approved,,DB01380,C0004364,,,,
TP,cortisone acetate,Inflammatory dermatosis,승인,NA,Approved,,DB01380,C3875321,,,,
TP,cortisone acetate,Rheumatic Heart Disease,승인,NA,Approved,,DB01380,C0035439,,,,
TP,cortisone acetate,Crohn Disease,승인,NA,Approved,,DB01380,C0010346,,,,
TP,cortisone acetate,"Arthritis, Psoriatic",승인,NA,Approved,,DB01380,C0003872,,,,
TP,cortisone acetate,Cyclitis,승인,NA,Approved,,DB01380,C0010543,,,,
TP,cortisone acetate,Juvenile arthritis,승인,NA,Approved,,DB01380,C3495559,,,,
TP,cortisone acetate,Aphthous Stomatitis,승인,NA,Approved,,DB01380,C0038363,,,,
TP,cortisone acetate,Angioedema,승인,NA,Approved,,DB01380,C0002994,,,,
TP,cortisone acetate,Aspiration pneumonitis,승인,NA,Approved,,DB01380,C1761609,,,,
TP,cortisone acetate,Infective otitis externa,승인,NA,Approved,,DB01380,C0021355,,,,
TP,acetylsalicylic acid,Rheumatoid Arthritis,승인,NA,Approved,,DB00945,C0003873,,,,
TP,acetylsalicylic acid,Influenza-like symptoms,승인,NA,Approved,,DB00945,C0392171,,,,
TP,acetylsalicylic acid,Migraine Disorders,승인,NA,Approved,,DB00945,C0149931,,,,
TP,acetylsalicylic acid,Back Pain,승인,NA,Approved,,DB00945,C0004604,,,,
TP,acetylsalicylic acid,Degenerative polyarthritis,승인,NA,Approved,,DB00945,C0029408,,,,
TP,acetylsalicylic acid,Headache Disorders,승인,NA,Approved,,DB00945,C0393735,,,,
TP,acetylsalicylic acid,Common Cold,승인,NA,Approved,,DB00945,C0009443,,,,
TP,acetylsalicylic acid,Pain,승인,NA,Approved,,DB00945,C0030193,,,,
TP,acetylsalicylic acid,Sinus headache,승인,NA,Approved,,DB00945,C0037195,,,,
TP,acetylsalicylic acid,Toothache,승인,NA,Approved,,DB00945,C0040460,,,,
TP,acetylsalicylic acid,Myocardial Infarction,승인,NA,Approved,,DB00945,C0027051,,,,
TP,acetylsalicylic acid,Arthralgia,승인,NA,Approved,,DB00945,C0003862,,,,
TP,cromoglicic acid,Asthma,승인,NA,Approved,,DB01003,C0004096,,,,
TP,cromoglicic acid,Allergic rhinitis (disorder),승인,NA,Approved,,DB01003,C2607914,,,,
TP,cromoglicic acid,"Conjunctivitis, Giant Papillary",승인,NA,Approved,,DB01003,C0009769,,,,
TP,cromoglicic acid,Allergic Conjunctivitis,승인,NA,Approved,,DB01003,C0009766,,,,
TP,cromoglicic acid,"Conjunctivitis, Vernal",승인,NA,Approved,,DB01003,C0009773,,,,
TP,cromoglicic acid,"Keratoconjunctivitis, Vernal",승인,NA,Approved,,DB01003,C0022577,,,,
TP,cromoglicic acid,"Mastocytosis, Systemic",승인,NA,Approved,,DB01003,C0221013,,,,
TP,crotamiton,Scabies <infestation>,승인,NA,Approved,,DB00265,C0036262,,,,
TP,crotamiton,Pruritus,승인,NA,Approved,,DB00265,C0033774,,,,
TP,cyclizine,Coughing,승인,NA,Approved,,DB01176,C0010200,,,,
TP,cyclizine,Hay fever,승인,NA,Approved,,DB01176,C0018621,,,,
TP,cyclizine,Motion Sickness,승인,NA,Approved,,DB01176,C0026603,,,,
TP,cyclizine,Rhinorrhea,승인,NA,Approved,,DB01176,C1260880,,,,
TP,cyclizine,Allergic rhinitis (disorder),승인,NA,Approved,,DB01176,C2607914,,,,
TP,cyclizine,Nasal congestion (finding),승인,NA,Approved,,DB01176,C0027424,,,,
TP,cyclizine,"Rhinitis, Vasomotor",승인,NA,Approved,,DB01176,C0035460,,,,
TP,cyclizine,Allergic Conjunctivitis,승인,NA,Approved,,DB01176,C0009766,,,,
TP,cyclizine,Common Cold,승인,NA,Approved,,DB01176,C0009443,,,,
TP,cyclizine,Sneezing,승인,NA,Approved,,DB01176,C0037383,,,,
TP,cyclobenzaprine,Muscle Spasticity,승인,NA,Approved,,DB00924,C0026838,,,,
TP,cyclopentolate,Cycloplegia,승인,NA,Approved,,DB00979,C0235238,,,,
TP,cyclopentolate,Mydriasis,승인,NA,Approved,,DB00979,C0026961,,,,
TP,cyclophosphamide,Lymphoma,승인,NA,Approved,,DB00531,C0024299,,,,
TP,cyclophosphamide,Multiple Myeloma,승인,NA,Approved,,DB00531,C0026764,,,,
TP,cyclophosphamide,Mycosis Fungoides,승인,NA,Approved,,DB00531,C0026948,,,,
TP,cyclophosphamide,Neuroblastoma,승인,NA,Approved,,DB00531,C0027819,,,,
TP,cyclophosphamide,Retinoblastoma,승인,NA,Approved,,DB00531,C0035335,,,,
TP,cyclophosphamide,Breast Carcinoma,승인,NA,Approved,,DB00531,C0678222,,,,
TP,cyclophosphamide,Primary amyloidosis,승인,NA,Approved,,DB00531,C0268381,,,,
TP,cycloserine,Urinary tract infection caused by Escherichia coli,승인,NA,Approved,,DB00260,C0577708,,,,
TP,cycloserine,"Tuberculosis, Pulmonary",승인,NA,Approved,,DB00260,C0041327,,,,
TP,cycloserine,Acute tuberculosis,승인,NA,Approved,,DB00260,C0275959,,,,
TP,cycloserine,Bacterial urinary infection,승인,NA,Approved,,DB00260,C0729524,,,,
TP,acipimox,Hyperlipoproteinemias,승인,NA,Approved,,DB09055,C0020476,,,,
TP,ciclosporin,Rheumatoid Arthritis,승인,NA,Approved,,DB00091,C0003873,,,,
TP,ciclosporin,Dry Eye Syndromes,승인,NA,Approved,,DB00091,C0013238,,,,
TP,ciclosporin,Keratoconjunctivitis Sicca,승인,NA,Approved,,DB00091,C0022575,,,,
TP,cycrimine,Parkinson Disease,승인,NA,Approved,,DB00942,C0030567,,,,
TP,cyproheptadine,Rhinorrhea,승인,NA,Approved,,DB00434,C1260880,,,,
TP,cyproheptadine,Allergic Conjunctivitis,승인,NA,Approved,,DB00434,C0009766,,,,
TP,cyproheptadine,Nasal congestion (finding),승인,NA,Approved,,DB00434,C0027424,,,,
TP,cyproheptadine,Urticaria,승인,NA,Approved,,DB00434,C0042109,,,,
TP,cyproheptadine,Sneezing,승인,NA,Approved,,DB00434,C0037383,,,,
TP,cyproheptadine,Dermatographic urticaria,승인,NA,Approved,,DB00434,C0343065,,,,
TP,cyproheptadine,Allergic rhinitis (disorder),승인,NA,Approved,,DB00434,C2607914,,,,
TP,cyproheptadine,Pruritus,승인,NA,Approved,,DB00434,C0033774,,,,
TP,mercaptamine,Nephropathic cystinosis,승인,NA,Approved,,DB00847,C2931187,,,,
TP,cysteine,Bronchitis,승인,NA,Approved,,DB00151,C0006277,,,,
TP,cysteine,Poisoning caused by acetaminophen,승인,NA,Approved,,DB00151,C0237963,,,,
TP,cysteine,Amyloidosis,승인,NA,Approved,,DB00151,C0002726,,,,
TP,cysteine,Pulmonary Cystic Fibrosis,승인,NA,Approved,,DB00151,C0392164,,,,
TP,cysteine,Bronchiectasis,승인,NA,Approved,,DB00151,C0006267,,,,
TP,cytarabine,Metastatic Malignant Neoplasm to the Leptomeninges,승인,NA,Approved,,DB00987,C1704231,,,,
TP,cytarabine,Acute Promyelocytic Leukemia,승인,NA,Approved,,DB00987,C0023487,,,,
TP,cytarabine,"Leukemia, Myelocytic, Acute",승인,NA,Approved,,DB00987,C0023467,,,,
TP,cytarabine,Acute lymphocytic leukemia,승인,NA,Approved,,DB00987,C0023449,,,,
TP,dacarbazine,Hodgkin Disease,승인,NA,Approved,,DB00851,C0019829,,,,
TP,dacarbazine,"Malignant melanoma, metastatic",승인,NA,Approved,,DB00851,C0860594,,,,
TP,dactinomycin,Gestational Trophoblastic Neoplasms,승인,NA,Approved,,DB00970,C1135868,,,,
TP,dactinomycin,Nephroblastoma,승인,NA,Approved,,DB00970,C0027708,,,,
TP,dactinomycin,Rhabdomyosarcoma,승인,NA,Approved,,DB00970,C0035412,,,,
TP,dactinomycin,Ewings sarcoma,승인,NA,Approved,,DB00970,C0553580,,,,
TP,dactinomycin,Malignant neoplasm of testis,승인,NA,Approved,,DB00970,C0153594,,,,
TP,dalbavancin,Staphylococcal Skin Infections,승인,NA,Approved,,DB06219,C0038166,,,,
TP,dalbavancin,"Skin Diseases, Bacterial",승인,NA,Approved,,DB06219,C0162627,,,,
TP,dalfopristin,Group A Streptococcal Infections,승인,NA,Approved,,DB01764,C0554628,,,,
TP,danazol,Endometriosis,승인,NA,Approved,,DB01406,C0014175,,,,
TP,danazol,Breast Fibrocystic Disease,승인,NA,Approved,,DB01406,C0016034,,,,
TP,dantrolene,Malignant hyperpyrexia due to anesthesia,승인,NA,Approved,,DB01219,C0024591,,,,
TP,dantrolene,Muscle Spasticity,승인,NA,Approved,,DB01219,C0026838,,,,
TP,dantrolene,Muscle spasticity of spinal origin,승인,NA,Approved,,DB01219,C1562430,,,,
TP,dapsone,Acne Vulgaris,승인,NA,Approved,,DB00250,C0001144,,,,
TP,dapsone,Leprosy,승인,NA,Approved,,DB00250,C0023343,,,,
TP,dapsone,Dermatitis Herpetiformis,승인,NA,Approved,,DB00250,C0011608,,,,
TP,daptomycin,Right-sided Staphylococcus aureus endocarditis,승인,NA,Approved,,DB00080,C1960924,,,,
TP,daptomycin,Sepsis due to Staphylococcus aureus,승인,NA,Approved,,DB00080,C2887088,,,,
TP,daptomycin,Sepsis caused by methicillin resistant Staphylococcus aureus,승인,NA,Approved,,DB00080,C3164390,,,,
TP,daptomycin,Methicillin resistant Staphylococcus aureus skin infection,승인,NA,Approved,,DB00080,C5567802,,,,
TP,daptomycin,MRSA infection of postoperative wound,승인,NA,Approved,,DB00080,C0585966,,,,
TP,daptomycin,MRSA - Methicillin resistant Staphylococcus aureus infection,승인,NA,Approved,,DB00080,C0343401,,,,
TP,darifenacin,Bladder muscle dysfunction - overactive,승인,NA,Approved,,DB00496,C0403643,,,,
TP,darifenacin,Urge Incontinence,승인,NA,Approved,,DB00496,C0150045,,,,
TP,darifenacin,Urgency of micturition,승인,NA,Approved,,DB00496,C0085606,,,,
TP,dasatinib,Philadelphia chromosome positive chronic myelogenous leukemia,승인,NA,Approved,,DB01254,C0279543,,,,
TP,dasatinib,Blast Phase,승인,NA,Approved,,DB01254,C0005699,,,,
TP,dasatinib,"Leukemia, Myeloid, Chronic-Phase",승인,NA,Approved,,DB01254,C0023474,,,,
TP,daunorubicin,Acute lymphocytic leukemia,승인,NA,Approved,,DB00694,C0023449,,,,
TP,daunorubicin,Acute Promyelocytic Leukemia,승인,NA,Approved,,DB00694,C0023487,,,,
TP,daunorubicin,Acute monocytic leukemia,승인,NA,Approved,,DB00694,C0023465,,,,
TP,daunorubicin,"Leukemia, Myelocytic, Acute",승인,NA,Approved,,DB00694,C0023467,,,,
TP,daunorubicin,Acute Erythroblastic Leukemia,승인,NA,Approved,,DB00694,C0023440,,,,
TP,daunorubicin,Kaposi Sarcoma,승인,NA,Approved,,DB00694,C0036220,,,,
TP,decitabine,"Leukemia, Myelocytic, Acute",승인,NA,Approved,,DB01262,C0023467,,,,
TP,deferoxamine,Poisoning by iron AND/OR its compounds,승인,NA,Approved,,DB00746,C0412842,,,,
TP,deflazacort,"Muscular Dystrophy, Duchenne",승인,NA,Approved,,DB11921,C0013264,,,,
TP,dehydrocholic acid,Incomplete passage of stool,승인,NA,Approved,,DB11622,C0426639,,,,
TP,dehydrocholic acid,Constipation,승인,NA,Approved,,DB11622,C0009806,,,,
TP,dehydrocholic acid,Biliary Tract Diseases,승인,NA,Approved,,DB11622,C0005424,,,,
TP,prasterone,Dyspareunia,승인,NA,Approved,,DB01708,C1384606,,,,
TP,prasterone,"Lupus Erythematosus, Systemic",승인,NA,Approved,,DB01708,C0024141,,,,
TP,delapril,Hypertensive disease,승인,NA,Approved,,DB13312,C0020538,,,,
TP,delavirdine,HIV Infections,승인,NA,Approved,,DB00705,C0019693,,,,
TP,aclarubicin,"Leukemia, Myelocytic, Acute",승인,NA,Approved,,DB11617,C0023467,,,,
TP,demeclocycline,Trachoma,승인,NA,Approved,,DB00618,C0040592,,,,
TP,demeclocycline,Anthrax disease,승인,NA,Approved,,DB00618,C0003175,,,,
TP,demeclocycline,Gonorrhea,승인,NA,Approved,,DB00618,C0018081,,,,
TP,demeclocycline,Chancroids,승인,NA,Approved,,DB00618,C0007947,,,,
TP,demeclocycline,Acute gonococcal urethritis,승인,NA,Approved,,DB00618,C0275652,,,,
TP,demeclocycline,Sinusitis,승인,NA,Approved,,DB00618,C0037199,,,,
TP,demeclocycline,Urinary tract infection,승인,NA,Approved,,DB00618,C0042029,,,,
TP,demeclocycline,Infective otitis media,승인,NA,Approved,,DB00618,C0729586,,,,
TP,demeclocycline,Acute gonococcal endometritis,승인,NA,Approved,,DB00618,C0153196,,,,
TP,demeclocycline,Actinomycosis,승인,NA,Approved,,DB00618,C0001261,,,,
TP,demeclocycline,Q Fever,승인,NA,Approved,,DB00618,C0034362,,,,
TP,demeclocycline,Gonorrhea of pharynx,승인,NA,Approved,,DB00618,C0149966,,,,
TP,demeclocycline,Yaws,승인,NA,Approved,,DB00618,C0043388,,,,
TP,demeclocycline,Acute bacterial sinusitis,승인,NA,Approved,,DB00618,C0275556,,,,
TP,demeclocycline,Lymphogranuloma Venereum,승인,NA,Approved,,DB00618,C0024286,,,,
TP,demeclocycline,Pharyngitis,승인,NA,Approved,,DB00618,C0031350,,,,
TP,demeclocycline,Rocky Mountain Spotted Fever,승인,NA,Approved,,DB00618,C0035793,,,,
TP,demeclocycline,Rickettsialpox,승인,NA,Approved,,DB00618,C0035597,,,,
TP,demeclocycline,Brucellosis,승인,NA,Approved,,DB00618,C0006309,,,,
TP,demeclocycline,Psittacosis,승인,NA,Approved,,DB00618,C0029291,,,,
TP,demeclocycline,Gingivostomatitis,승인,NA,Approved,,DB00618,C0149704,,,,
TP,demeclocycline,Gonorrhea of rectum,승인,NA,Approved,,DB00618,C0275665,,,,
TP,demeclocycline,Syphilis,승인,NA,Approved,,DB00618,C0039128,,,,
TP,demeclocycline,Acute gonococcal cervicitis,승인,NA,Approved,,DB00618,C0153195,,,,
TP,demeclocycline,Klebsiella cystitis,승인,NA,Approved,,DB00618,C0520775,,,,
TP,demeclocycline,Pneumonia,승인,NA,Approved,,DB00618,C0032285,,,,
TP,demeclocycline,Staphylococcus aureus infection,승인,NA,Approved,,DB00618,C1318973,,,,
TP,demeclocycline,Bronchitis,승인,NA,Approved,,DB00618,C0006277,,,,
TP,demeclocycline,Relapsing Fever,승인,NA,Approved,,DB00618,C0035021,,,,
TP,demeclocycline,Granuloma Inguinale,승인,NA,Approved,,DB00618,C0018190,,,,
TP,demexiptiline,Depressive disorder,승인,NA,Approved,,DB08998,C0011581,,,,
TP,desipramine,Depressive disorder,승인,NA,Approved,,DB01151,C0011581,,,,
TP,desloratadine,Chronic Spontaneous Urticaria,승인,NA,Approved,,DB00967,C0578870,,,,
TP,desloratadine,"Rhinitis, Vasomotor",승인,NA,Approved,,DB00967,C0035460,,,,
TP,desloratadine,Hay fever,승인,NA,Approved,,DB00967,C0018621,,,,
TP,desloratadine,Sneezing,승인,NA,Approved,,DB00967,C0037383,,,,
TP,desloratadine,Allergic Conjunctivitis,승인,NA,Approved,,DB00967,C0009766,,,,
TP,desloratadine,Common Cold,승인,NA,Approved,,DB00967,C0009443,,,,
TP,desloratadine,Nasal congestion (finding),승인,NA,Approved,,DB00967,C0027424,,,,
TP,desloratadine,Rhinorrhea,승인,NA,Approved,,DB00967,C1260880,,,,
TP,desloratadine,Allergic rhinitis (disorder),승인,NA,Approved,,DB00967,C2607914,,,,
TP,desloratadine,Allergic urticaria,승인,NA,Approved,,DB00967,C0149526,,,,
TP,desmopressin,Hemophilia A,승인,NA,Approved,,DB00035,C0019069,,,,
TP,desmopressin,von Willebrand Disease,승인,NA,Approved,,DB00035,C0042974,,,,
TP,desmopressin,Bedwetting,승인,NA,Approved,,DB00035,C0270327,,,,
TP,desmopressin,Polyuria,승인,NA,Approved,,DB00035,C0032617,,,,
TP,desoximetasone,Chronic small plaque psoriasis,승인,NA,Approved,,DB00547,C0406317,,,,
TP,desoximetasone,Pruritus of genital organs,승인,NA,Approved,,DB00547,C0033777,,,,
TP,desoximetasone,Contact Dermatitis,승인,NA,Approved,,DB00547,C0011616,,,,
TP,desoximetasone,Granuloma Annulare,승인,NA,Approved,,DB00547,C0085074,,,,
TP,desoximetasone,Exanthema,승인,NA,Approved,,DB00547,C0015230,,,,
TP,desoximetasone,"Lymphoma, T-Cell, Cutaneous",승인,NA,Approved,,DB00547,C0079773,,,,
TP,desoximetasone,Seborrheic dermatitis,승인,NA,Approved,,DB00547,C0036508,,,,
TP,desoximetasone,Pruritus Ani,승인,NA,Approved,,DB00547,C0033775,,,,
TP,desoximetasone,Psoriasis of scalp,승인,NA,Approved,,DB00547,C0406326,,,,
TP,desoximetasone,Chronic discoid lupus erythematosus,승인,NA,Approved,,DB00547,C0024138,,,,
TP,desoximetasone,"Dermatitis, Atopic",승인,NA,Approved,,DB00547,C0011615,,,,
TP,desoximetasone,Lichen Simplex Chronicus,승인,NA,Approved,,DB00547,C0149922,,,,
TP,acrivastine,Hay fever,승인,NA,Approved,,DB09488,C0018621,,,,
TP,acrivastine,"Rhinitis, Vasomotor",승인,NA,Approved,,DB09488,C0035460,,,,
TP,acrivastine,Nasal congestion (finding),승인,NA,Approved,,DB09488,C0027424,,,,
TP,acrivastine,Rhinorrhea,승인,NA,Approved,,DB09488,C1260880,,,,
TP,acrivastine,Allergic Conjunctivitis,승인,NA,Approved,,DB09488,C0009766,,,,
TP,acrivastine,Sneezing,승인,NA,Approved,,DB09488,C0037383,,,,
TP,acrivastine,Common Cold,승인,NA,Approved,,DB09488,C0009443,,,,
TP,acrivastine,Allergic rhinitis (disorder),승인,NA,Approved,,DB09488,C2607914,,,,
TP,dexbrompheniramine,Dermatographic urticaria,승인,NA,Approved,,DB00405,C0343065,,,,
TP,dexbrompheniramine,"Rhinitis, Vasomotor",승인,NA,Approved,,DB00405,C0035460,,,,
TP,dexbrompheniramine,Influenza-like symptoms,승인,NA,Approved,,DB00405,C0392171,,,,
TP,dexbrompheniramine,Hay fever,승인,NA,Approved,,DB00405,C0018621,,,,
TP,dexbrompheniramine,Allergic Conjunctivitis,승인,NA,Approved,,DB00405,C0009766,,,,
TP,dexbrompheniramine,Pruritus,승인,NA,Approved,,DB00405,C0033774,,,,
TP,dexbrompheniramine,Urticaria,승인,NA,Approved,,DB00405,C0042109,,,,
TP,dexbrompheniramine,Allergic rhinitis (disorder),승인,NA,Approved,,DB00405,C2607914,,,,
TP,dexetimide,Neuroleptic-induced parkinsonism,승인,NA,Approved,,DB08997,C0236830,,,,
TP,dexfenfluramine,Obesity,승인,NA,Approved,,DB01191,C0028754,,,,
TP,dexmethylphenidate,Attention deficit hyperactivity disorder,승인,NA,Approved,,DB06701,C1263846,,,,
TP,dexpanthenol,Dermatologic disorders,승인,NA,Approved,,DB09357,C0037274,,,,
TP,dexpanthenol,Diaper Rash,승인,NA,Approved,,DB09357,C0011974,,,,
TP,dexpanthenol,Gastroparesis,승인,NA,Approved,,DB09357,C0152020,,,,
TP,dexpanthenol,Paralytic Ileus,승인,NA,Approved,,DB09357,C0030446,,,,
TP,dexpanthenol,Contact dermatitis caused by urushiol from Pacific poison oak,승인,NA,Approved,,DB09357,C0263283,,,,
TP,dexpanthenol,Eczema,승인,NA,Approved,,DB09357,C0013595,,,,
TP,dexpanthenol,Arthropod bite wound,승인,NA,Approved,,DB09357,C1444173,,,,
TP,dexamfetamine,Narcolepsy,승인,NA,Approved,,DB01576,C0027404,,,,
TP,dexamfetamine,Attention deficit hyperactivity disorder,승인,NA,Approved,,DB01576,C1263846,,,,
TP,dextromethorphan,Sneezing,승인,NA,Approved,,DB00514,C0037383,,,,
TP,dextromethorphan,Headache Disorders,승인,NA,Approved,,DB00514,C0393735,,,,
TP,dextromethorphan,Influenza-like symptoms,승인,NA,Approved,,DB00514,C0392171,,,,
TP,dextromethorphan,Pseudobulbar affect,승인,NA,Approved,,DB00514,C2316460,,,,
TP,dextromethorphan,Allergic rhinitis (disorder),승인,NA,Approved,,DB00514,C2607914,,,,
TP,dextromethorphan,"Rhinitis, Vasomotor",승인,NA,Approved,,DB00514,C0035460,,,,
TP,dextromethorphan,Coughing,승인,NA,Approved,,DB00514,C0010200,,,,
TP,dextromethorphan,Common Cold,승인,NA,Approved,,DB00514,C0009443,,,,
TP,dextromethorphan,Fever,승인,NA,Approved,,DB00514,C0015967,,,,
TP,dextromethorphan,Sore Throat,승인,NA,Approved,,DB00514,C0242429,,,,
TP,dextromethorphan,Rhinorrhea,승인,NA,Approved,,DB00514,C1260880,,,,
TP,dextromethorphan,Nasal congestion (finding),승인,NA,Approved,,DB00514,C0027424,,,,
TP,dextromethorphan,Rhinitis,승인,NA,Approved,,DB00514,C0035455,,,,
TP,dextromethorphan,Major Depressive Disorder,승인,NA,Approved,,DB00514,C1269683,,,,
TP,dextromoramide,Severe pain,승인,NA,Approved,,DB01529,C0278140,,,,
TP,dextropropoxyphene,Pain,승인,NA,Approved,,DB00647,C0030193,,,,
TP,dextrothyroxine,Hyperlipidemia,승인,NA,Approved,,DB00509,C0020473,,,,
TP,dezocine,Pain,승인,NA,Approved,,DB01209,C0030193,,,,
TP,acyclovir,Chickenpox,승인,NA,Approved,,DB00787,C0008049,,,,
TP,acyclovir,Herpes simplex infection of skin,승인,NA,Approved,,DB00787,C0349719,,,,
TP,acyclovir,Recurrent genital herpes simplex,승인,NA,Approved,,DB00787,C1274323,,,,
TP,acyclovir,Herpes Labialis,승인,NA,Approved,,DB00787,C0019345,,,,
TP,acyclovir,Herpes zoster disease,승인,NA,Approved,,DB00787,C0019360,,,,
TP,acyclovir,Herpes encephalitis,승인,NA,Approved,,DB00787,C0276226,,,,
TP,acyclovir,Herpes simplex infection,승인,NA,Approved,,DB00787,C0019348,,,,
TP,acyclovir,Genital Herpes,승인,NA,Approved,,DB00787,C0019342,,,,
TP,acyclovir,Recurrent herpes simplex labialis,승인,NA,Approved,,DB00787,C1274321,,,,
TP,diazepam,Alcohol Withdrawal Delirium,승인,NA,Approved,,DB00829,C0001957,,,,
TP,diazepam,Status Epilepticus,승인,NA,Approved,,DB00829,C0038220,,,,
TP,diazepam,Anxiety,승인,NA,Approved,,DB00829,C0003467,,,,
TP,diazepam,Epilepsy,승인,NA,Approved,,DB00829,C0014544,,,,
TP,diazepam,Alcohol withdrawal syndrome,승인,NA,Approved,,DB00829,C0236663,,,,
TP,diazepam,Muscle Spasticity,승인,NA,Approved,,DB00829,C0026838,,,,
TP,diazepam,Tetanus,승인,NA,Approved,,DB00829,C0039614,,,,
TP,diazoxide,Hyperinsulinism,승인,NA,Approved,,DB01119,C0020459,,,,
TP,diazoxide,insulinoma,승인,NA,Approved,,DB01119,C0021670,,,,
TP,diazoxide,Nesidioblastosis,승인,NA,Approved,,DB01119,C0027773,,,,
TP,diazoxide,Hypertensive urgency,승인,NA,Approved,,DB01119,C0745138,,,,
TP,cinchocaine,Skin irritation,승인,NA,Approved,,DB00527,C0152030,,,,
TP,cinchocaine,Pruritus,승인,NA,Approved,,DB00527,C0033774,,,,
TP,phenazone,Infective otitis media,승인,NA,Approved,,DB01435,C0729586,,,,
TP,dichloroacetic acid,wartlike skin lesion,승인,NA,Approved,,DB08809,C0043037,,,,
TP,dichlorophen,Angle Closure Glaucoma,승인,NA,Approved,,DB11396,C0017605,,,,
TP,dichlorophen,"Glaucoma, Open-Angle",승인,NA,Approved,,DB11396,C0017612,,,,
TP,dichlorophen,Secondary glaucoma,승인,NA,Approved,,DB11396,C0149893,,,,
TP,dichlorphenamide,"Glaucoma, Open-Angle",승인,NA,Approved,,DB01144,C0017612,,,,
TP,dichlorphenamide,Angle Closure Glaucoma,승인,NA,Approved,,DB01144,C0017605,,,,
TP,dichlorphenamide,Secondary glaucoma,승인,NA,Approved,,DB01144,C0149893,,,,
TP,diclofenac,Degenerative polyarthritis,승인,NA,Approved,,DB00586,C0029408,,,,
TP,diclofenac,Actinic keratosis,승인,NA,Approved,,DB00586,C0022602,,,,
TP,diclofenac,Rheumatoid Arthritis,승인,NA,Approved,,DB00586,C0003873,,,,
TP,diclofenac,Dysmenorrhea,승인,NA,Approved,,DB00586,C0013390,,,,
TP,diclofenac,Ankylosing spondylitis,승인,NA,Approved,,DB00586,C0038013,,,,
TP,diclofenac,Pain,승인,NA,Approved,,DB00586,C0030193,,,,
TP,diclofenac,Tenosynovitis,승인,NA,Approved,,DB00586,C0039520,,,,
TP,diclofenac,Periarthritis of shoulder,승인,NA,Approved,,DB00586,C1306835,,,,
TP,diclofenac,Low Back Pain,승인,NA,Approved,,DB00586,C0024031,,,,
TP,dicloxacillin,Staphylococcal Pneumonia,승인,NA,Approved,,DB00485,C0032308,,,,
TP,dicloxacillin,Acute bacterial sinusitis,승인,NA,Approved,,DB00485,C0275556,,,,
TP,dicloxacillin,Staphylococcus aureus infection,승인,NA,Approved,,DB00485,C1318973,,,,
TP,dicoumarol,Myocardial Infarction,승인,NA,Approved,,DB00266,C0027051,,,,
TP,dicoumarol,Thromboembolism,승인,NA,Approved,,DB00266,C0040038,,,,
TP,dicoumarol,Thrombosis,승인,NA,Approved,,DB00266,C0040053,,,,
TP,dicoumarol,Cerebral Embolism,승인,NA,Approved,,DB00266,C0007780,,,,
TP,dicycloverine,Irritable Bowel Syndrome,승인,NA,Approved,,DB00804,C0022104,,,,
TP,didanosine,HIV Infections,승인,NA,Approved,,DB00900,C0019693,,,,
TP,adapalene,Acne Vulgaris,승인,NA,Approved,,DB00210,C0001144,,,,
TP,dienestrol,Dyspareunia,승인,NA,Approved,,DB00890,C1384606,,,,
TP,dienestrol,Atrophy of vulva,승인,NA,Approved,,DB00890,C0156393,,,,
TP,dienestrol,Atrophic Vaginitis,승인,NA,Approved,,DB00890,C0221392,,,,
TP,dienogest,Dysmenorrhea,승인,NA,Approved,,DB09123,C0013390,,,,
TP,diethylcarbamazine,Elephantiasis,승인,NA,Approved,,DB00711,C0013882,,,,
TP,diethylcarbamazine,Eosinophilic Pneumonia,승인,NA,Approved,,DB00711,C1527407,,,,
TP,diethylcarbamazine,Loiasis,승인,NA,Approved,,DB00711,C0023968,,,,
TP,diethylcarbamazine,Onchocerciasis,승인,NA,Approved,,DB00711,C0029001,,,,
TP,diethylpropion,Obesity,승인,NA,Approved,,DB00937,C0028754,,,,
TP,difenoxin,Diarrhea,승인,NA,Approved,,DB01501,C0011991,,,,
TP,adefovir dipivoxil,"Hepatitis B, Chronic",승인,NA,Approved,,DB00718,C0524909,,,,
TP,diflunisal,Degenerative polyarthritis,승인,NA,Approved,,DB00861,C0029408,,,,
TP,diflunisal,Rheumatoid Arthritis,승인,NA,Approved,,DB00861,C0003873,,,,
TP,diflunisal,Pain,승인,NA,Approved,,DB00861,C0030193,,,,
TP,diflunisal,Chronic pain,승인,NA,Approved,,DB00861,C0150055,,,,
TP,digoxin,Atrial Fibrillation,승인,NA,Approved,,DB00390,C0004238,,,,
TP,digoxin,Poisoning caused by Digitalis glycoside,승인,NA,Approved,,DB00390,C0274726,,,,
TP,digoxin,Chronic heart failure,승인,NA,Approved,,DB00390,C0264716,,,,
TP,dihydrocodeine,Allergic rhinitis (disorder),승인,NA,Approved,,DB01551,C2607914,,,,
TP,dihydrocodeine,Rhinitis,승인,NA,Approved,,DB01551,C0035455,,,,
TP,dihydrocodeine,Common Cold,승인,NA,Approved,,DB01551,C0009443,,,,
TP,dihydrocodeine,Rhinorrhea,승인,NA,Approved,,DB01551,C1260880,,,,
TP,dihydrocodeine,Nasal congestion (finding),승인,NA,Approved,,DB01551,C0027424,,,,
TP,dihydrocodeine,Pain,승인,NA,Approved,,DB01551,C0030193,,,,
TP,dihydrocodeine,Coughing,승인,NA,Approved,,DB01551,C0010200,,,,
TP,dihydroergotamine,Cluster Headache,승인,NA,Approved,,DB00320,C0009088,,,,
TP,dihydroergotamine,Vascular Headaches,승인,NA,Approved,,DB00320,C0042376,,,,
TP,dihydroergotamine,Migraine Disorders,승인,NA,Approved,,DB00320,C0149931,,,,
TP,diloxanide furoate,Amebiasis,승인,NA,Approved,,DB14638,C0002438,,,,
TP,diltiazem,"Angina Pectoris, Variant",승인,NA,Approved,,DB00343,C0002963,,,,
TP,diltiazem,Hypertensive disease,승인,NA,Approved,,DB00343,C0020538,,,,
TP,diltiazem,Paroxysmal supraventricular tachycardia,승인,NA,Approved,,DB00343,C0030590,,,,
TP,diltiazem,Angina Pectoris,승인,NA,Approved,,DB00343,C0002962,,,,
TP,diltiazem,Atrial Fibrillation,승인,NA,Approved,,DB00343,C0004238,,,,
TP,adenosine,Paroxysmal supraventricular tachycardia,승인,NA,Approved,,DB00640,C0030590,,,,
TP,dimenhydrinate,Vomiting,승인,NA,Approved,,DB00985,C0042963,,,,
TP,dimenhydrinate,Motion Sickness,승인,NA,Approved,,DB00985,C0026603,,,,
TP,dimenhydrinate,Nausea,승인,NA,Approved,,DB00985,C0027497,,,,
TP,dimenhydrinate,Vertigo,승인,NA,Approved,,DB00985,C0042571,,,,
TP,dimenhydrinate,Nausea and vomiting,승인,NA,Approved,,DB00985,C0027498,,,,
TP,dimethyl sulfoxide,Interstitial Cystitis,승인,NA,Approved,,DB01093,C0282488,,,,
TP,dimethyl sulfoxide,Chronic interstitial cystitis,승인,NA,Approved,,DB01093,C0600040,,,,
TP,adenosine triphosphate,Supraventricular arrhythmia,승인,NA,Approved,,DB00171,C0428974,,,,
TP,dinoprost,Unspecified Abortion,승인,NA,Approved,,DB12789,C0156543,,,,
TP,dinoprost,"Hydatidiform mole, benign",승인,NA,Approved,,DB12789,C0549315,,,,
TP,dinoprost,Incomplete spontaneous abortion,승인,NA,Approved,,DB12789,C0000810,,,,
TP,dinoprostone,"Hydatidiform mole, benign",승인,NA,Approved,,DB00917,C0549315,,,,
TP,dinoprostone,Unspecified Abortion,승인,NA,Approved,,DB00917,C0156543,,,,
TP,dinoprostone,Incomplete spontaneous abortion,승인,NA,Approved,,DB00917,C0000810,,,,
TP,diphenoxylate,Diarrhea,승인,NA,Approved,,DB01081,C0011991,,,,
TP,adenosine phosphate,Pulmonary Cystic Fibrosis,승인,NA,Approved,,DB00131,C0392164,,,,
TP,diphenylpyraline,Nasal congestion (finding),승인,NA,Approved,,DB01146,C0027424,,,,
TP,diphenylpyraline,"Rhinitis, Vasomotor",승인,NA,Approved,,DB01146,C0035460,,,,
TP,diphenylpyraline,Allergic Conjunctivitis,승인,NA,Approved,,DB01146,C0009766,,,,
TP,diphenylpyraline,Allergic rhinitis (disorder),승인,NA,Approved,,DB01146,C2607914,,,,
TP,diphenylpyraline,Urticaria,승인,NA,Approved,,DB01146,C0042109,,,,
TP,diphenylpyraline,Pruritus,승인,NA,Approved,,DB01146,C0033774,,,,
TP,diphenylpyraline,Dermatographic urticaria,승인,NA,Approved,,DB01146,C0343065,,,,
TP,diphenylpyraline,Sneezing,승인,NA,Approved,,DB01146,C0037383,,,,
TP,diphenylpyraline,Rhinorrhea,승인,NA,Approved,,DB01146,C1260880,,,,
TP,dipivefrine,"Glaucoma, Open-Angle",승인,NA,Approved,,DB00449,C0017612,,,,
TP,dipyridamole,Chronic heart failure,승인,NA,Approved,,DB00975,C0264716,,,,
TP,dipyridamole,Atrial Fibrillation,승인,NA,Approved,,DB00975,C0004238,,,,
TP,dirithromycin,Streptococcal pneumonia,승인,NA,Approved,,DB00954,C0155862,,,,
TP,dirithromycin,Staphylococcus aureus infection,승인,NA,Approved,,DB00954,C1318973,,,,
TP,dirithromycin,Pharyngitis,승인,NA,Approved,,DB00954,C0031350,,,,
TP,dirithromycin,Acute Moraxella catarrhalis bronchitis,승인,NA,Approved,,DB00954,C0339932,,,,
TP,dirithromycin,Streptococcal tonsillitis,승인,NA,Approved,,DB00954,C0275804,,,,
TP,dirithromycin,Bronchitis,승인,NA,Approved,,DB00954,C0006277,,,,
TP,dirithromycin,Tonsillitis,승인,NA,Approved,,DB00954,C0040425,,,,
TP,dirithromycin,Acute bacterial bronchitis,승인,NA,Approved,,DB00954,C0339933,,,,
TP,dirithromycin,Group A Streptococcal Infections,승인,NA,Approved,,DB00954,C0554628,,,,
TP,dirithromycin,Pneumonia,승인,NA,Approved,,DB00954,C0032285,,,,
TP,dirithromycin,Mycoplasma pneumonia,승인,NA,Approved,,DB00954,C0032302,,,,
TP,disopyramide,Ventricular arrhythmia,승인,NA,Approved,,DB00280,C0085612,,,,
TP,distigmine,Difficulty passing urine,승인,NA,Approved,,DB13694,C0241705,,,,
TP,distigmine,Myasthenia Gravis,승인,NA,Approved,,DB13694,C0026896,,,,
TP,distigmine,Acute cystitis,승인,NA,Approved,,DB13694,C0149523,,,,
TP,disulfiram,"Alcoholic Intoxication, Chronic",승인,NA,Approved,,DB00822,C0001973,,,,
TP,adinazolam,Anxiety,승인,NA,Approved,,DB00546,C0003467,,,,
TP,levomenthol,Tinea Versicolor,승인,NA,Approved,,DB00825,C0040262,,,,
TP,levomenthol,Skin irritation,승인,NA,Approved,,DB00825,C0152030,,,,
TP,levomenthol,Pruritus,승인,NA,Approved,,DB00825,C0033774,,,,
TP,levomenthol,Scurfiness of scalp,승인,NA,Approved,,DB00825,C0423775,,,,
TP,levomenthol,Diaper Rash,승인,NA,Approved,,DB00825,C0011974,,,,
TP,levomenthol,Back Pain,승인,NA,Approved,,DB00825,C0004604,,,,
TP,levomenthol,Seborrheic dermatitis,승인,NA,Approved,,DB00825,C0036508,,,,
TP,mannitol,Ocular Hypertension,승인,NA,Approved,,DB00742,C0028840,,,,
TP,mannitol,Edema,승인,NA,Approved,,DB00742,C0013604,,,,
TP,mannitol,Pseudotumor Cerebri,승인,NA,Approved,,DB00742,C0033845,,,,
TP,mannitol,Cerebral Edema,승인,NA,Approved,,DB00742,C0006114,,,,
TP,mannitol,Cystic Fibrosis,승인,NA,Approved,,DB00742,C0010674,,,,
TP,dobutamine,"Shock, Cardiogenic",승인,NA,Approved,,DB00841,C0036980,,,,
TP,dobutamine,Decompensated cardiac failure,승인,NA,Approved,,DB00841,C0581377,,,,
TP,docetaxel,Malignant Head and Neck Neoplasm,승인,NA,Approved,,DB01248,C0278996,,,,
TP,docetaxel,Breast Carcinoma,승인,NA,Approved,,DB01248,C0678222,,,,
TP,docetaxel,Non-Small Cell Lung Carcinoma,승인,NA,Approved,,DB01248,C0007131,,,,
TP,docetaxel,Malignant neoplasm of stomach,승인,NA,Approved,,DB01248,C0024623,,,,
TP,docetaxel,Malignant neoplasm of prostate,승인,NA,Approved,,DB01248,C0376358,,,,
TP,docosanol,Herpes Labialis,승인,NA,Approved,,DB00632,C0019345,,,,
TP,docusate sodium,Megaloblastic anemia due to folate deficiency,승인,NA,Approved,,DB11089,C0151482,,,,
TP,docusate sodium,Constipation,승인,NA,Approved,,DB11089,C0009806,,,,
TP,docusate sodium,Breastfeeding (mother),승인,NA,Approved,,DB11089,C1623040,,,,
TP,docusate sodium,Iron deficiency anemia,승인,NA,Approved,,DB11089,C0162316,,,,
TP,dofetilide,Atrial Fibrillation,승인,NA,Approved,,DB00204,C0004238,,,,
TP,domperidone,Nausea and vomiting,승인,NA,Approved,,DB01184,C0027498,,,,
TP,donepezil,Alzheimer's Disease,승인,NA,Approved,,DB00843,C0002395,,,,
TP,dopamine,Low Cardiac Output Syndrome,승인,NA,Approved,,DB00988,C0600177,,,,
TP,dopamine,Hypotension,승인,NA,Approved,,DB00988,C0020649,,,,
TP,dopamine,Decompensated cardiac failure,승인,NA,Approved,,DB00988,C0581377,,,,
TP,dorzolamide,"Glaucoma, Open-Angle",승인,NA,Approved,,DB00869,C0017612,,,,
TP,dorzolamide,Ocular Hypertension,승인,NA,Approved,,DB00869,C0028840,,,,
TP,dosulepin,Major Depressive Disorder,승인,NA,Approved,,DB09167,C1269683,,,,
TP,doxapram,Respiratory Depression,승인,NA,Approved,,DB00561,C0235063,,,,
TP,doxazosin,Hypertensive disease,승인,NA,Approved,,DB00590,C0020538,,,,
TP,doxazosin,Prostatic Hypertrophy,승인,NA,Approved,,DB00590,C1739363,,,,
TP,doxefazepam,Sleeplessness,승인,NA,Approved,,DB13837,C0917801,,,,
TP,doxepin,"Depression, Bipolar",승인,NA,Approved,,DB01142,C0005587,,,,
TP,doxepin,Severe major depression with psychotic features,승인,NA,Approved,,DB01142,C0270458,,,,
TP,doxepin,Anxiety,승인,NA,Approved,,DB01142,C0003467,,,,
TP,doxepin,Depressive disorder,승인,NA,Approved,,DB01142,C0011581,,,,
TP,doxepin,Sleeplessness,승인,NA,Approved,,DB01142,C0917801,,,,
TP,doxepin,Pruritus,승인,NA,Approved,,DB01142,C0033774,,,,
TP,doxepin,"Dermatitis, Atopic",승인,NA,Approved,,DB01142,C0011615,,,,
TP,doxepin,Lichen Simplex Chronicus,승인,NA,Approved,,DB01142,C0149922,,,,
TP,doxifluridine,Primary malignant neoplasm of gastrointestinal tract,승인,NA,Approved,,DB12947,C1306632,,,,
TP,doxorubicin,Hodgkin Disease,승인,NA,Approved,,DB00997,C0019829,,,,
TP,doxorubicin,Malignant epithelial neoplasm of female breast,승인,NA,Approved,,DB00997,C3163805,,,,
TP,doxorubicin,Multiple Myeloma,승인,NA,Approved,,DB00997,C0026764,,,,
TP,doxorubicin,Osteosarcoma of bone,승인,NA,Approved,,DB00997,C0585442,,,,
TP,doxorubicin,AIDS with Kaposi's sarcoma,승인,NA,Approved,,DB00997,C0276535,,,,
TP,doxorubicin,Diffuse Large B-Cell Lymphoma,승인,NA,Approved,,DB00997,C0079744,,,,
TP,doxorubicin,"Lymphoma, Follicular",승인,NA,Approved,,DB00997,C0024301,,,,
TP,doxorubicin,"Leukemia, Myelocytic, Acute",승인,NA,Approved,,DB00997,C0023467,,,,
TP,doxorubicin,Nephroblastoma,승인,NA,Approved,,DB00997,C0027708,,,,
TP,doxorubicin,Breast Carcinoma,승인,NA,Approved,,DB00997,C0678222,,,,
TP,doxorubicin,Malignant neoplasm of lung,승인,NA,Approved,,DB00997,C0242379,,,,
TP,doxorubicin,Small cell carcinoma of lung,승인,NA,Approved,,DB00997,C0149925,,,,
TP,doxorubicin,Acute lymphocytic leukemia,승인,NA,Approved,,DB00997,C0023449,,,,
TP,doxorubicin,Burkitt Lymphoma,승인,NA,Approved,,DB00997,C0006413,,,,
TP,doxorubicin,Malignant neoplasm of thyroid,승인,NA,Approved,,DB00997,C0007115,,,,
TP,doxorubicin,Kaposi Sarcoma,승인,NA,Approved,,DB00997,C0036220,,,,
TP,doxorubicin,Neuroblastoma,승인,NA,Approved,,DB00997,C0027819,,,,
TP,doxorubicin,Malignant neoplasm of ovary,승인,NA,Approved,,DB00997,C1140680,,,,
TP,doxycycline,Acne Vulgaris,승인,NA,Approved,,DB00254,C0001144,,,,
TP,doxycycline,Brucellosis,승인,NA,Approved,,DB00254,C0006309,,,,
TP,doxycycline,Scrub Typhus,승인,NA,Approved,,DB00254,C0036472,,,,
TP,doxycycline,Lymphogranuloma Venereum,승인,NA,Approved,,DB00254,C0024286,,,,
TP,doxycycline,Rocky Mountain Spotted Fever,승인,NA,Approved,,DB00254,C0035793,,,,
TP,doxycycline,Acute gonococcal cervicitis,승인,NA,Approved,,DB00254,C0153195,,,,
TP,doxycycline,Chlamydia trachomatis infection of genital structure,승인,NA,Approved,,DB00254,C1997322,,,,
TP,doxycycline,Cutaneous anthrax,승인,NA,Approved,,DB00254,C0003177,,,,
TP,doxycycline,Q Fever,승인,NA,Approved,,DB00254,C0034362,,,,
TP,doxycycline,Acute gonococcal urethritis,승인,NA,Approved,,DB00254,C0275652,,,,
TP,doxycycline,Actinomycosis,승인,NA,Approved,,DB00254,C0001261,,,,
TP,doxycycline,Bacterial urinary infection,승인,NA,Approved,,DB00254,C0729524,,,,
TP,doxycycline,Acute bacterial sinusitis,승인,NA,Approved,,DB00254,C0275556,,,,
TP,doxycycline,Endemic Flea-Borne Typhus,승인,NA,Approved,,DB00254,C0041472,,,,
TP,doxycycline,Anthrax disease,승인,NA,Approved,,DB00254,C0003175,,,,
TP,doxycycline,Cholera,승인,NA,Approved,,DB00254,C0008354,,,,
TP,doxycycline,Tularemia,승인,NA,Approved,,DB00254,C0041351,,,,
TP,doxycycline,Chancroids,승인,NA,Approved,,DB00254,C0007947,,,,
TP,doxycycline,non-gonococcal urethritis (NGU),승인,NA,Approved,,DB00254,C1112709,,,,
TP,doxycycline,Pharyngitis,승인,NA,Approved,,DB00254,C0031350,,,,
TP,doxycycline,Sinusitis,승인,NA,Approved,,DB00254,C0037199,,,,
TP,doxycycline,Trachoma,승인,NA,Approved,,DB00254,C0040592,,,,
TP,doxycycline,Boutonneuse Fever,승인,NA,Approved,,DB00254,C0006060,,,,
TP,doxycycline,Gonorrhea of rectum,승인,NA,Approved,,DB00254,C0275665,,,,
TP,doxycycline,Yaws,승인,NA,Approved,,DB00254,C0043388,,,,
TP,doxycycline,Q fever endocarditis,승인,NA,Approved,,DB00254,C0340354,,,,
TP,doxycycline,Gonorrhea,승인,NA,Approved,,DB00254,C0018081,,,,
TP,doxycycline,Brill-Zinsser Disease,승인,NA,Approved,,DB00254,C0006181,,,,
TP,doxycycline,Listeriosis,승인,NA,Approved,,DB00254,C0023860,,,,
TP,doxycycline,Rickettsia Infections,승인,NA,Approved,,DB00254,C0035585,,,,
TP,doxycycline,Gonorrhea of pharynx,승인,NA,Approved,,DB00254,C0149966,,,,
TP,doxycycline,"Typhus, Epidemic Louse-Borne",승인,NA,Approved,,DB00254,C0041473,,,,
TP,doxycycline,Rickettsialpox,승인,NA,Approved,,DB00254,C0035597,,,,
TP,doxycycline,Acute gonococcal endometritis,승인,NA,Approved,,DB00254,C0153196,,,,
TP,doxycycline,Acute gonococcal epididymo-orchitis,승인,NA,Approved,,DB00254,C0153193,,,,
TP,doxycycline,Inhalational anthrax,승인,NA,Approved,,DB00254,C0155866,,,,
TP,doxycycline,Gastrointestinal anthrax,승인,NA,Approved,,DB00254,C0152945,,,,
TP,doxycycline,Syphilis,승인,NA,Approved,,DB00254,C0039128,,,,
TP,doxycycline,Granuloma Inguinale,승인,NA,Approved,,DB00254,C0018190,,,,
TP,doxycycline,Mycoplasma pneumonia,승인,NA,Approved,,DB00254,C0032302,,,,
TP,doxycycline,Bronchitis,승인,NA,Approved,,DB00254,C0006277,,,,
TP,doxycycline,Bartonella Infections,승인,NA,Approved,,DB00254,C0004771,,,,
TP,doxycycline,Psittacosis,승인,NA,Approved,,DB00254,C0029291,,,,
TP,doxycycline,Relapsing Fever,승인,NA,Approved,,DB00254,C0035021,,,,
TP,doxycycline,"Pneumonia, Bacterial",승인,NA,Approved,,DB00254,C0004626,,,,
TP,doxycycline,Chlamydia Infections,승인,NA,Approved,,DB00254,C0008149,,,,
TP,doxylamine,Pruritus,승인,NA,Approved,,DB00366,C0033774,,,,
TP,doxylamine,Influenza-like symptoms,승인,NA,Approved,,DB00366,C0392171,,,,
TP,doxylamine,Allergic Conjunctivitis,승인,NA,Approved,,DB00366,C0009766,,,,
TP,doxylamine,"Rhinitis, Vasomotor",승인,NA,Approved,,DB00366,C0035460,,,,
TP,doxylamine,Common Cold,승인,NA,Approved,,DB00366,C0009443,,,,
TP,doxylamine,Hay fever,승인,NA,Approved,,DB00366,C0018621,,,,
TP,doxylamine,Sneezing,승인,NA,Approved,,DB00366,C0037383,,,,
TP,doxylamine,Nasal congestion (finding),승인,NA,Approved,,DB00366,C0027424,,,,
TP,doxylamine,Urticaria,승인,NA,Approved,,DB00366,C0042109,,,,
TP,doxylamine,Allergic rhinitis (disorder),승인,NA,Approved,,DB00366,C2607914,,,,
TP,doxylamine,Rhinorrhea,승인,NA,Approved,,DB00366,C1260880,,,,
TP,doxylamine,Dermatographic urticaria,승인,NA,Approved,,DB00366,C0343065,,,,
TP,dropropizine,Dry cough,승인,NA,Approved,,DB13785,C0850149,,,,
TP,drospirenone,Atrophic Vaginitis,승인,NA,Approved,,DB01395,C0221392,,,,
TP,drospirenone,Hot flushes,승인,NA,Approved,,DB01395,C0600142,,,,
TP,drospirenone,Premenstrual Dysphoric Disorder,승인,NA,Approved,,DB01395,C0520676,,,,
TP,drospirenone,Acne Vulgaris,승인,NA,Approved,,DB01395,C0001144,,,,
TP,drospirenone,Atrophy of vulva,승인,NA,Approved,,DB01395,C0156393,,,,
TP,drospirenone,Dysmenorrhea,승인,NA,Approved,,DB01395,C0013390,,,,
TP,droxidopa,"Hypotension, Orthostatic",승인,NA,Approved,,DB06262,C0020651,,,,
TP,droxidopa,Parkinson Disease,승인,NA,Approved,,DB06262,C0030567,,,,
TP,duloxetine,Female stress incontinence,승인,NA,Approved,,DB00476,C0038437,,,,
TP,duloxetine,Generalized Anxiety Disorder,승인,NA,Approved,,DB00476,C0270549,,,,
TP,duloxetine,Diabetic peripheral neuropathy,승인,NA,Approved,,DB00476,C0740447,,,,
TP,duloxetine,Fibromyalgia,승인,NA,Approved,,DB00476,C0016053,,,,
TP,duloxetine,Major Depressive Disorder,승인,NA,Approved,,DB00476,C1269683,,,,
TP,dutasteride,Prostatic Hypertrophy,승인,NA,Approved,,DB01126,C1739363,,,,
TP,dyclonine,Skin irritation,승인,NA,Approved,,DB00645,C0152030,,,,
TP,dyclonine,Pruritus,승인,NA,Approved,,DB00645,C0033774,,,,
TP,diprophylline,Pulmonary Emphysema,승인,NA,Approved,,DB00651,C0034067,,,,
TP,diprophylline,Asthma,승인,NA,Approved,,DB00651,C0004096,,,,
TP,diprophylline,Bronchospasm,승인,NA,Approved,,DB00651,C0006266,,,,
TP,diprophylline,Asthma night-time symptoms,승인,NA,Approved,,DB00651,C1273489,,,,
TP,diprophylline,"Bronchitis, Chronic",승인,NA,Approved,,DB00651,C0008677,,,,
TP,diprophylline,Asthma-Chronic Obstructive Pulmonary Disease Overlap Syndrome,승인,NA,Approved,,DB00651,C4038730,,,,
TP,ebastine,Allergic rhinitis (disorder),승인,NA,Approved,,DB11742,C2607914,,,,
TP,ebastine,Chronic Spontaneous Urticaria,승인,NA,Approved,,DB11742,C0578870,,,,
TP,ecabet,Peptic Ulcer,승인,NA,Approved,,DB05265,C0030920,,,,
TP,echothiophate,Stargardt's disease,승인,NA,Approved,,DB01057,C0271093,,,,
TP,echothiophate,Glaucoma,승인,NA,Approved,,DB01057,C0017601,,,,
TP,echothiophate,"Glaucoma, Open-Angle",승인,NA,Approved,,DB01057,C0017612,,,,
TP,echothiophate,Esotropia,승인,NA,Approved,,DB01057,C0014877,,,,
TP,econazole,Cutaneous Candidiasis,승인,NA,Approved,,DB01127,C0006846,,,,
TP,econazole,Tinea Pedis,승인,NA,Approved,,DB01127,C0040259,,,,
TP,econazole,Tinea Versicolor,승인,NA,Approved,,DB01127,C0040262,,,,
TP,econazole,Tinea cruris,승인,NA,Approved,,DB01127,C1384589,,,,
TP,econazole,Tinea corporis (disorder),승인,NA,Approved,,DB01127,C0040252,,,,
TP,edetic acid,Accidental poisoning by lead and its compounds and fumes,승인,NA,Approved,,DB00974,C0261486,,,,
TP,edetic acid,Hypercalcemia,승인,NA,Approved,,DB00974,C0020437,,,,
TP,efavirenz,HIV Infections,승인,NA,Approved,,DB00625,C0019693,,,,
TP,agomelatine,Major Depressive Disorder,승인,NA,Approved,,DB06594,C1269683,,,,
TP,eflornithine,African Trypanosomiasis,승인,NA,Approved,,DB06243,C0041228,,,,
TP,efonidipine,Hypertensive disease,승인,NA,Approved,,DB09235,C0020538,,,,
TP,eletriptan,Migraine Disorders,승인,NA,Approved,,DB00216,C0149931,,,,
TP,emedastine,Allergic Conjunctivitis,승인,NA,Approved,,DB01084,C0009766,,,,
TP,emedastine,Urticaria,승인,NA,Approved,,DB01084,C0042109,,,,
TP,emedastine,Pruritus,승인,NA,Approved,,DB01084,C0033774,,,,
