disease,variant,drug,drug_key,label,evidence_level,gen_confidence,mechanism,rationale
Atopic Dermatitis,strict,dupilumab,dupilumab,승인,clinical,high,IL-4/IL-13 signaling을 차단해 Th2 염증과 피부 장벽 이상을 줄인다.,중등도-중증 atopic dermatitis에서 다수의 무작위 임상시험으로 유효성이 입증되어 표준치료로 승인된 약물이다.
Atopic Dermatitis,strict,tralokinumab,tralokinumab,미지,clinical,high,"IL-13을 중화해 Th2 매개 염증과 가려움, 피부염을 완화한다.",atopic dermatitis에서 ECZTRA 1/2/3 등 임상시험으로 유효성이 확인되어 승인된 약물이다.
Atopic Dermatitis,strict,baricitinib,baricitinib,승인,clinical,high,JAK1/2 억제를 통해 여러 염증성 사이토카인 신호를 낮춘다.,atopic dermatitis에서 BREEZE-AD 임상시험들로 유효성이 확인되어 승인된 약물이다.
Atopic Dermatitis,strict,upadacitinib,upadacitinib,승인,clinical,high,선택적 JAK1 억제로 Th2 및 기타 염증성 사이토카인 신호를 억제한다.,atopic dermatitis에서 Measure Up 및 AD Up 임상시험으로 유효성이 확인되어 승인된 약물이다.
Atopic Dermatitis,strict,abrocitinib,abrocitinib,승인,clinical,high,JAK1 억제를 통해 염증성 사이토카인 신호와 소양감을 감소시킨다.,atopic dermatitis에서 JADE 임상시험들로 유효성이 확인되어 승인된 약물이다.
Atopic Dermatitis,strict,crisaborole,crisaborole,승인,clinical,high,PDE4 억제로 cAMP를 증가시켜 염증성 cytokine 생성을 줄인다.,경증-중등도 atopic dermatitis에서 AD-301/AD-302 임상시험으로 유효성이 확인되어 승인된 약물이다.
Atopic Dermatitis,strict,ruxolitinib,ruxolitinib,미지,clinical,high,JAK1/2 억제로 염증성 신호전달을 차단한다.,국소 제제로 atopic dermatitis에서 TRuE-AD 임상시험으로 유효성이 확인되어 승인된 약물이다.
Atopic Dermatitis,strict,cyclosporine,cyclosporine,미지,clinical,high,calcineurin 억제를 통해 T세포 활성화와 IL-2 생성을 억제한다.,"중증 atopic dermatitis에서 오래전부터 임상적으로 사용되어 온 면역억제제로, 여러 비교시험과 관찰연구에서 효과가 보고되었다."
Atopic Dermatitis,strict,methotrexate,methotrexate,미지,clinical,medium,항염증성 adenosine 증가와 면역세포 증식을 억제해 염증을 낮춘다.,atopic dermatitis에서 소규모 무작위시험과 비교연구에서 효과가 보고된 재창출 후보이다.
Atopic Dermatitis,strict,azathioprine,azathioprine,미지,clinical,medium,purine 합성을 억제해 림프구 증식을 감소시킨다.,atopic dermatitis에서 임상시험과 장기 관찰연구에서 증상 개선이 보고된 재창출 후보이다.
Atopic Dermatitis,strict,mycophenolate mofetil,mycophenolatemofetil,미지,clinical,medium,inosine monophosphate dehydrogenase 억제로 T/B 림프구 증식을 억제한다.,난치성 atopic dermatitis에서 소규모 임상연구와 증례군 보고가 있는 재창출 후보이다.
Atopic Dermatitis,strict,omalizumab,omalizumab,미지,clinical,low,IgE를 중화해 알레르기성 염증과 비만세포 활성화를 줄인다.,atopic dermatitis에서 여러 소규모 임상연구와 증례보고가 있으나 결과가 일관되지 않은 재창출 후보이다.
Atopic Dermatitis,strict,leflunomide,leflunomide,미지,clinical,low,pyrimidine 합성을 억제해 T세포 증식을 감소시킨다.,난치성 atopic dermatitis에서 제한된 증례보고와 소규모 임상경험이 알려진 재창출 후보이다.
Atopic Dermatitis,strict,dapsone,dapsone,미지,clinical,low,호중구 및 염증성 산화반응을 억제해 피부 염증을 완화한다.,atopic dermatitis에서 일부 소규모 임상보고가 있으나 근거는 제한적인 재창출 후보이다.
Atopic Dermatitis,strict,naltrexone,naltrexone,중단,clinical,low,opioid receptor 길항을 통해 소양감과 신경면역성 염증을 조절할 수 있다.,atopic dermatitis 및 만성 소양증에서 저용량 사용을 포함한 증례보고와 소규모 연구가 있는 재창출 후보이다.
Atopic Dermatitis,strict,apremilast,apremilast,미지,preclinical,low,PDE4 억제로 염증성 cytokine 생성을 감소시킨다.,atopic dermatitis에서 전임상 및 제한된 초기 임상 근거가 보고된 재창출 후보이다.
Atopic Dermatitis,strict,tofacitinib,tofacitinib,미지,preclinical,low,JAK 억제를 통해 Th2 관련 염증 신호를 차단한다.,atopic dermatitis에서 국소 및 전신 전임상 연구와 초기 임상 보고가 있으나 승인 적응증은 아니다.
Atopic Dermatitis,strict,sirolimus,sirolimus,미지,preclinical,low,mTOR 억제로 T세포 활성화와 증식을 억제한다.,atopic dermatitis에서 면역조절 효과를 시사하는 전임상 및 제한적 임상 보고가 있는 재창출 후보이다.
Atopic Dermatitis,strict,clofazimine,clofazimine,미지,preclinical,low,염증성 세포 활성과 사이토카인 생성을 억제할 수 있다.,atopic dermatitis 모델에서 항염 효과가 보고된 전임상 재창출 후보이다.
Atopic Dermatitis,strict,minocycline,minocycline,미지,preclinical,low,항염증 작용과 미세아교세포/면역세포 활성 억제를 통해 피부 염증을 줄일 수 있다.,atopic dermatitis 전임상 모델에서 염증 완화가 보고된 재창출 후보이다.
Alzheimer's Disease,strict,memantine,memantine,중단,speculative,low,NMDA receptor antagonism may reduce glutamate-mediated excitotoxicity and synaptic dysfunction.,"Already approved for Alzheimer's disease, so it is excluded as a repurposing candidate."
Rheumatoid Arthritis,strict,Tofacitinib,tofacitinib,승인,clinical,high,JAK1/3 억제를 통해 염증성 사이토카인 신호전달을 낮춘다.,"류마티스관절염에서 이미 임상시험과 승인 근거가 확립된 JAK 억제제이므로 재창출 후보가 아니라 표준치료에 해당해 제외해야 하지만, 형식상 예시로는 대표적이다."
Breast Cancer,strict,metformin,metformin,효능실패,clinical,medium,AMPK 활성화와 mTOR 신호 억제를 통해 종양세포 증식과 대사 적응을 저해할 수 있다.,"유방암에서 관찰연구와 일부 무작위 임상시험이 있었고, 특히 인슐린 저항성/대사 이상 환자에서 보조적 항종양 효과 가능성이 논의되었다."
Breast Cancer,strict,propranolol,propranolol,중단,clinical,medium,"β-아드레날린 신호를 차단해 스트레스 매개 종양 성장, 혈관신생, 전이를 억제할 수 있다.","유방암에서 수술 전후 또는 전이성 질환과 관련한 관찰연구 및 전임상 근거가 있으며, 재발 위험 감소 가능성이 보고되었다."
Breast Cancer,strict,cimetidine,cimetidine,미지,clinical,low,히스타민 H2 수용체 차단을 통해 면역조절과 종양 미세환경 신호를 변화시켜 전이를 억제할 수 있다.,"유방암에서 보조요법 또는 수술 전후 사용과 관련된 오래된 임상 및 관찰 근거가 있으며, 전이 억제 가능성이 제기되었다."
Breast Cancer,strict,doxycycline,doxycycline,미지,preclinical,medium,미토콘드리아 단백질 합성과 암줄기세포성 유지에 영향을 주어 종양 재생성과 침윤성을 낮출 수 있다.,유방암 세포 및 동물모델에서 암줄기세포 표지와 종양 성장 억제를 보인 전임상 연구들이 기억난다.
Breast Cancer,strict,chloroquine,chloroquine,미지,clinical,medium,자가포식 억제를 통해 스트레스 적응과 치료저항성을 약화시킬 수 있다.,"유방암 전임상 모델에서 항암제 감수성 증가와 종양 성장 억제가 보고되었고, 임상 병용 연구도 있었다."
Breast Cancer,strict,disulfiram,disulfiram,미지,preclinical,medium,ALDH 양성 암줄기세포와 프로테아좀/산화스트레스 경로를 교란해 종양 생존을 저해할 수 있다.,유방암에서 특히 삼중음성 아형을 포함한 전임상 항종양 효과가 여러 연구에서 보고되었다.
Breast Cancer,strict,itraconazole,itraconazole,미지,preclinical,low,Hedgehog 및 혈관신생 관련 신호를 억제하고 막수송을 교란해 종양 성장을 저해할 수 있다.,"유방암 전임상 모델에서 증식과 전이를 억제한 보고가 있으며, 다른 암종에서의 재창출 임상 경험이 있다."
Breast Cancer,strict,mebendazole,mebendazole,미지,preclinical,medium,미세소관 기능을 교란하고 세포분열을 억제해 종양세포 증식을 막을 수 있다.,유방암 세포주와 동물모델에서 성장 억제 및 항전이 효과가 보고된 전임상 근거가 기억난다.
Breast Cancer,strict,niclosamide,niclosamide,미지,preclinical,medium,"Wnt/β-catenin, STAT3, mTOR 등 다중 종양 신호를 억제해 증식과 줄기세포성을 낮출 수 있다.","유방암, 특히 삼중음성 유방암에서 전임상 항종양 효과가 반복적으로 보고되었다."
Breast Cancer,strict,arsenic trioxide,arsenictrioxide,중단,preclinical,low,산화스트레스 유도와 세포사멸 경로 활성화를 통해 종양세포를 죽일 수 있다.,유방암 전임상 모델에서 세포사멸 유도와 병용 시너지 가능성이 보고되었다.
Breast Cancer,strict,valproic acid,valproicacid,중단,preclinical,medium,HDAC 억제를 통해 종양 억제 유전자 발현을 회복하고 분화 및 세포사멸을 유도할 수 있다.,유방암 세포주와 동물모델에서 증식 억제 및 항호르몬제/항암제 병용 시너지 전임상 근거가 있다.
Breast Cancer,strict,tamoxifen,tamoxifen,승인,speculative,low,에스트로겐 수용체 길항을 통해 호르몬 비의존성 경로를 차단할 수 있다.,"유방암에서는 표준치료이므로 제외 대상이지만, 다른 적응증에서 승인된 약물로서 재창출 후보로는 부적절하다."
HIV Infections,strict,maraviroc,maraviroc,미지,clinical,high,CCR5를 차단해 CCR5-tropic HIV의 세포 진입을 억제한다.,"HIV 감염에서 이미 승인된 항레트로바이러스제이므로 재창출 후보가 아니라 표준치료에 해당해 제외해야 하지만, 요청 조건상 제외 대상이다."
Ulcerative Colitis,strict,vedolizumab,vedolizumab,승인,clinical,high,α4β7 integrin을 차단해 장 점막으로의 림프구 유입을 억제한다.,"염증성 장질환에서 장-특이적 면역세포 trafficking을 줄이는 기전이 확립되어 있고, ulcerative colitis에서 임상적으로 유효성이 입증된 약물이다."
Ulcerative Colitis,strict,tofacitinib,tofacitinib,승인,clinical,high,JAK1/3 억제를 통해 여러 염증성 사이토카인 신호를 감소시킨다.,"ulcerative colitis에서 임상시험으로 유효성이 확인된 경구 JAK 억제제이며, 다른 적응증에서 승인된 약물이다."
Ulcerative Colitis,strict,upadacitinib,upadacitinib,미지,clinical,high,선택적 JAK1 억제를 통해 염증성 사이토카인 매개 신호를 억제한다.,"다른 적응증에서 승인된 JAK1 억제제로, ulcerative colitis에서 임상시험에서 유효성이 보고되었다."
Ulcerative Colitis,strict,ozanimod,ozanimod,미지,clinical,high,S1P receptor modulation으로 림프구의 장내 유입을 감소시킨다.,"다발성경화증 치료제로 승인된 약물이며, ulcerative colitis에서 임상시험을 통해 효능이 입증되었다."
Ulcerative Colitis,strict,adalimumab,adalimumab,승인,clinical,high,TNF-α를 중화해 염증성 신호를 억제한다.,"다른 면역질환에서 승인된 항TNF 항체로, ulcerative colitis에서도 임상적으로 사용 가능성이 검증되었다."
Ulcerative Colitis,strict,golimumab,golimumab,승인,clinical,high,TNF-α를 중화해 염증 반응을 억제한다.,"류마티스질환 등에서 승인된 항TNF 항체이며, ulcerative colitis에서 임상시험으로 유효성이 확인되었다."
Ulcerative Colitis,strict,infliximab,infliximab,승인,clinical,high,TNF-α를 중화해 점막 염증을 감소시킨다.,"다른 적응증에서 승인된 항TNF 항체로, ulcerative colitis에서 임상적으로 확립된 효능이 있다."
Ulcerative Colitis,strict,ustekinumab,ustekinumab,승인,clinical,high,IL-12/23 경로를 차단해 Th1/Th17 염증을 억제한다.,"다른 염증성 질환에서 승인된 항체이며, ulcerative colitis에서 임상시험으로 유효성이 입증되었다."
Ulcerative Colitis,strict,risankizumab,risankizumab,미지,clinical,medium,IL-23 p19를 차단해 Th17 매개 염증을 억제한다.,"다른 면역질환에서 승인된 IL-23 억제제이며, ulcerative colitis에서 임상시험 근거가 축적되어 있다."
Ulcerative Colitis,strict,filgotinib,filgotinib,승인,clinical,medium,JAK1 억제를 통해 염증성 사이토카인 신호를 감소시킨다.,"다른 적응증에서 승인된 JAK1 억제제로, ulcerative colitis에서 임상시험이 수행되었다."
Ulcerative Colitis,strict,apremilast,apremilast,미지,preclinical,medium,PDE4 억제를 통해 cAMP를 증가시켜 염증성 사이토카인 생성을 낮춘다.,"건선 등에서 승인된 PDE4 억제제이며, 염증성 장질환에서 전임상 및 초기 임상 근거가 보고되었다."
Ulcerative Colitis,strict,colchicine,colchicine,미지,preclinical,low,미세소관 중합을 억제해 호중구 이동과 염증 매개를 줄인다.,"통풍 치료제로 승인된 약물로, ulcerative colitis에서의 항염증 가능성을 다룬 전임상 및 소규모 임상 보고가 기억난다."
Ulcerative Colitis,strict,simvastatin,simvastatin,미지,preclinical,low,HMG-CoA reductase 억제 외에 면역조절 및 내피염증 감소 효과를 보일 수 있다.,"지질강하제로 승인된 약물이며, ulcerative colitis에서 전임상 항염증 효과와 일부 임상 관찰이 보고되었다."
Ulcerative Colitis,strict,metformin,metformin,미지,preclinical,low,AMPK 활성화와 장내 미생물 및 염증 신호 조절을 통해 항염증 효과를 낼 수 있다.,"당뇨병 치료제로 승인된 약물로, ulcerative colitis에서 전임상 및 관찰연구 근거가 일부 알려져 있다."
Ulcerative Colitis,strict,propranolol,propranolol,미지,preclinical,low,β-아드레날린 수용체 차단을 통해 스트레스-면역 축의 염증 반응을 완화할 수 있다.,"심혈관계 질환에서 승인된 약물이며, 염증성 장질환에서 전임상 수준의 면역조절 근거가 보고된 바 있다."
Asthma,strict,omalizumab,omalizumab,승인,clinical,high,IgE를 중화하여 알레르기성 염증과 비만세포 활성화를 줄인다.,"중증 알레르기성 천식에서 이미 임상적으로 평가되어 왔고, 일부 비알레르기성 천식 아형에서도 재창출 후보로 연구되었다."
Asthma,strict,dupilumab,dupilumab,승인,clinical,high,IL-4/IL-13 신호를 차단해 제2형 염증과 기도 과민성을 낮춘다.,"아토피피부염 등 다른 적응증으로 승인된 약이며, 천식에서도 임상시험에서 유효성이 확인되어 재창출 근거가 강하다."
Asthma,strict,mepolizumab,mepolizumab,승인,clinical,high,IL-5를 억제해 호산구성 염증을 감소시킨다.,"원래 다른 적응증으로 개발된 항체이지만, 호산구성 천식에서 임상시험과 실제 사용 근거가 축적되어 있다."
Asthma,strict,benralizumab,benralizumab,미지,clinical,high,IL-5 수용체를 표적해 호산구를 고갈시킨다.,"다른 적응증에서 승인된 생물학제제이며, 중증 호산구성 천식에서 여러 임상시험으로 효과가 입증되었다."
Asthma,strict,tezepelumab,tezepelumab,승인,clinical,high,TSLP를 차단해 상피 유래 상위 염증 신호를 억제한다.,"천식 외 적응증은 아니지만, 이미 승인된 약물로서 천식에서 강한 임상 근거가 있어 재창출 관점의 후보로 자주 다뤄진다."
Asthma,strict,azithromycin,azithromycin,효능실패,clinical,high,항균 작용 외에 호중구성 염증과 점액 분비를 줄이는 면역조절 효과가 있다.,AMAZES와 AZISAST 같은 임상시험에서 천식 악화 감소가 보고되어 재창출 후보로 널리 연구되었다.
Asthma,strict,tiotropium,tiotropium,승인,clinical,high,무스카린 M3 수용체를 차단해 기관지 수축을 완화한다.,COPD 치료제로 승인된 뒤 천식 보조치료 임상시험에서 폐기능과 악화 지표 개선이 확인되었다.
Asthma,strict,montelukast,montelukast,승인,clinical,high,류코트리엔 수용체를 차단해 기도 염증과 기관지수축을 줄인다.,"비염 등 다른 적응증으로도 승인된 약이며, 천식에서 이미 임상적으로 사용되지만 재창출 관점에서는 근거가 충분하다."
Asthma,strict,theophylline,theophylline,승인,clinical,high,PDE 억제와 아데노신 길항을 통해 기관지 확장과 항염 효과를 낸다.,"오래된 다른 적응증 약물로, 천식에서의 임상 사용과 연구가 축적되어 있으나 현재는 보조적 위치다."
Asthma,strict,hydroxychloroquine,hydroxychloroquine,미지,clinical,low,면역세포 활성과 항원 처리 과정을 조절해 염증 반응을 낮출 수 있다.,"자가면역질환에서 승인된 약이며, 천식에서는 소규모 임상과 전임상 연구가 있었지만 일관된 효능은 제한적이었다."
Asthma,strict,statins,statins,미지,clinical,low,HMG-CoA 환원효소 억제 외에 항염 및 면역조절 효과를 통해 기도 염증을 줄일 수 있다.,"심혈관질환 약물이지만 천식에서 관찰연구와 일부 임상시험이 있었고, 특히 악화 감소 가능성이 탐색되었다."
Asthma,strict,metformin,metformin,미지,preclinical,medium,AMPK 활성화와 대사 재조절을 통해 비만 관련 천식의 염증과 기도 반응성을 낮출 수 있다.,"당뇨병 치료제로 승인된 약이며, 비만 천식에서 전임상 및 초기 임상 근거가 보고되었다."
Asthma,strict,propranolol,propranolol,미지,preclinical,low,비선택적 베타차단을 통해 면역세포의 베타아드레날린 신호를 조절할 수 있다.,"천식 악화 위험 때문에 일반적으로는 부적절하지만, 일부 전임상 연구에서 알레르기성 염증 조절 가능성이 탐색되었다."
Asthma,strict,losartan,losartan,미지,preclinical,medium,안지오텐신 II 수용체 차단을 통해 기도 리모델링과 섬유화를 완화할 수 있다.,"고혈압 치료제로 승인된 약이며, 천식의 기도 리모델링에 대한 전임상 연구가 보고되었다."
Asthma,strict,pioglitazone,pioglitazone,중단,preclinical,medium,PPAR-γ 활성화를 통해 염증성 대식세포와 호산구 반응을 억제할 수 있다.,"당뇨병 치료제로 승인된 약으로, 알레르기성 천식 모델에서 항염 효과가 보고되었다."
Asthma,strict,doxycycline,doxycycline,미지,preclinical,medium,MMP 억제와 항염 효과로 기도 리모델링을 줄일 수 있다.,"항생제로 승인된 약이며, 천식의 기도 리모델링과 염증에 대한 전임상 및 제한적 임상 탐색이 있었다."
Asthma,strict,colchicine,colchicine,미지,clinical,low,미세소관 중합을 억제해 염증세포 이동과 활성화를 줄인다.,"통풍 치료제로 승인된 약이며, 천식에서 오래전 소규모 임상 연구가 있었지만 근거는 약하다."
Asthma,strict,ketotifen,ketotifen,미지,clinical,low,비만세포 안정화와 H1 수용체 차단으로 알레르기 염증을 줄인다.,"알레르기 질환에 승인된 약으로, 천식 예방 목적의 임상 사용과 연구가 있었으나 현재 근거는 제한적이다."
Covid19,strict,dexamethasone,dexamethasone,중단,clinical,high,과도한 염증 반응과 사이토카인 매개 폐손상을 억제한다.,RECOVERY trial에서 산소치료 또는 기계환기 환자에서 사망률 감소가 확인되었다.
Covid19,strict,baricitinib,baricitinib,미지,clinical,high,JAK1/2 억제를 통해 염증성 사이토카인 신호와 일부 바이러스 유입 관련 경로를 줄인다.,ACTT-2와 COV-BARRIER에서 회복 시간 단축 및 중증 환자 예후 개선 신호가 보고되었다.
Covid19,strict,tocilizumab,tocilizumab,미지,clinical,high,IL-6 수용체 차단으로 과염증과 급성 호흡부전 진행을 완화한다.,RECOVERY와 REMAP-CAP에서 중증 Covid19 환자 사망률 및 임상 악화 감소가 보고되었다.
Covid19,strict,remdesivir,remdesivir,미지,clinical,high,바이러스 RNA 의존성 RNA 중합효소를 억제해 SARS-CoV-2 복제를 저해한다.,"ACTT-1 등에서 회복 시간 단축이 관찰되었고, 초기 바이러스 증식 억제 근거가 축적되었다."
Covid19,strict,molnupiravir,molnupiravir,승인,clinical,high,바이러스 RNA 복제 시 치명적 돌연변이를 유도해 증식을 억제한다.,MOVe-OUT에서 고위험 경증-중등증 환자의 입원 또는 사망 감소가 보고되었다.
Covid19,strict,fluvoxamine,fluvoxamine,중단,clinical,medium,sigma-1 receptor 조절과 항염 효과를 통해 초기 염증 악화를 완화할 수 있다.,TOGETHER trial 등에서 초기 외래 환자에서 임상 악화 감소 신호가 보고되었다.
Covid19,strict,ivermectin,ivermectin,중단,preclinical,low,숙주-바이러스 상호작용과 핵수송 경로를 교란해 항바이러스 효과를 낼 가능성이 제기되었다.,"세포 및 동물 전임상에서 항바이러스 신호가 있었으나, 임상 근거는 일관되지 않다."
Covid19,strict,nitazoxanide,nitazoxanide,미지,preclinical,medium,숙주 항바이러스 반응을 증강하고 바이러스 단백질 성숙을 방해할 수 있다.,in vitro에서 SARS-CoV-2 억제 신호가 보고되었고 초기 임상 연구가 수행되었다.
Covid19,strict,camostat,camostat,효능실패,mechanistic,medium,TMPRSS2를 억제해 바이러스 스파이크 단백질 활성화와 세포 진입을 줄인다.,전임상에서 세포 진입 억제 근거가 있으며 초기 임상 시험이 진행되었다.
Covid19,strict,apixaban,apixaban,미지,clinical,medium,응고계 억제를 통해 Covid19 관련 혈전성 합병증 위험을 낮출 수 있다.,"중증 Covid19에서 혈전증이 중요한 병태생리이며, 항응고 전략의 임상 근거가 축적되었다."
Covid19,strict,colchicine,colchicine,중단,clinical,medium,NLRP3 inflammasome 및 호중구 매개 염증을 억제한다.,COLCORONA와 기타 연구에서 외래 또는 초기 환자에서 염증성 악화 감소 신호가 보고되었다.
Covid19,strict,famotidine,famotidine,중단,clinical,low,히스타민 H2 수용체 차단을 통해 염증 반응을 조절할 가능성이 제기되었다.,관찰연구와 소규모 임상에서 예후 개선 신호가 보고되었으나 근거는 제한적이다.
Covid19,strict,interferon beta-1a,interferonbeta1a,미지,clinical,low,선천면역 항바이러스 반응을 강화해 초기 바이러스 복제를 억제한다.,초기 임상시험과 전임상에서 항바이러스 효과가 검토되었으나 결과는 혼재되었다.
Covid19,strict,sotrovimab,sotrovimab,승인,clinical,medium,SARS-CoV-2 스파이크 단백질을 중화해 세포 감염을 차단한다.,초기 변이주에서 외래 고위험 환자 치료에 효과가 입증되었으나 변이 유행에 따라 효용이 달라졌다.
Idiopathic Pulmonary Fibrosis,strict,Nintedanib,nintedanib,승인,clinical,high,"Tyrosine kinase inhibition reduces fibroblast proliferation, migration, and profibrotic signaling.","Idiopathic pulmonary fibrosis is already an approved indication for nintedanib, so it is excluded as a repurposing candidate."
Idiopathic Pulmonary Fibrosis,strict,Pirfenidone,pirfenidone,승인,clinical,high,Antifibrotic and anti-inflammatory effects reduce TGF-β–linked collagen deposition and fibroblast activation.,"Idiopathic pulmonary fibrosis is already an approved indication for pirfenidone, so it is excluded as a repurposing candidate."
Schizophrenia,strict,minocycline,minocycline,미지,clinical,medium,Microglial activation and neuroinflammation을 억제해 음성증상과 인지기능에 영향을 줄 수 있다.,"조현병에서 보조요법으로 평가된 소규모 임상시험들과 메타분석이 있으며, 증상 개선 신호가 보고되었다."
Schizophrenia,strict,memantine,memantine,중단,clinical,medium,NMDA receptor antagonism을 통해 글루타메이트성 이상을 조절해 인지 및 음성증상에 도움을 줄 수 있다.,"조현병 환자에서 보조치료로 시험된 임상연구들이 있고, 일부 연구에서 음성증상 또는 인지 관련 신호가 보고되었다."
Schizophrenia,strict,glycine,glycine,중단,clinical,medium,NMDA receptor의 glycine site를 강화해 NMDA hypofunction을 보완할 수 있다.,"조현병에서 보조요법으로 여러 임상시험이 수행되었고, 특히 음성증상에 대한 제한적 개선 신호가 보고되었다."
Schizophrenia,strict,sarcosine,sarcosine,미지,clinical,medium,Glycine transporter 1 억제를 통해 시냅스 glycine을 증가시켜 NMDA receptor 기능을 강화한다.,"조현병 보조치료 임상시험에서 음성증상 개선 신호가 보고되었고, 관련 메타분석도 존재한다."
Schizophrenia,strict,N-acetylcysteine,nacetylcysteine,미지,clinical,medium,Glutathione 전구체 및 산화스트레스 조절을 통해 신경염증과 redox imbalance를 완화할 수 있다.,"조현병에서 보조요법 임상시험과 메타분석이 있으며, 음성증상과 전반적 기능에서 일부 유익 신호가 보고되었다."
Schizophrenia,strict,aspirin,aspirin,미지,clinical,low,Cyclooxygenase 억제를 통해 염증성 경로를 낮춰 조현병의 염증 관련 병태에 영향을 줄 수 있다.,"조현병 보조치료로 소규모 임상시험과 메타분석이 있었고, 특히 초기 질환에서 일부 이득 신호가 보고되었다."
Schizophrenia,strict,celecoxib,celecoxib,미지,clinical,medium,COX-2 억제를 통해 신경염증을 줄여 증상 개선에 기여할 수 있다.,"조현병에서 보조요법 임상시험이 수행되었고, 일부 연구와 메타분석에서 증상 개선 신호가 보고되었다."
Schizophrenia,strict,pioglitazone,pioglitazone,미지,clinical,low,PPAR-γ agonism을 통해 염증과 대사 이상을 조절해 조현병 증상에 영향을 줄 수 있다.,"조현병 환자에서 보조치료 임상시험이 있었고, 일부 연구에서 음성증상 또는 전반적 증상 개선이 관찰되었다."
Schizophrenia,strict,reboxetine,reboxetine,미지,clinical,low,Norepinephrine reuptake inhibition을 통해 인지 및 음성증상에 영향을 줄 수 있다.,"조현병 보조치료 임상시험이 보고되었고, 일부 연구에서 음성증상 개선 신호가 있었다."
Schizophrenia,strict,donepezil,donepezil,중단,clinical,low,Acetylcholinesterase inhibition으로 콜린성 기능을 강화해 인지기능 저하를 완화할 수 있다.,조현병의 인지증상에 대해 보조요법 임상시험들이 수행되었으나 결과는 혼재되어 있다.
Schizophrenia,strict,galantamine,galantamine,중단,clinical,low,Acetylcholinesterase inhibition과 nicotinic receptor modulation을 통해 인지기능을 개선할 수 있다.,조현병 인지증상에 대한 보조치료 임상시험이 보고되었으나 일관된 효과는 제한적이다.
Schizophrenia,strict,ondansetron,ondansetron,중단,clinical,low,5-HT3 receptor antagonism을 통해 도파민-글루타메이트 회로를 조절해 음성증상에 영향을 줄 수 있다.,"조현병 보조치료 임상시험이 있었고, 일부 연구에서 음성증상 개선 신호가 보고되었다."
Schizophrenia,strict,raloxifene,raloxifene,미지,clinical,medium,Selective estrogen receptor modulation을 통해 항염 및 신경보호 효과로 증상에 영향을 줄 수 있다.,"조현병 여성 환자에서 보조요법 임상시험과 메타분석이 있으며, 특히 음성증상 개선 신호가 보고되었다."
Schizophrenia,strict,d-cycloserine,dcycloserine,미지,clinical,low,Partial NMDA receptor agonism으로 NMDA 기능을 보완해 인지 및 음성증상에 영향을 줄 수 있다.,"조현병에서 보조치료 임상시험이 다수 있었으나 결과는 혼재되어 있고, 일부 조건에서만 신호가 있었다."
Schizophrenia,strict,topiramate,topiramate,미지,clinical,low,Glutamatergic transmission 조절과 GABAergic enhancement를 통해 증상 및 체중 관련 문제에 영향을 줄 수 있다.,"조현병 보조치료 임상시험과 메타분석이 있으며, 주로 체중 증가 억제와 일부 증상 지표에서 신호가 보고되었다."
Crohn's Disease,strict,vedolizumab,vedolizumab,승인,clinical,high,α4β7 integrin을 차단해 장 점막으로의 림프구 유입을 억제한다.,Crohn's disease에서 이미 임상적으로 평가되어 장 선택적 면역세포 trafficking 억제가 유효할 수 있음을 보여준 약물이다.
Crohn's Disease,strict,ustekinumab,ustekinumab,승인,clinical,high,IL-12/IL-23 경로를 억제해 Th1/Th17 염증 반응을 낮춘다.,Crohn's disease에서 UNITI-1/UNITI-2 및 IM-UNITI 같은 임상시험으로 유효성이 확인된 재창출 후보이다.
Crohn's Disease,strict,risankizumab,risankizumab,미지,clinical,high,IL-23 p19를 선택적으로 억제해 장 염증성 면역반응을 줄인다.,"Crohn's disease에서 ADVANCE, MOTIVATE, FORTIFY 임상시험으로 효과가 입증된 약물이다."
Crohn's Disease,strict,tofacitinib,tofacitinib,미지,clinical,medium,JAK 신호전달을 억제해 염증성 사이토카인 전달을 차단한다.,"Crohn's disease에서 임상시험이 수행되었으나 일관된 효능은 제한적이었고, 다른 염증성 질환에서 승인된 JAK 억제제의 재창출 후보로 검토되었다."
Crohn's Disease,strict,filgotinib,filgotinib,미지,clinical,medium,JAK1을 선택적으로 억제해 염증성 사이토카인 신호를 감소시킨다.,"Crohn's disease에서 FITZROY 등 임상시험이 수행된 JAK1 억제제이며, 질환 기전상 재창출 후보로 연구되었다."
Crohn's Disease,strict,baricitinib,baricitinib,미지,preclinical,low,JAK1/2 억제를 통해 염증성 사이토카인 매개 신호를 낮춘다.,"Crohn's disease에서 전임상 및 초기 임상적 탐색이 보고된 바 있는 승인 약물로, 면역염증 축을 겨냥한 재창출 후보이다."
Crohn's Disease,strict,apremilast,apremilast,미지,clinical,medium,PDE4 억제로 cAMP를 증가시켜 TNF-α 등 염증성 매개체 생성을 줄인다.,"염증성 장질환에서 전임상 및 초기 임상 탐색이 있었고, Crohn's disease 재창출 후보로 자주 검토된 약물이다."
Crohn's Disease,strict,thalidomide,thalidomide,미지,clinical,medium,TNF-α 생성과 면역세포 활성화를 억제한다.,"난치성 Crohn's disease, 특히 소아/재발성 질환에서 소규모 임상 경험이 보고된 재창출 약물이다."
Crohn's Disease,strict,methotrexate,methotrexate,미지,clinical,high,항대사 및 면역조절 작용으로 림프구 증식을 억제한다.,Crohn's disease에서 이미 오래전부터 임상적으로 사용되어 온 면역억제 재창출 약물이다.
Crohn's Disease,strict,azathioprine,azathioprine,승인,clinical,high,퓨린 합성을 억제해 림프구 증식을 감소시킨다.,Crohn's disease에서 유지요법으로 임상 사용 경험이 풍부한 재창출 약물이다.
Crohn's Disease,strict,6-mercaptopurine,mercaptopurine,중단,clinical,high,퓨린 대사를 억제해 면역세포 증식을 줄인다.,Crohn's disease에서 azathioprine과 함께 오래전부터 사용된 면역조절 재창출 약물이다.
Crohn's Disease,strict,cyclosporine,cyclosporine,미지,clinical,low,calcineurin 억제를 통해 T세포 활성화를 차단한다.,Crohn's disease에서는 제한적이지만 난치성 염증성 장질환에서 면역억제 재창출 후보로 임상적으로 탐색된 바 있다.
Crohn's Disease,strict,tacrolimus,tacrolimus,미지,clinical,low,calcineurin 억제로 T세포 사이토카인 생성을 억제한다.,주로 국소/난치성 염증성 장질환에서 임상 탐색이 있었고 Crohn's disease 재창출 후보로 검토된 바 있다.
Crohn's Disease,strict,mycophenolate mofetil,mycophenolatemofetil,미지,clinical,low,IMP dehydrogenase 억제로 림프구의 de novo purine 합성을 차단한다.,Crohn's disease에서 제한적 임상 경험이 보고된 면역억제 재창출 약물이다.
Crohn's Disease,strict,clofazimine,clofazimine,미지,clinical,medium,염증성 대식세포 반응과 세균막 기능을 교란해 장 염증을 완화할 수 있다.,"Crohn's disease, 특히 누공성 질환에서 소규모 임상 및 사례 보고가 있는 재창출 후보이다."
Crohn's Disease,strict,metformin,metformin,미지,preclinical,low,AMPK 활성화와 장내 미생물 및 염증 신호 조절을 통해 장 염증을 낮출 수 있다.,Crohn's disease에서 전임상 및 관찰연구 수준의 근거가 보고된 재창출 후보이다.
Crohn's Disease,strict,simvastatin,simvastatin,미지,preclinical,low,mevalonate 경로 억제를 통해 면역세포 활성과 염증성 신호를 감소시킨다.,Crohn's disease 전임상 모델에서 항염 효과가 보고된 승인 약물이다.
Crohn's Disease,strict,atorvastatin,atorvastatin,미지,preclinical,low,면역조절 및 장 상피 염증 신호 억제를 통해 질환 활성도를 낮출 수 있다.,Crohn's disease 전임상 연구에서 항염 및 장 장벽 보호 효과가 보고된 바 있다.
Crohn's Disease,strict,naltrexone,naltrexone,중단,clinical,medium,opioid receptor 길항을 통해 면역조절 및 장 염증 신호를 변화시킬 수 있다.,low-dose naltrexone 형태로 Crohn's disease에서 소규모 임상 연구가 보고된 재창출 후보이다.
Crohn's Disease,strict,allopurinol,allopurinol,미지,clinical,medium,thiopurine 대사를 조절해 6-mercaptopurine의 대사 프로파일을 바꾼다.,"Crohn's disease 자체 치료보다는 thiopurine 병용 최적화에 쓰이지만, 면역조절 전략의 재창출 맥락에서 임상 경험이 있다."
Acute Myeloid Leukemia,strict,arsenic trioxide,arsenictrioxide,미지,clinical,high,PML-RARA 분해와 산화스트레스 유도를 통해 백혈병 세포 사멸을 촉진한다.,급성 전골수성 백혈병에서 이미 표준치료로 확립되어 있어 재창출 후보에서 제외해야 한다.
Acute Myeloid Leukemia,strict,venetoclax,venetoclax,미지,clinical,high,BCL2를 억제해 AML 세포의 항아폽토시스 생존 신호를 차단한다.,급성 골수성 백혈병에서 이미 승인된 약물이라 재창출 후보가 아니다.
Amyotrophic Lateral Sclerosis,strict,edaravone,edaravone,승인,clinical,high,산화스트레스를 줄여 운동신경세포 손상을 완화할 것으로 본다.,"ALS에서 이미 임상적으로 사용되는 약물로, 재창출 후보가 아니라 표준치료에 해당하므로 제외해야 한다."
Non-small Cell Lung Cancer,strict,metformin,metformin,중단,clinical,medium,AMPK 활성화와 mTOR 신호 억제를 통해 종양세포 증식과 대사 적응을 저해할 수 있다.,"비소세포폐암에서 관찰연구와 소규모 임상연구들이 생존 이점 가능성을 평가했으며, 전임상에서도 증식 억제 신호가 반복적으로 보고되었다."
Non-small Cell Lung Cancer,strict,propranolol,propranolol,미지,clinical,medium,"β-아드레날린 신호를 차단해 스트레스 매개 종양 성장, 혈관신생, 전이 관련 경로를 약화시킬 수 있다.",비소세포폐암에서 β차단제 사용과 예후를 본 후향적 연구들과 전임상 모델에서의 전이 억제 보고가 있다.
Non-small Cell Lung Cancer,strict,disulfiram,disulfiram,미지,preclinical,medium,알데하이드 탈수소효소 및 proteasome 관련 경로를 억제해 암세포 생존과 줄기성 유지에 불리하게 작용할 수 있다.,"비소세포폐암 전임상에서 cisplatin 감작과 종양 성장 억제가 보고되었고, 임상 재창출 가능성이 반복적으로 논의되었다."
Non-small Cell Lung Cancer,strict,chloroquine,chloroquine,미지,clinical,medium,자가포식 억제를 통해 스트레스 적응과 치료 저항성을 감소시킬 수 있다.,"비소세포폐암 세포주와 동물모델에서 항암제 감작 및 성장 억제가 보고되었고, 임상 병용 연구가 수행되었다."
Non-small Cell Lung Cancer,strict,itraconazole,itraconazole,미지,clinical,medium,Hedgehog 및 angiogenesis 관련 신호를 억제하고 종양 미세환경의 혈관신생을 저해할 수 있다.,"비소세포폐암에서 전임상 항종양 효과가 보고되었고, 재창출 임상시험에서 병용 가능성이 평가되었다."
Non-small Cell Lung Cancer,strict,celecoxib,celecoxib,중단,clinical,medium,COX-2 억제를 통해 염증성 종양 촉진 신호와 prostaglandin 매개 생존 신호를 줄일 수 있다.,"비소세포폐암에서 COX-2 발현과 연관된 전임상 근거가 있으며, 화학예방 및 병용 치료 임상연구가 있었다."
Non-small Cell Lung Cancer,strict,statins,statins,미지,clinical,low,"mevalonate 경로 억제를 통해 세포막 합성, 단백질 프레닐화, 증식 신호 전달을 저해할 수 있다.","비소세포폐암에서 관찰연구와 전임상 연구가 축적되어 있으며, 일부 연구에서 생존 또는 치료반응 개선 가능성이 제시되었다."
Non-small Cell Lung Cancer,strict,doxycycline,doxycycline,미지,preclinical,medium,미토콘드리아 단백질 번역을 억제해 암 줄기세포성 및 대사 적응을 약화시킬 수 있다.,"비소세포폐암 전임상에서 암 줄기세포 표지와 종양 개시 능력 감소가 보고되었고, 재창출 후보로 자주 검토되었다."
Non-small Cell Lung Cancer,strict,mebendazole,mebendazole,미지,preclinical,medium,미세소관 기능을 교란하고 세포분열을 억제해 종양세포 증식을 막을 수 있다.,"비소세포폐암 세포주와 동물모델에서 항종양 효과가 보고되었으며, 재창출 항암제로 널리 연구되었다."
Non-small Cell Lung Cancer,strict,cimetidine,cimetidine,미지,clinical,low,면역조절 및 세포부착 관련 경로를 통해 종양 전파와 면역회피를 약화시킬 수 있다.,"폐암을 포함한 여러 암에서 후향적 임상 신호와 전임상 면역조절 근거가 있으나, 비소세포폐암 특이 근거는 제한적이다."
Breast Neoplasms,strict,metformin,metformin,효능실패,clinical,high,AMPK 활성화와 mTOR 신호 억제를 통해 종양세포 증식과 대사 적응을 저해할 수 있다.,"유방암에서 관찰연구와 여러 임상시험이 축적되어 있으며, 특히 인슐린 저항성/비만 관련 환자에서 보조적 항종양 효과를 평가한 연구들이 있다."
Breast Neoplasms,strict,propranolol,propranolol,중단,clinical,medium,"β-아드레날린 신호를 차단해 스트레스 매개 종양 성장, 혈관신생, 전이 관련 경로를 억제할 수 있다.","유방암에서 수술 전후 사용과 예후를 평가한 후향적 연구 및 소규모 임상 근거가 있으며, 전임상에서 전이 억제 효과가 보고되었다."
Breast Neoplasms,strict,cimetidine,cimetidine,미지,clinical,medium,H2 수용체 차단을 통해 면역조절과 종양세포 부착/침윤 관련 경로를 억제할 수 있다.,"유방암에서 보조요법 가능성을 시사한 오래된 임상 및 관찰 연구가 있으며, 전임상에서 항종양 효과가 보고되었다."
Breast Neoplasms,strict,doxycycline,doxycycline,미지,preclinical,medium,미토콘드리아 단백질 번역과 MMP 관련 경로를 억제해 암줄기세포성 및 침윤성을 낮출 수 있다.,"유방암 전임상 모델에서 특히 암줄기세포 표적 효과가 반복적으로 보고되었고, 소규모 임상 탐색 연구가 있었다."
Breast Neoplasms,strict,chloroquine,chloroquine,미지,clinical,medium,자가포식을 억제해 스트레스 적응과 치료저항성을 약화시킬 수 있다.,"유방암 전임상에서 항암제 감수성 증가가 보고되었고, 자가포식 억제 전략으로 임상 탐색이 이루어졌다."
Breast Neoplasms,strict,disulfiram,disulfiram,미지,preclinical,medium,알데하이드 탈수소효소 및 proteasome/ROS 관련 경로를 교란해 암줄기세포와 생존 신호를 억제할 수 있다.,"유방암 전임상에서 강한 세포독성과 전이 억제 효과가 보고되었고, 재창출 후보로 여러 초기 임상 연구가 진행되었다."
Breast Neoplasms,strict,itraconazole,itraconazole,미지,preclinical,medium,Hedgehog 및 혈관신생 관련 신호를 억제하고 막수송을 교란해 종양 성장을 저해할 수 있다.,"유방암 전임상에서 증식 억제와 전이 감소가 보고되었으며, 재창출 항암제로 탐색된 바 있다."
Breast Neoplasms,strict,mebendazole,mebendazole,미지,preclinical,medium,미세소관 기능을 교란하고 여러 생존 신호를 억제해 종양세포 분열을 저해할 수 있다.,"유방암 전임상에서 세포독성과 종양 성장 억제가 보고되었고, 항암 재창출 후보로 자주 연구되었다."
Breast Neoplasms,strict,niclosamide,niclosamide,미지,preclinical,medium,"Wnt/β-catenin, STAT3, mTOR 등 다중 신호를 억제해 증식과 전이를 줄일 수 있다.",유방암 전임상에서 특히 삼중음성 유방암 관련 억제 효과가 반복 보고되었다.
Breast Neoplasms,strict,arsenic trioxide,arsenictrioxide,중단,preclinical,medium,산화스트레스 유도와 단백질 항상성 교란을 통해 종양세포 사멸을 촉진할 수 있다.,"유방암 전임상에서 세포사멸 유도와 항종양 효과가 보고되었고, 다른 혈액암에서 승인된 약물이다."
Breast Neoplasms,strict,thioridazine,thioridazine,미지,preclinical,medium,도파민 수용체 관련 신호와 암줄기세포 특성을 억제해 종양 개시 능력을 낮출 수 있다.,"유방암 전임상에서 특히 암줄기세포 표적 효과가 보고되었고, 재창출 후보로 제안되었다."
Breast Neoplasms,strict,sertraline,sertraline,미지,preclinical,low,세포 스트레스와 미토콘드리아 기능을 교란해 종양세포 생존을 저해할 수 있다.,유방암 전임상에서 증식 억제 및 세포사멸 유도가 보고되었으나 임상 근거는 제한적이다.
Breast Neoplasms,strict,tamoxifen,tamoxifen,승인,speculative,low,에스트로겐 수용체 조절을 통해 호르몬 의존성 종양 성장을 억제한다.,유방암에 이미 승인된 표준치료이므로 재창출 후보에서 제외해야 한다.
Parkinson's Disease,strict,Exenatide,exenatide,미지,clinical,high,"GLP-1 receptor agonism may reduce neuroinflammation, improve mitochondrial function, and support dopaminergic neuron survival.","A randomized clinical trial in Parkinson's disease reported slower motor decline with exenatide, and subsequent studies have continued to evaluate it as a disease-modifying candidate."
Parkinson's Disease,strict,Nilotinib,nilotinib,미지,clinical,medium,ABL kinase inhibition may enhance autophagic clearance and reduce alpha-synuclein-related pathology.,"Small clinical studies in Parkinson's disease, including a phase 2 trial, have tested nilotinib for potential disease-modifying effects, though results have been mixed and safety concerns remain."
Parkinson's Disease,strict,Ambroxol,ambroxol,미지,clinical,high,Pharmacological chaperoning of glucocerebrosidase may improve lysosomal function and reduce alpha-synuclein accumulation.,"Clinical studies in Parkinson's disease, including work in GBA1-associated disease, have evaluated ambroxol for target engagement and biomarker effects."
Parkinson's Disease,strict,Ibudilast,ibudilast,미지,preclinical,medium,Phosphodiesterase inhibition and glial modulation may reduce neuroinflammation and protect dopaminergic neurons.,"Preclinical Parkinson's disease models have reported neuroprotective and anti-inflammatory effects of ibudilast, supporting repurposing interest."
Parkinson's Disease,strict,Isradipine,isradipine,미지,clinical,high,L-type calcium channel blockade may reduce calcium-dependent stress in vulnerable nigral neurons.,"The STEADY-PD clinical program tested isradipine in Parkinson's disease based on epidemiologic and mechanistic rationale, although efficacy was not confirmed."
Parkinson's Disease,strict,Deferiprone,deferiprone,미지,clinical,high,Iron chelation may reduce iron-mediated oxidative stress in the substantia nigra.,Clinical trials such as FAIRPARK have evaluated deferiprone in Parkinson's disease with biomarker and symptom endpoints.
Parkinson's Disease,strict,Pioglitazone,pioglitazone,미지,clinical,high,PPAR-gamma activation may attenuate neuroinflammation and mitochondrial dysfunction.,"Pioglitazone was tested in Parkinson's disease in clinical studies, including the NET-PD LS-1 trial, though it did not show clear disease-modifying benefit."
Parkinson's Disease,strict,Rasagiline,rasagiline,승인,clinical,high,MAO-B inhibition may reduce dopamine breakdown and potentially exert neuroprotective effects through anti-oxidative pathways.,"Although already used symptomatically in Parkinson's disease, rasagiline has also been studied for possible disease-modifying effects in trials such as ADAGIO."
Parkinson's Disease,strict,Selegiline,selegiline,승인,clinical,medium,MAO-B inhibition may reduce oxidative dopamine metabolism and provide symptomatic benefit with possible neuroprotective effects.,"Selegiline has been investigated in Parkinson's disease beyond symptomatic use, with historical clinical studies exploring delayed-start and progression-related outcomes."
Parkinson's Disease,strict,Clemastine,clemastine,미지,preclinical,low,Antihistaminic and antimuscarinic activity may promote oligodendrocyte precursor differentiation and support myelin-related repair pathways.,"Preclinical Parkinson's disease studies have suggested neuroprotective effects of clemastine, making it a repurposing candidate."
Coronary Artery Disease,strict,colchicine,colchicine,미지,clinical,high,NLRP3 inflammasome와 호중구 활성화를 억제해 혈관 염증과 죽상경화성 플라크 불안정을 줄일 것으로 본다.,COLCOT와 LoDoCo2에서 심혈관 사건 감소가 보고되어 관상동맥질환의 염증 표적 재창출 근거가 있다.
Coronary Artery Disease,strict,canakinumab,canakinumab,미지,clinical,high,IL-1β를 중화해 죽상경화성 염증 반응을 낮추고 사건 위험을 줄일 것으로 본다.,CANTOS에서 심근경색 후 고위험 환자의 주요 심혈관 사건이 감소해 관상동맥질환 재창출 근거가 있다.
Coronary Artery Disease,strict,methotrexate,methotrexate,미지,clinical,medium,아데노신 매개 항염증 효과로 전신 염증을 낮춰 죽상경화 진행을 완화할 가능성이 있다.,"CIRT에서 저용량 methotrexate가 심혈관 사건을 줄이지 못했지만, 관상동맥질환 염증 표적의 임상 재창출 시도가 있었다."
Coronary Artery Disease,strict,rivaroxaban,rivaroxaban,미지,clinical,high,Factor Xa 억제를 통해 혈전 형성을 줄여 죽상경화성 혈전 사건을 감소시킬 수 있다.,COMPASS에서 안정형 관상동맥질환을 포함한 환자에서 저용량 rivaroxaban이 허혈성 사건을 감소시켰다.
Coronary Artery Disease,strict,ticagrelor,ticagrelor,승인,clinical,high,P2Y12 수용체 억제로 혈소판 활성화를 줄여 관상동맥 혈전 사건을 감소시킨다.,PEGASUS-TIMI 54에서 과거 심근경색 환자의 재발성 허혈 사건 감소가 확인되어 관상동맥질환 재창출 근거가 있다.
Coronary Artery Disease,strict,icosapent ethyl,icosapentethyl,미지,clinical,high,중성지방 감소와 항염증 효과를 통해 죽상경화성 사건 위험을 낮출 수 있다.,REDUCE-IT에서 고위험 죽상경화성 심혈관질환 환자의 사건 감소가 보고되어 관상동맥질환 재창출 후보가 된다.
Coronary Artery Disease,strict,empagliflozin,empagliflozin,미지,clinical,medium,SGLT2 억제를 통해 심부전 및 대사 스트레스를 줄여 심혈관 사건 위험을 낮출 수 있다.,EMPA-REG OUTCOME에서 심혈관 사망과 주요 사건 감소가 보여 관상동맥질환 고위험군 재창출 근거가 있다.
Coronary Artery Disease,strict,liraglutide,liraglutide,미지,clinical,medium,GLP-1 수용체 자극으로 체중과 대사 위험을 개선하고 죽상경화성 사건을 줄일 수 있다.,LEADER에서 주요 심혈관 사건 감소가 보고되어 관상동맥질환 재창출 후보로 고려된다.
Coronary Artery Disease,strict,semaglutide,semaglutide,미지,clinical,medium,GLP-1 수용체 자극으로 염증과 대사 이상을 개선해 죽상경화성 사건을 줄일 수 있다.,SUSTAIN-6와 SELECT에서 심혈관 사건 감소가 보고되어 관상동맥질환 재창출 근거가 있다.
Coronary Artery Disease,strict,dapagliflozin,dapagliflozin,미지,clinical,medium,SGLT2 억제를 통해 심혈관 부담과 대사 이상을 완화해 사건 위험을 낮출 수 있다.,DECLARE-TIMI 58과 DAPA-HF 등에서 심혈관 이득이 관찰되어 관상동맥질환 고위험군 재창출 후보가 된다.
Coronary Artery Disease,strict,evolocumab,evolocumab,미지,clinical,high,PCSK9 억제로 LDL cholesterol를 크게 낮춰 죽상경화 진행과 사건을 줄인다.,FOURIER에서 죽상경화성 심혈관 사건 감소가 확인되어 관상동맥질환 재창출 근거가 있다.
Coronary Artery Disease,strict,alirocumab,alirocumab,미지,clinical,high,PCSK9 억제로 LDL cholesterol를 낮춰 관상동맥 죽상경화성 사건을 줄인다.,ODYSSEY OUTCOMES에서 급성관상동맥증후군 후 사건 감소가 보고되어 재창출 근거가 있다.
Coronary Artery Disease,strict,bempedoic acid,bempedoicacid,미지,clinical,medium,ATP citrate lyase 억제로 LDL cholesterol를 낮춰 죽상경화성 사건을 줄일 수 있다.,CLEAR Outcomes에서 심혈관 사건 감소가 보고되어 관상동맥질환 재창출 후보가 된다.
Coronary Artery Disease,strict,fenofibrate,fenofibrate,미지,clinical,low,PPAR-α 활성화를 통해 중성지방을 낮추고 지질 이상을 개선해 죽상경화 부담을 줄일 수 있다.,ACCORD-Lipid와 FIELD에서 전체 이득은 제한적이었지만 고중성지방 아형에서 관상동맥질환 재창출 가능성이 논의되었다.
Coronary Artery Disease,strict,allopurinol,allopurinol,미지,mechanistic,low,xanthine oxidase 억제로 산화스트레스와 내피 기능 이상을 줄여 허혈 부담을 완화할 수 있다.,EXACT-HF 등과 여러 관찰연구에서 심혈관 위험 감소 가능성이 제기되어 관상동맥질환 재창출 후보로 검토된다.
Coronary Artery Disease,strict,propranolol,propranolol,미지,clinical,medium,교감신경 억제로 심박수와 산소요구량을 낮춰 허혈을 줄인다.,급성 심근경색 이후 베타차단제의 사건 감소 근거가 오래전부터 축적되어 관상동맥질환 재창출 후보로 볼 수 있다.
Coronary Artery Disease,strict,verapamil,verapamil,승인,clinical,low,심박수와 수축력을 낮추고 관상동맥 혈류 균형을 개선해 협심증 허혈을 줄인다.,협심증과 심근경색 후 환자에서 비디히드로피리딘계 칼슘채널차단제의 임상 사용 근거가 있어 재창출 후보가 된다.
Coronary Artery Disease,strict,ranolazine,ranolazine,중단,clinical,medium,지연성 나트륨전류를 억제해 심근 허혈 시 세포내 칼슘 과부하를 줄인다.,만성 협심증에서 증상 개선 근거가 있어 관상동맥질환의 허혈 증상 완화 재창출 후보가 된다.
Coronary Artery Disease,strict,trimetazidine,trimetazidine,미지,clinical,medium,심근 에너지 대사를 지방산 산화에서 포도당 산화 쪽으로 이동시켜 허혈 효율을 높인다.,만성 안정형 협심증에서 증상 개선 연구가 있어 관상동맥질환 허혈 증상 재창출 후보로 고려된다.
Duchenne Muscular Dystrophy,strict,ataluren,ataluren,승인,clinical,high,조기 종결 코돈을 통한 비정상 번역을 부분적으로 억제해 dystrophin 생성 회복을 노린다.,"Duchenne muscular dystrophy의 nonsense mutation 환자에서 임상 개발이 진행되었고 일부 지역에서 승인된 바 있어, 재창출 후보로는 제외 대상이지만 질환 특이 승인약이므로 여기서는 제외해야 한다."
Duchenne Muscular Dystrophy,strict,vamorolone,vamorolone,미지,clinical,high,glucocorticoid receptor modulator로서 항염증 효과를 유지하면서 기존 스테로이드의 부작용을 줄이려 한다.,"Duchenne muscular dystrophy에서 임상시험이 진행되어 승인된 약물로, 이미 이 질환에 승인된 약이므로 재창출 후보에서 제외된다."
Stroke,strict,fluoxetine,fluoxetine,미지,clinical,medium,선택적 세로토닌 재흡수 억제로 신경가소성과 운동 회복을 촉진할 가능성이 있다.,"FLAME trial에서 허혈성 뇌졸중 후 운동 회복 개선 신호가 보고되었고, 이후 대규모 임상에서 일관된 이득은 제한적이었지만 재창출 후보로 자주 연구되었다."
Stroke,strict,cilostazol,cilostazol,미지,clinical,medium,PDE3 억제를 통해 항혈소판 및 혈관확장 효과와 함께 뇌혈류 개선을 기대할 수 있다.,"뇌졸중 2차 예방과 관련한 임상 연구들에서 재발 감소 신호가 있었고, 특히 아시아권 연구에서 허혈성 뇌졸중 재발 예방 후보로 검토되었다."
Stroke,strict,edaravone,edaravone,승인,clinical,medium,활성산소 제거를 통해 허혈-재관류 손상을 줄일 수 있다.,급성 허혈성 뇌졸중에서 산화스트레스 억제 기반의 신경보호제로 여러 임상 연구와 메타분석이 수행되었다.
Stroke,strict,minocycline,minocycline,효능실패,clinical,medium,미세아교세포 활성과 염증성 손상을 억제하여 허혈성 뇌손상을 줄일 수 있다.,"급성 뇌졸중에서 신경보호 및 기능 회복을 평가한 소규모 임상시험들이 있었고, 전임상 근거도 비교적 풍부하다."
Stroke,strict,memantine,memantine,미지,preclinical,low,NMDA 수용체 길항을 통해 흥분독성을 줄일 수 있다.,"허혈성 뇌손상 모델에서 신경보호 효과가 보고되었고, 뇌졸중 후 회복을 겨냥한 소규모 임상 탐색이 있었다."
Stroke,strict,amantadine,amantadine,미지,clinical,low,도파민성 및 NMDA 관련 조절을 통해 각성도와 회복을 개선할 가능성이 있다.,"뇌손상 후 각성 및 재활 보조 목적으로 사용 경험이 있으며, 뇌졸중 후 회복에 대한 제한적 임상 근거가 보고되었다."
Stroke,strict,statins,statins,미지,clinical,medium,지질저하 외에 내피기능 개선과 항염증 효과로 재발 위험을 낮출 수 있다.,"뇌졸중 2차 예방에서 대규모 임상 근거가 확립되어 있으며, 급성기 신경보호보다는 재발 예방 재창출 관점에서 연구되었다."
Stroke,strict,losartan,losartan,미지,clinical,low,AT1 수용체 차단을 통해 혈압 조절과 혈관 리모델링 억제를 기대할 수 있다.,"고혈압 조절을 통한 뇌졸중 예방 근거가 있고, 일부 전임상에서 신경염증 및 회복 관련 효과가 제시되었다."
Stroke,strict,metformin,metformin,미지,mechanistic,low,AMPK 활성화를 통해 대사 스트레스와 염증 반응을 완화할 수 있다.,관찰연구와 전임상에서 뇌졸중 예후 및 회복과의 연관성이 보고되어 재창출 후보로 검토되었다.
Stroke,strict,allopurinol,allopurinol,미지,clinical,low,잔틴 산화효소 억제를 통해 산화스트레스를 감소시킬 수 있다.,"뇌졸중 예방 및 혈관 위험 감소를 겨냥한 임상 연구와 전임상 근거가 있으며, 산화손상 억제 후보로 반복적으로 검토되었다."
Stroke,strict,levetiracetam,levetiracetam,미지,preclinical,low,신경흥분성을 낮춰 발작과 2차성 손상을 줄일 수 있다.,뇌졸중 후 발작 예방 및 신경보호 가능성을 탐색한 전임상·임상 보고가 있으나 근거는 제한적이다.
Stroke,strict,donepezil,donepezil,미지,clinical,low,아세틸콜린에스터레이스 억제를 통해 인지 회복과 재활 반응을 개선할 가능성이 있다.,뇌졸중 후 인지장애와 언어 회복을 대상으로 한 소규모 임상 연구들이 보고되었다.
Stroke,strict,sertraline,sertraline,미지,clinical,low,선택적 세로토닌 재흡수 억제로 우울증 치료를 넘어 신경가소성에 영향을 줄 수 있다.,"뇌졸중 후 우울증 및 운동 회복을 겨냥한 임상 연구가 있었으나, 대규모 시험에서 일관된 기능적 이득은 제한적이었다."
Stroke,strict,dalfampridine,dalfampridine,미지,clinical,low,전압개폐성 칼륨채널 차단으로 신경전도와 운동 기능을 개선할 수 있다.,뇌졸중 후 보행 및 운동 회복을 목표로 한 탐색적 연구가 보고되었다.
Stroke,strict,sildenafil,sildenafil,중단,preclinical,low,PDE5 억제를 통해 cGMP 신호를 증가시켜 혈류와 신경가소성을 개선할 수 있다.,허혈성 뇌손상 모델과 일부 임상 탐색에서 회복 촉진 가능성이 제시되었다.
Stroke,strict,pioglitazone,pioglitazone,미지,clinical,low,PPAR-γ 활성화를 통해 항염증 및 대사 조절 효과를 낼 수 있다.,"혈관 위험 인자 조절과 뇌졸중 재발 예방을 겨냥한 임상 연구가 있었고, 전임상에서 신경염증 억제 효과가 보고되었다."
Stroke,strict,propranolol,propranolol,미지,mechanistic,low,교감신경 억제를 통해 스트레스 반응과 혈역학적 부담을 줄일 수 있다.,뇌졸중 후 재활 및 정서 반응 조절을 포함한 제한적 임상 탐색이 있었으나 직접적 뇌졸중 치료 근거는 약하다.
Stroke,strict,warfarin,warfarin,중단,clinical,low,비타민 K 의존성 응고인자 억제로 심인성 색전 위험을 낮출 수 있다.,"비판막성 심방세동 등 뇌졸중 고위험 상태에서 예방 효과가 확립되어 있으나, 이는 표준 예방치료에 가깝다."
Traumatic Brain Injury,strict,amantadine,amantadine,미지,clinical,high,도파민성 신경전달을 증강하고 NMDA 수용체를 길항해 외상 후 각성 및 인지 회복을 촉진할 수 있다.,중증 외상성 뇌손상 환자에서 각성 회복을 평가한 Giacino et al.의 무작위 임상시험에서 회복 촉진 신호가 보고되었다.
Traumatic Brain Injury,strict,propranolol,propranolol,미지,clinical,medium,교감신경 과활성을 억제해 외상 후 과대사 상태와 카테콜아민 매개 2차 손상을 줄일 수 있다.,"외상성 뇌손상 후 교감신경 폭풍과 고대사 조절을 목표로 한 임상 연구와 관찰 연구가 있으며, propranolol이 심박수 및 대사 지표를 낮춘 보고가 있다."
Traumatic Brain Injury,strict,statins,statins,미지,preclinical,medium,항염증 및 내피기능 개선을 통해 혈관성 2차 손상과 신경염증을 완화할 수 있다.,simvastatin과 atorvastatin을 포함한 전임상 외상성 뇌손상 모델에서 부종과 신경학적 손상 감소가 반복 보고되었다.
Traumatic Brain Injury,strict,erythropoietin,erythropoietin,미지,clinical,medium,"항아폽토시스, 항염증 및 신경보호 신호를 통해 손상 후 신경세포 생존을 높일 수 있다.",외상성 뇌손상 환자와 동물모델에서 erythropoietin의 신경보호 효과를 평가한 연구들이 있으나 임상적 유효성은 일관되지 않았다.
Traumatic Brain Injury,strict,minocycline,minocycline,미지,clinical,medium,미세아교세포 활성과 염증성 사이토카인 생성을 억제해 2차 신경염증을 줄일 수 있다.,"외상성 뇌손상 동물모델에서 신경염증과 세포사멸을 줄이는 효과가 반복적으로 보고되었고, 초기 임상 탐색 연구도 있었다."
Traumatic Brain Injury,strict,metformin,metformin,미지,preclinical,medium,AMPK 조절과 항염증 작용을 통해 대사 스트레스와 신경염증을 완화할 수 있다.,"외상성 뇌손상 전임상 모델에서 부종, 세포사멸, 인지저하를 줄였다는 보고가 있으며 재창출 후보로 자주 연구된다."
Traumatic Brain Injury,strict,pioglitazone,pioglitazone,미지,preclinical,medium,PPAR-γ 활성화를 통해 미세아교세포의 염증성 반응을 억제하고 신경보호를 유도할 수 있다.,"외상성 뇌손상 동물모델에서 염증 감소와 기능 회복이 보고되었고, 임상 번역 가능성이 탐색되었다."
Traumatic Brain Injury,strict,memantine,memantine,미지,preclinical,medium,NMDA 수용체 길항을 통해 흥분독성을 줄여 2차 신경손상을 완화할 수 있다.,외상성 뇌손상 전임상 연구에서 흥분독성 억제와 신경보호 효과가 보고되었으나 임상 근거는 제한적이다.
Traumatic Brain Injury,strict,N-acetylcysteine,nacetylcysteine,미지,clinical,medium,글루타티온 전구체로서 산화스트레스를 줄이고 미토콘드리아 손상을 완화할 수 있다.,"군 관련 경미 외상성 뇌손상에서 증상 개선을 평가한 임상 연구가 있으며, 전임상에서도 산화손상 감소가 보고되었다."
Traumatic Brain Injury,strict,fluoxetine,fluoxetine,미지,clinical,low,세로토닌 재흡수를 억제하고 신경가소성과 회복 관련 경로를 촉진할 수 있다.,외상성 뇌손상 후 우울 및 회복을 대상으로 한 임상 연구와 전임상 신경가소성 연구가 존재한다.
Traumatic Brain Injury,strict,donepezil,donepezil,미지,clinical,medium,아세틸콜린 분해를 억제해 외상 후 인지기능 저하를 개선할 수 있다.,외상성 뇌손상 후 기억 및 주의력 장애에 대한 소규모 임상 연구들이 보고되었다.
Traumatic Brain Injury,strict,methylphenidate,methylphenidate,미지,clinical,medium,도파민 및 노르에피네프린 재흡수를 억제해 주의력과 처리속도를 개선할 수 있다.,외상성 뇌손상 후 인지재활 보조를 평가한 임상 연구에서 주의력 개선 신호가 보고되었다.
Traumatic Brain Injury,strict,sertraline,sertraline,미지,clinical,low,세로토닌 재흡수를 억제해 외상 후 우울과 회복 관련 증상을 완화할 수 있다.,"외상성 뇌손상 후 우울증 치료를 평가한 임상 연구가 있으며, 기능 회복에 대한 탐색적 분석이 보고되었다."
Traumatic Brain Injury,strict,levetiracetam,levetiracetam,미지,clinical,low,신경흥분성을 낮춰 발작 위험과 흥분독성 관련 손상을 줄일 수 있다.,외상성 뇌손상에서 발작 예방 및 인지 영향에 대한 임상 연구와 전임상 신경보호 자료가 있다.
Traumatic Brain Injury,strict,deferoxamine,deferoxamine,미지,clinical,low,철 매개 산화스트레스를 줄여 혈액분해산물에 의한 2차 손상을 완화할 수 있다.,"외상성 뇌손상 동물모델에서 철 킬레이션에 의한 신경보호가 보고되었고, 초기 임상 탐색이 이루어졌다."
Pain,strict,duloxetine,duloxetine,미지,clinical,high,세로토닌·노르에피네프린 재흡수를 억제해 하행성 통증 억제 경로를 강화한다.,"당뇨병성 신경병증, 섬유근통, 만성 근골격통 등 여러 통증 상태에서 무작위 임상시험과 메타분석 근거가 축적되어 있다."
Pain,strict,gabapentin,gabapentin,중단,clinical,high,전압개폐성 칼슘채널의 α2δ 소단위에 결합해 흥분성 신경전달물질 방출을 줄인다.,"신경병증성 통증에서 다수의 임상시험과 체계적 문헌고찰이 있으며, 특히 대상포진 후 신경통과 당뇨병성 신경병증에서 사용 경험이 많다."
Pain,strict,pregabalin,pregabalin,중단,clinical,high,전압개폐성 칼슘채널 α2δ 소단위 억제를 통해 통증 신호 전달을 감소시킨다.,"신경병증성 통증과 섬유근통에서 여러 무작위 임상시험이 보고되었고, 통증 강도 감소 효과가 반복 확인되었다."
Pain,strict,amitriptyline,amitriptyline,미지,clinical,high,세로토닌·노르에피네프린 재흡수를 억제하고 하행성 통증 조절을 강화한다.,"신경병증성 통증과 긴장형 두통에서 오래된 임상시험 및 가이드라인 근거가 있으며, 저용량 진통제로 널리 연구되었다."
Pain,strict,venlafaxine,venlafaxine,미지,clinical,medium,세로토닌·노르에피네프린 재흡수를 억제해 통증 억제 회로를 강화한다.,당뇨병성 신경병증과 기타 신경병증성 통증에서 소규모 임상시험과 리뷰가 보고되었다.
Pain,strict,tramadol,tramadol,승인,clinical,high,μ-오피오이드 수용체 작용과 세로토닌·노르에피네프린 재흡수 억제를 통해 진통을 유도한다.,"만성 통증과 신경병증성 통증에서 임상시험 근거가 있으며, 표준 오피오이드보다 약한 진통제로 재창출 후보가 될 수 있다."
Pain,strict,mexiletine,mexiletine,미지,clinical,medium,전압개폐성 나트륨채널을 차단해 말초 신경 과흥분을 억제한다.,통증성 신경병증과 유전성 통증 질환에서 소규모 임상시험 및 관찰연구가 보고되었다.
Pain,strict,lamotrigine,lamotrigine,미지,clinical,medium,전압개폐성 나트륨채널 억제와 글루타메이트 방출 감소로 신경 흥분성을 낮춘다.,중추성 통증과 일부 신경병증성 통증에서 임상시험이 있었으나 결과는 혼재되어 있다.
Pain,strict,topiramate,topiramate,미지,clinical,low,전압개폐성 나트륨채널 억제와 흥분성 신경전달 감소를 통해 통증 신호를 약화시킨다.,"편두통 예방과 일부 신경병증성 통증에서 임상시험이 수행되었고, 통증 영역에서 재창출 가능성이 논의되었다."
Pain,strict,memantine,memantine,미지,clinical,medium,NMDA 수용체 길항을 통해 중추 감작과 통증 증폭을 줄인다.,"복합부위통증증후군, 신경병증성 통증, 수술 후 통증 예방 등에서 임상 및 전임상 연구가 보고되었다."
Pain,strict,ketamine,ketamine,중단,clinical,high,NMDA 수용체 길항으로 중추 감작과 오피오이드 내성을 완화한다.,난치성 신경병증성 통증과 복합부위통증증후군에서 주입 치료 임상연구가 축적되어 있다.
Pain,strict,clonidine,clonidine,승인,clinical,medium,α2-아드레날린 수용체 작용을 통해 교감신경성 통증 전달과 신경 흥분을 억제한다.,"신경차단, 경막외, 국소 제형을 포함해 통증 조절에 대한 임상 근거가 있으며 신경병증성 통증에서 연구되었다."
Pain,strict,dextromethorphan,dextromethorphan,미지,clinical,medium,NMDA 수용체 길항과 신경흥분 억제를 통해 통증 과민을 감소시킨다.,신경병증성 통증과 오피오이드 유발 통각과민에서 소규모 임상시험과 전임상 근거가 있다.
Pain,strict,naltrexone,naltrexone,승인,clinical,medium,저용량에서 미세아교세포 활성과 신경염증을 억제해 통증 민감화를 낮출 수 있다.,저용량 날트렉손이 섬유근통과 일부 만성 통증에서 소규모 임상연구로 보고되었다.
Pain,strict,cannabidiol,cannabidiol,중단,clinical,low,내인성 칸나비노이드 신호와 염증성 통증 경로를 조절해 통증을 완화할 가능성이 있다.,"만성 통증과 신경병증성 통증에서 전임상 근거가 많고, 제한적 임상연구도 보고되었다."
Pain,strict,minocycline,minocycline,미지,preclinical,medium,미세아교세포 활성과 신경염증을 억제해 통증 감작을 줄인다.,신경병증성 통증과 수술 후 통증 모델에서 전임상 근거가 강하며 일부 초기 임상연구가 있다.
Pain,strict,pioglitazone,pioglitazone,미지,preclinical,medium,PPAR-γ 활성화를 통해 염증성 신호와 신경병증성 감작을 억제한다.,"동물 신경병증성 통증 모델에서 반복적으로 진통 효과가 보고되었고, 임상 근거는 제한적이다."
Pain,strict,riluzole,riluzole,미지,clinical,low,글루타메이트 방출 감소와 나트륨채널 억제를 통해 흥분성 전달을 낮춘다.,신경병증성 통증과 복합부위통증증후군에서 전임상 및 소규모 임상연구가 보고되었다.
Pain,strict,thalidomide,thalidomide,미지,clinical,low,TNF-α 관련 염증 신호를 억제해 염증성 통증을 줄일 수 있다.,"암성 통증과 신경병증성 통증에서 제한적 임상 보고가 있으며, 전임상 항통증 근거도 존재한다."
"Dermatitis, Atopic",strict,apremilast,apremilast,미지,clinical,medium,Phosphodiesterase-4 inhibition reduces proinflammatory cytokine production and shifts immune signaling away from Th2/Th17 inflammation.,"Atopic dermatitis has been studied in small clinical reports and early trials with apremilast, with some improvement in eczema severity and pruritus reported."
"Dermatitis, Atopic",strict,dupilumab,dupilumab,승인,clinical,high,"IL-4 receptor alpha blockade inhibits IL-4 and IL-13 signaling, key drivers of type 2 inflammation in atopic dermatitis.","Although approved for atopic dermatitis and therefore not a repurposing candidate for this disease, it is excluded by the request and not listed here."
"Dermatitis, Atopic",strict,tofacitinib,tofacitinib,미지,clinical,medium,JAK inhibition suppresses cytokine signaling involved in type 2 inflammation and itch pathways.,"Topical and systemic tofacitinib have been reported in early studies and case series for atopic dermatitis with clinical improvement, though it is not approved for this indication."
"Dermatitis, Atopic",strict,ruxolitinib,ruxolitinib,미지,clinical,high,JAK1/2 inhibition reduces inflammatory cytokine signaling and pruritus-related pathways.,"Topical ruxolitinib has been evaluated in atopic dermatitis and showed efficacy in clinical studies, supporting repurposing beyond its original approvals."
"Dermatitis, Atopic",strict,baricitinib,baricitinib,승인,clinical,high,JAK1/2 inhibition dampens cytokine-mediated skin inflammation and itch.,"Baricitinib has been studied clinically in atopic dermatitis and showed improvement in disease activity in trials, though it is not the standard approved therapy in many regions."
"Dermatitis, Atopic",strict,abrocitinib,abrocitinib,승인,clinical,high,Selective JAK1 inhibition suppresses type 2 inflammatory signaling and pruritus.,"Abrocitinib has clinical trial evidence in atopic dermatitis, but because it is approved for this disease it should be excluded as a repurposing candidate."
"Dermatitis, Atopic",strict,methotrexate,methotrexate,미지,clinical,high,Antimetabolite and immunomodulator that reduces T-cell proliferation and inflammatory cytokine production.,"Methotrexate has long-standing off-label clinical use and comparative studies in atopic dermatitis, with benefit in some patients."
"Dermatitis, Atopic",strict,cyclosporine,cyclosporine,미지,clinical,high,Calcineurin inhibition suppresses T-cell activation and downstream inflammatory cytokines.,Cyclosporine has extensive clinical evidence in severe atopic dermatitis and is widely used off-label in some settings.
"Dermatitis, Atopic",strict,azathioprine,azathioprine,미지,clinical,high,Purine synthesis inhibition reduces lymphocyte proliferation and skin inflammation.,Azathioprine has been studied clinically for moderate-to-severe atopic dermatitis with steroid-sparing benefit in selected patients.
"Dermatitis, Atopic",strict,mycophenolate mofetil,mycophenolatemofetil,미지,clinical,medium,"Inhibits inosine monophosphate dehydrogenase, limiting lymphocyte proliferation and inflammatory responses.",Mycophenolate mofetil has clinical reports and small studies in refractory atopic dermatitis showing improvement in some patients.
"Dermatitis, Atopic",strict,omalizumab,omalizumab,미지,clinical,medium,Anti-IgE therapy may reduce IgE-mediated allergic inflammation and downstream mast cell activation.,Omalizumab has been tested in atopic dermatitis with mixed results in clinical studies and case series.
"Dermatitis, Atopic",strict,rituximab,rituximab,미지,clinical,low,B-cell depletion may reduce antigen presentation and autoantibody-related immune activation.,"Rituximab has been reported in small clinical experiences for severe atopic dermatitis, but evidence is limited and inconsistent."
"Dermatitis, Atopic",strict,interferon gamma,interferongamma,미지,clinical,medium,Immune deviation toward Th1 responses may counterbalance type 2-skewed inflammation.,Interferon gamma has historical clinical trials in atopic dermatitis with variable efficacy.
"Dermatitis, Atopic",strict,leflunomide,leflunomide,미지,clinical,low,Inhibits pyrimidine synthesis and reduces activated lymphocyte proliferation.,"Leflunomide has limited clinical experience in inflammatory dermatoses including atopic dermatitis, but evidence is sparse."
"Dermatitis, Atopic",strict,dapsone,dapsone,미지,clinical,low,Anti-inflammatory effects through neutrophil and oxidative pathway modulation.,"Dapsone has been reported in small clinical series for pruritic inflammatory skin disease including atopic dermatitis, but evidence is weak."
"Dermatitis, Atopic",strict,naltrexone,naltrexone,중단,clinical,low,Opioid receptor antagonism may reduce itch signaling and neuroimmune amplification.,Low-dose naltrexone has been described in case reports and small studies for chronic pruritus and atopic dermatitis.
"Dermatitis, Atopic",strict,gabapentin,gabapentin,미지,clinical,medium,Neuromodulation of itch pathways via calcium channel subunit binding may reduce pruritus-driven scratching.,Gabapentin has clinical use for chronic pruritus and has been explored as an adjunct in atopic dermatitis-related itch.
"Dermatitis, Atopic",strict,montelukast,montelukast,미지,clinical,low,Leukotriene receptor antagonism may reduce inflammatory mediator-driven skin symptoms.,Montelukast has been studied clinically in atopic dermatitis with inconsistent and generally modest benefit.
"Dermatitis, Atopic",strict,statins,statins,미지,preclinical,low,Immunomodulatory effects may reduce inflammatory cytokine signaling and barrier-related inflammation.,"Several statins have preclinical and limited clinical observations suggesting benefit in atopic dermatitis, but evidence is not robust enough for a specific agent here."
Heart Failure,strict,Vericiguat,vericiguat,승인,clinical,high,Soluble guanylate cyclase를 활성화해 cGMP 신호를 증가시키고 혈관 이완 및 심근/혈관 리모델링을 완화할 것으로 본다.,"HFrEF 환자에서 VICTORIA trial로 임상적 유익이 확인된 약물이지만, 다른 적응증에서 승인된 약물로서 재창출 후보로도 자주 거론된다."
Heart Failure,strict,Ivabradine,ivabradine,승인,clinical,high,If current를 억제해 심박수를 낮추고 심근 산소소모와 신경호르몬 활성화를 줄일 것으로 본다.,"SHIFT trial에서 HFrEF에서의 사건 감소가 확인되었고, 원래 협심증 치료제로 승인된 약물이다."
Heart Failure,strict,Hydralazine,hydralazine,승인,clinical,high,"동맥 확장을 통해 후부하를 낮추고, nitric oxide 관련 혈관 기능 이상을 일부 보완할 것으로 본다.","A-HeFT 및 V-HeFT 연구에서 심부전 환자에서의 임상적 이득이 보고되었으며, 본래 항고혈압제로 승인된 약물이다."
Heart Failure,strict,Isosorbide dinitrate,isosorbidedinitrate,승인,clinical,high,Nitric oxide donor로서 전부하를 낮추고 혈관 내피 기능 및 혈류역학을 개선할 것으로 본다.,"Hydralazine과의 병용이 A-HeFT에서 HFrEF 환자 예후 개선과 연관되었고, 원래 협심증 치료제로 승인된 약물이다."
Heart Failure,strict,Metformin,metformin,미지,clinical,medium,AMPK 활성화와 대사 스트레스 완화를 통해 심근 에너지 효율과 염증을 개선할 가능성이 있다.,"당뇨병 동반 심부전에서 관찰연구와 전임상 자료가 축적되어 있으며, 원래 제2형 당뇨병 치료제로 승인된 약물이다."
Heart Failure,strict,Empagliflozin,empagliflozin,승인,clinical,high,"SGLT2 억제를 통해 나트륨-포도당 재흡수 감소, 이뇨/나트륨배설 증가, 심장-신장 축을 개선할 것으로 본다.","EMPEROR-Reduced와 EMPEROR-Preserved에서 심부전 예후 개선이 확인되었고, 원래 당뇨병 치료제로 승인된 약물이다."
Heart Failure,strict,Dapagliflozin,dapagliflozin,승인,clinical,high,SGLT2 억제를 통해 체액 과부하와 심장-신장 스트레스를 줄이고 심부전 사건을 감소시킬 것으로 본다.,"DAPA-HF와 DELIVER에서 HFrEF/HFpEF 모두에서 임상적 유익이 보고되었고, 원래 당뇨병 치료제로 승인된 약물이다."
Heart Failure,strict,Sitagliptin,sitagliptin,미지,mechanistic,low,DPP-4 억제를 통해 incretin 신호를 증가시키고 대사·염증 경로를 조절할 가능성이 있다.,"심부전에서의 직접적 유익은 제한적이지만, DPP-4 억제제 계열의 전임상/임상 자료가 있으며 원래 제2형 당뇨병 치료제로 승인된 약물이다."
Heart Failure,strict,Colchicine,colchicine,중단,preclinical,low,NLRP3 inflammasome 및 미세소관 기능을 억제해 염증성 심근 리모델링을 줄일 가능성이 있다.,"심혈관 염증 억제 근거가 강하고 심부전에서의 전임상/관찰 연구가 있으나, 직접적인 대규모 심부전 임상근거는 제한적이다."
Heart Failure,strict,Allopurinol,allopurinol,미지,clinical,medium,Xanthine oxidase 억제를 통해 산화스트레스를 낮추고 심근 에너지 효율을 개선할 가능성이 있다.,"심부전에서 산화스트레스 감소를 목표로 한 소규모 임상 및 전임상 연구가 있으며, 원래 고요산혈증/통풍 치료제로 승인된 약물이다."
Heart Failure,strict,Ranolazine,ranolazine,중단,clinical,medium,Late sodium current를 억제해 세포내 칼슘 과부하를 줄이고 이완기 기능을 개선할 가능성이 있다.,"심부전 및 허혈성 심근병증에서 소규모 임상과 전임상 자료가 보고되었고, 원래 협심증 치료제로 승인된 약물이다."
Heart Failure,strict,Spironolactone,spironolactone,승인,clinical,high,Mineralocorticoid receptor를 차단해 섬유화와 나트륨 저류를 줄일 것으로 본다.,"RALES 등으로 심부전 표준치료에 포함되므로 재창출 후보에서 제외해야 하지만, 다른 적응증 승인 약물이라는 점에서 형식상 후보로는 알려져 있다."
Melanoma,strict,propranolol,propranolol,미지,clinical,medium,"β-adrenergic signaling을 억제해 melanoma 세포 증식, 혈관신생, 스트레스-유도 침윤을 낮출 수 있다.","절제 후 고위험 melanoma에서 propranolol의 재발 억제 가능성을 본 소규모 임상 연구와, melanoma 세포/동물모델에서 항종양 효과를 보인 전임상 연구들이 있다."
Melanoma,strict,metformin,metformin,효능실패,clinical,medium,AMPK 활성화와 mTOR 억제를 통해 melanoma 세포의 대사와 증식을 저해할 수 있다.,"melanoma 환자 코호트에서 예후 연관성이 보고되었고, BRAF 변이 melanoma 모델에서 증식 억제 및 치료 민감도 증가를 보인 전임상 연구들이 있다."
Melanoma,strict,chloroquine,chloroquine,미지,preclinical,medium,lysosome 기능과 autophagy를 억제해 melanoma 세포의 스트레스 적응과 치료 저항성을 약화시킬 수 있다.,"melanoma 전임상 모델에서 autophagy 억제를 통한 항종양 효과가 반복적으로 보고되었고, 임상적으로도 병용 전략이 탐색되었다."
Melanoma,strict,disulfiram,disulfiram,미지,preclinical,medium,ALDH 억제 및 proteostasis 교란을 통해 melanoma 세포 생존을 저해할 수 있다.,melanoma 세포주와 동물모델에서 구리와의 조합을 포함한 항종양 효과가 보고된 전임상 근거가 있다.
Melanoma,strict,itraconazole,itraconazole,미지,preclinical,low,Hedgehog 및 angiogenesis 관련 신호를 억제하고 종양 미세환경을 변화시켜 melanoma 성장을 저해할 수 있다.,"melanoma 전임상 모델에서 증식 억제와 혈관신생 감소가 보고되었고, 다른 암종에서의 재창출 경험이 있다."
Melanoma,strict,celecoxib,celecoxib,미지,preclinical,medium,COX-2 억제를 통해 PGE2 매개 면역억제와 종양 촉진 신호를 줄일 수 있다.,"melanoma 조직에서 COX-2 발현과 예후 연관성이 보고되었고, 세포 및 동물모델에서 항종양 효과가 관찰된 전임상 연구가 있다."
Melanoma,strict,doxycycline,doxycycline,미지,preclinical,low,matrix metalloproteinase와 미토콘드리아 기능을 교란해 melanoma 침윤과 생존을 저해할 수 있다.,"melanoma 세포주에서 증식 및 침윤 억제가 보고된 전임상 연구가 있으며, 항암 재창출 후보로 반복적으로 검토되었다."
Melanoma,strict,mebendazole,mebendazole,미지,preclinical,medium,tubulin 중합을 억제해 세포분열을 차단하고 melanoma 세포 사멸을 유도할 수 있다.,melanoma 전임상 모델에서 미세소관 교란에 따른 항종양 효과가 보고되었다.
Melanoma,strict,fenofibrate,fenofibrate,미지,preclinical,low,PPARα 조절과 대사 재편성을 통해 melanoma 세포의 성장과 생존을 억제할 수 있다.,melanoma 세포주에서 증식 억제와 apoptosis 유도가 보고된 전임상 연구가 있다.
Melanoma,strict,simvastatin,simvastatin,미지,preclinical,medium,mevalonate pathway 억제를 통해 RAS/RHO 관련 신호와 세포막 단백질 prenylation을 저해할 수 있다.,melanoma 세포 및 동물모델에서 성장 억제와 침윤 감소가 보고된 전임상 근거가 있다.
Melanoma,strict,tamoxifen,tamoxifen,미지,clinical,low,PKC 및 estrogen-related signaling을 교란해 melanoma 세포 생존을 저해할 수 있다.,melanoma에서 단독 또는 병용 항종양 효과를 평가한 오래된 임상 및 전임상 연구들이 있으나 일관성은 제한적이다.
Melanoma,strict,valproic acid,valproicacid,중단,preclinical,medium,"HDAC 억제를 통해 melanoma 세포의 분화, apoptosis, 면역원성을 증가시킬 수 있다.","melanoma 세포주와 동물모델에서 항종양 효과가 보고되었고, 임상 병용 탐색도 이루어졌다."
Melanoma,strict,azithromycin,azithromycin,미지,preclinical,low,autophagy와 미토콘드리아 기능을 교란해 melanoma 세포 생존을 약화시킬 수 있다.,melanoma 전임상 모델에서 autophagy 억제 및 세포사멸 유도가 보고된 연구가 있다.
Melanoma,strict,sertraline,sertraline,미지,preclinical,low,lysosomal stress와 미토콘드리아 기능 장애를 유도해 melanoma 세포 사멸을 촉진할 수 있다.,melanoma 세포주에서 항증식 효과를 보인 전임상 보고가 있으나 임상 근거는 제한적이다.
Melanoma,strict,clomipramine,clomipramine,미지,preclinical,low,autophagy와 미토콘드리아 항상성을 교란해 melanoma 세포 생존을 저해할 수 있다.,melanoma 전임상 모델에서 세포사멸 유도와 성장 억제가 보고되었다.
Systemic Lupus Erythematosus,strict,belimumab,belimumab,승인,clinical,high,BAFF를 억제해 자가반응성 B 세포의 생존과 항체 생성을 감소시킨다.,전신홍반루푸스에서 이미 임상적으로 유효성이 입증되어 승인된 약물이다.
Systemic Lupus Erythematosus,strict,anifrolumab,anifrolumab,미지,clinical,high,type I interferon receptor를 차단해 인터페론 신호전달과 염증성 면역활성을 낮춘다.,전신홍반루푸스에서 임상시험 TULIP-1과 TULIP-2를 통해 유효성이 확인되어 승인된 약물이다.
Systemic Lupus Erythematosus,strict,rituximab,rituximab,미지,clinical,medium,CD20 양성 B 세포를 고갈시켜 자가항체 생성과 B 세포 매개 면역반응을 줄인다.,"전신홍반루푸스에서 무작위 임상시험 결과는 엇갈렸지만, 난치성 질환에서 여러 관찰연구와 전임상 근거가 있어 재창출 후보로 자주 검토된다."
Systemic Lupus Erythematosus,strict,abatacept,abatacept,미지,clinical,medium,CD80/CD86와 결합해 T 세포 공동자극을 억제함으로써 자가면역 활성화를 낮춘다.,"전신홍반루푸스에서 임상시험이 수행되었고, 특히 루푸스 신염 및 관절 증상에서 재창출 후보로 연구된 바 있다."
Systemic Lupus Erythematosus,strict,tocilizumab,tocilizumab,미지,clinical,medium,IL-6 수용체를 차단해 B 세포 활성화와 염증성 사이토카인 반응을 억제한다.,"전신홍반루푸스에서 소규모 임상연구가 보고되었고, 염증 및 혈액학적 이상에 대한 재창출 가능성이 논의되어 왔다."
Systemic Lupus Erythematosus,strict,ustekinumab,ustekinumab,미지,clinical,medium,IL-12/23 경로를 차단해 Th1/Th17 매개 염증을 감소시킨다.,"전신홍반루푸스에서 임상시험이 진행되었고, 초기 연구에서 면역활성 감소 신호가 관찰되어 재창출 후보로 검토되었다."
Systemic Lupus Erythematosus,strict,baricitinib,baricitinib,미지,clinical,medium,JAK1/2를 억제해 여러 염증성 사이토카인 신호와 type I interferon 관련 경로를 낮춘다.,"전신홍반루푸스에서 임상시험이 수행되었고, 특히 피부 및 전신 질환 활성에 대한 재창출 근거가 축적되어 있다."
Systemic Lupus Erythematosus,strict,filgotinib,filgotinib,미지,clinical,low,JAK1을 선택적으로 억제해 인터페론 및 염증성 사이토카인 신호를 감소시킨다.,"전신홍반루푸스에서 초기 임상 개발이 보고되었고, JAK 억제 전략의 일환으로 재창출 가능성이 탐색되었다."
Systemic Lupus Erythematosus,strict,lenalidomide,lenalidomide,미지,clinical,medium,면역조절과 함께 TNF-α 및 T 세포 기능을 조절해 자가면역 염증을 완화할 수 있다.,난치성 피부 루푸스와 일부 전신홍반루푸스 증례 및 소규모 연구에서 반응이 보고되어 재창출 후보로 거론된다.
Systemic Lupus Erythematosus,strict,hydroxychloroquine,hydroxychloroquine,승인,clinical,high,리소좀 pH와 TLR 신호를 조절해 항원제시와 type I interferon 유도를 억제한다.,전신홍반루푸스의 표준치료이므로 재창출 후보에서 제외해야 한다.
Type 2 Diabetes Mellitus,strict,pioglitazone,pioglitazone,승인,clinical,high,"PPAR-γ agonism improves insulin sensitivity in adipose tissue, muscle, and liver.","Type 2 diabetes has been studied in clinical trials and meta-analyses for glycemic improvement and insulin resistance, with established off-label repurposing rationale from its insulin-sensitizing effects."
Type 2 Diabetes Mellitus,strict,metformin,metformin,승인,clinical,high,"Activates AMPK-related pathways and reduces hepatic gluconeogenesis, improving insulin sensitivity.","Although widely used for type 2 diabetes, it has also been investigated in other metabolic and inflammatory contexts; however, it is already an approved standard therapy for this disease, so it is not a valid repurposing candidate here."
Lung Cancer,strict,metformin,metformin,중단,clinical,medium,AMPK 활성화와 mTOR 신호 억제를 통해 종양세포 증식과 대사 적응을 저해할 것으로 본다.,"비소세포폐암에서 관찰연구와 소규모 임상연구가 있었고, 전임상에서 항증식 효과가 반복적으로 보고되었다."
Lung Cancer,strict,propranolol,propranolol,미지,preclinical,medium,"β-아드레날린 신호를 차단해 스트레스 매개 종양 성장, 혈관신생, 전이를 억제할 것으로 본다.","폐암 전임상 모델에서 종양 성장 억제가 보고되었고, 수술 전후 보조요법으로의 탐색적 임상 근거가 있다."
Lung Cancer,strict,disulfiram,disulfiram,미지,preclinical,medium,ALDH 억제와 함께 proteasome 및 NF-kB 관련 생존 신호를 교란해 종양세포 사멸을 유도할 것으로 본다.,비소세포폐암 전임상에서 cisplatin 등과의 병용 시 항종양 효과가 보고되었다.
Lung Cancer,strict,chloroquine,chloroquine,미지,preclinical,medium,자가포식 억제를 통해 스트레스 적응과 치료저항성을 약화시킬 것으로 본다.,폐암 세포주와 동물모델에서 항암제 또는 방사선과 병용 시 감수성 증가가 보고되었다.
Lung Cancer,strict,itraconazole,itraconazole,미지,clinical,medium,Hedgehog 및 angiogenesis 관련 신호를 억제하고 종양 미세환경을 교란할 것으로 본다.,"비소세포폐암에서 전임상 근거가 있고, 임상적으로는 진행성 폐암에서 탐색적 연구가 수행되었다."
Lung Cancer,strict,celecoxib,celecoxib,중단,preclinical,medium,COX-2 억제를 통해 염증성 종양 촉진 신호와 혈관신생을 줄일 것으로 본다.,"폐암 전임상에서 성장 억제가 보고되었고, 일부 임상 연구에서 화학요법 병용 가능성이 탐색되었다."
Lung Cancer,strict,statins,statins,미지,clinical,low,HMG-CoA reductase 억제를 통해 mevalonate 경로와 세포 증식 신호를 약화시킬 것으로 본다.,"폐암에서 관찰연구와 전임상 근거가 있으며, 특히 비소세포폐암에서 보조적 효과 가능성이 반복 제기되었다."
Lung Cancer,strict,doxycycline,doxycycline,미지,preclinical,low,미토콘드리아 기능과 MMP 관련 종양 침윤을 억제해 암줄기세포 특성을 약화시킬 것으로 본다.,폐암 세포주와 동물모델에서 항종양 및 항침윤 효과가 보고되었다.
Lung Cancer,strict,valproic acid,valproicacid,미지,clinical,low,HDAC 억제를 통해 분화 유도와 종양억제 유전자 발현을 회복시킬 것으로 본다.,"비소세포폐암에서 전임상 근거가 있고, 소규모 임상에서 병용요법이 탐색되었다."
Lung Cancer,strict,mebendazole,mebendazole,미지,preclinical,medium,미세소관 기능을 교란하고 종양세포 분열을 억제할 것으로 본다.,"폐암 전임상 모델에서 성장 억제가 보고되었고, 재창출 후보로 여러 연구에서 검토되었다."
Lung Cancer,strict,cimetidine,cimetidine,미지,mechanistic,low,면역조절과 세포부착 억제를 통해 전이 및 종양 진행을 줄일 것으로 본다.,"폐암에서 직접적 근거는 제한적이지만, 전임상 및 일부 임상 관찰에서 항종양 가능성이 보고되었다."
Lung Cancer,strict,digoxin,digoxin,미지,preclinical,low,Na+/K+-ATPase 억제를 통해 HIF-1α 관련 저산소 적응과 종양 생존을 저해할 것으로 본다.,"폐암 세포주에서 증식 억제가 보고되었고, 재창출 후보로 전임상 검토가 이루어졌다."
Lung Cancer,strict,spironolactone,spironolactone,미지,preclinical,low,미네랄코르티코이드 수용체 차단 및 관련 생존 신호 억제를 통해 종양 성장을 저해할 것으로 본다.,폐암 전임상에서 항증식 효과가 보고되었으나 임상 근거는 제한적이다.
Lung Cancer,strict,niclosamide,niclosamide,미지,preclinical,medium,"Wnt/β-catenin, STAT3, NF-kB 등 다중 종양 신호를 억제할 것으로 본다.",비소세포폐암 전임상에서 강한 항종양 활성이 반복 보고되었다.
Lung Cancer,strict,fenofibrate,fenofibrate,미지,preclinical,low,PPARα 활성화를 통해 지질대사 의존성을 교란하고 증식을 억제할 것으로 본다.,폐암 세포 및 동물모델에서 항증식 효과가 보고되었다.
Lung Cancer,strict,hydroxychloroquine,hydroxychloroquine,미지,clinical,low,자가포식 억제를 통해 치료저항성과 생존 적응을 약화시킬 것으로 본다.,"폐암에서 전임상 근거가 있으며, 일부 병용 임상 연구가 수행되었다."
Lung Cancer,strict,all-trans retinoic acid,alltransretinoicacid,미지,preclinical,low,분화 유도와 암줄기세포성 억제를 통해 종양 진행을 억제할 것으로 본다.,"폐암 전임상에서 분화 유도 효과가 보고되었고, 임상적으로는 보조적 탐색이 있었다."
Lung Cancer,strict,tamoxifen,tamoxifen,미지,preclinical,low,비정형적으로 PKC 및 성장신호를 조절해 일부 폐암 세포의 증식을 억제할 것으로 본다.,폐암 세포주에서 항증식 효과가 보고되었으나 임상 근거는 약하다.
Lung Cancer,strict,azithromycin,azithromycin,미지,mechanistic,low,자가포식 및 염증성 신호를 조절해 종양 미세환경을 변화시킬 것으로 본다.,폐암 직접 근거는 제한적이지만 전임상에서 항종양 보조 가능성이 보고되었다.
Hypertension,strict,spironolactone,spironolactone,미지,clinical,high,Mineralocorticoid receptor antagonism reduces aldosterone-mediated sodium retention and vascular remodeling.,Resistant hypertension trials such as PATHWAY-2 showed substantial blood pressure lowering with spironolactone as add-on therapy.
Hypertension,strict,eplerenone,eplerenone,미지,clinical,medium,Selective mineralocorticoid receptor antagonism lowers aldosterone-driven volume expansion and vascular effects.,"It has been studied in hypertension and resistant hypertension, with blood pressure reduction shown in clinical trials."
Hypertension,strict,amiloride,amiloride,미지,clinical,medium,Epithelial sodium channel blockade promotes natriuresis and lowers intravascular volume.,"Clinical studies in low-renin or resistant hypertension have shown blood pressure lowering, including comparisons with spironolactone in resistant hypertension contexts."
Hypertension,strict,minoxidil,minoxidil,미지,clinical,high,ATP-sensitive potassium channel opening causes arteriolar vasodilation and reduces peripheral resistance.,It is an established antihypertensive in refractory hypertension and has been used clinically when standard agents fail.
Hypertension,strict,hydralazine,hydralazine,미지,clinical,high,Direct arteriolar vasodilation reduces systemic vascular resistance.,"It is used clinically for severe or refractory hypertension, including pregnancy-related hypertension and resistant cases."
Hypertension,strict,clonidine,clonidine,미지,clinical,high,Central alpha-2 adrenergic agonism reduces sympathetic outflow and lowers blood pressure.,It has long-standing clinical use in hypertension and has been explored as an add-on option in resistant hypertension.
Hypertension,strict,guanfacine,guanfacine,미지,clinical,medium,Central alpha-2 adrenergic agonism decreases sympathetic tone and peripheral vascular resistance.,"Older clinical studies demonstrated antihypertensive efficacy, supporting repurposing in difficult-to-control hypertension."
Hypertension,strict,methyldopa,methyldopa,미지,clinical,high,Central alpha-2 adrenergic agonism via conversion to an active metabolite reduces sympathetic outflow.,"It has proven clinical efficacy in hypertension, especially in pregnancy, and can be considered for repurposing in selected settings."
Hypertension,strict,prazosin,prazosin,미지,clinical,medium,Alpha-1 adrenergic blockade causes vasodilation and lowers peripheral resistance.,"Clinical antihypertensive effects were shown in older hypertension studies, though it is not first-line today."
Hypertension,strict,doxazosin,doxazosin,미지,clinical,medium,Alpha-1 adrenergic blockade reduces vascular tone and blood pressure.,It has been evaluated in hypertension and may be useful in patients with concomitant benign prostatic hyperplasia; ALLHAT documented antihypertensive activity.
Hypertension,strict,propranolol,propranolol,미지,clinical,high,Nonselective beta-adrenergic blockade lowers cardiac output and renin release.,It has established clinical antihypertensive efficacy and is a classic repurposable beta-blocker for blood pressure control.
Hypertension,strict,carvedilol,carvedilol,중단,clinical,high,Combined beta-adrenergic and alpha-1 adrenergic blockade lowers cardiac output and peripheral resistance.,"Clinical use in hypertension and heart failure supports its blood pressure-lowering effect, with added vasodilatory action."
Hypertension,strict,nebivolol,nebivolol,미지,clinical,medium,Beta-1 adrenergic blockade with nitric oxide-mediated vasodilation lowers blood pressure.,"Clinical trials in hypertension have shown efficacy, and its vasodilatory profile makes it a plausible repurposing candidate."
Hypertension,strict,verapamil,verapamil,미지,clinical,high,L-type calcium channel blockade reduces vascular smooth muscle contraction and peripheral resistance.,It is an established antihypertensive calcium channel blocker with extensive clinical evidence.
Hypertension,strict,diltiazem,diltiazem,미지,clinical,high,L-type calcium channel blockade decreases vascular tone and blood pressure.,It has documented antihypertensive activity in clinical use and trials.
Hypertension,strict,candesartan,candesartan,미지,clinical,high,Angiotensin II type 1 receptor blockade reduces vasoconstriction and aldosterone signaling.,"Although approved for hypertension, it has also been studied in other vascular and renal contexts; however, it is standard antihypertensive therapy and thus not a repurposing candidate for this disease."
Multiple Sclerosis,strict,ibudilast,ibudilast,미지,clinical,high,Phosphodiesterase inhibition and suppression of pro-inflammatory microglial activation may reduce neuroinflammation and neurodegeneration in multiple sclerosis.,"The phase 2 SPRINT-MS trial in progressive multiple sclerosis suggested slower brain atrophy versus placebo, supporting repurposing interest."
Multiple Sclerosis,strict,simvastatin,simvastatin,중단,clinical,high,HMG-CoA reductase inhibition may exert immunomodulatory and anti-inflammatory effects that could attenuate disease activity in multiple sclerosis.,The MS-STAT phase 2 trial in secondary progressive multiple sclerosis showed reduced brain atrophy and signals of clinical benefit.
Multiple Sclerosis,strict,metformin,metformin,미지,preclinical,medium,AMPK activation and downstream metabolic reprogramming may promote remyelination and reduce inflammatory signaling in multiple sclerosis.,"Preclinical studies in demyelination models reported enhanced oligodendrocyte differentiation and remyelination, making it a plausible repurposing candidate."
Multiple Sclerosis,strict,clemastine,clemastine,효능실패,clinical,high,Antihistamine-mediated muscarinic receptor antagonism can promote oligodendrocyte differentiation and remyelination.,"The ReBUILD trial in multiple sclerosis reported improvement in visual evoked potential latency, consistent with remyelination activity."
Multiple Sclerosis,strict,fluoxetine,fluoxetine,미지,preclinical,medium,Serotonergic modulation and possible promotion of oligodendrocyte maturation may support remyelination and neuroprotection.,"Preclinical demyelination studies have shown pro-remyelinating effects, although clinical evidence in multiple sclerosis remains limited."
Multiple Sclerosis,strict,minocycline,minocycline,중단,clinical,high,Microglial inhibition and anti-inflammatory effects may reduce early inflammatory activity in multiple sclerosis.,The phase 2 trial in clinically isolated syndrome suggested delayed conversion to definite multiple sclerosis.
Multiple Sclerosis,strict,naltrexone,naltrexone,미지,clinical,low,Low-dose opioid receptor antagonism is hypothesized to modulate immune signaling and reduce inflammatory symptoms in multiple sclerosis.,"Small pilot studies of low-dose naltrexone in multiple sclerosis reported symptom improvement, but robust disease-modifying evidence is lacking."
Multiple Sclerosis,strict,rituximab,rituximab,중단,clinical,high,CD20-positive B-cell depletion may reduce pathogenic B-cell-mediated immune activity in multiple sclerosis.,"Although not approved for multiple sclerosis, multiple studies including the HERMES trial in relapsing-remitting disease showed strong anti-inflammatory efficacy."
Multiple Sclerosis,strict,ocrelizumab,ocrelizumab,승인,speculative,low,CD20-positive B-cell depletion may suppress pathogenic humoral and antigen-presenting B-cell functions in multiple sclerosis.,"It is approved for multiple sclerosis, so it is excluded as a repurposing candidate."
"Lymphoma, Non-Hodgkin",strict,thalidomide,thalidomide,중단,clinical,high,NF-κB 억제와 면역조절을 통해 림프종 세포 생존 신호와 종양미세환경을 약화시킬 것으로 본다.,"재발성/불응성 비호지킨 림프종, 특히 mantle cell lymphoma와 일부 indolent lymphoma에서 임상 연구가 보고되었다."
"Lymphoma, Non-Hodgkin",strict,lenalidomide,lenalidomide,미지,clinical,high,"면역조절과 종양미세환경 조절, 그리고 일부 B세포 림프종에서 직접적인 항증식 효과를 통해 작용한다.","follicular lymphoma, mantle cell lymphoma, diffuse large B-cell lymphoma에서 여러 임상시험과 승인 근거가 축적되어 있다."
"Lymphoma, Non-Hodgkin",strict,bortezomib,bortezomib,미지,clinical,high,proteasome 억제를 통해 NF-κB 신호와 단백질 항상성을 교란하여 림프종 세포 사멸을 유도한다.,mantle cell lymphoma와 일부 재발성 비호지킨 림프종에서 임상시험 근거가 있다.
"Lymphoma, Non-Hodgkin",strict,rituximab,rituximab,미지,clinical,high,CD20 표적 항체로 B세포를 제거하여 B세포성 림프종의 종양부담을 낮춘다.,"비호지킨 림프종 전반에서 표준치료로 확립되어 있으나, 재창출 후보로는 이미 승인 적응증이 넓어 제외 대상이 될 수 있어 여기서는 참고 수준의 근거만 있다."
"Lymphoma, Non-Hodgkin",strict,metformin,metformin,미지,preclinical,medium,AMPK 활성화와 mTOR 억제를 통해 림프종 세포의 대사와 증식을 억제할 수 있다.,전임상에서 B세포 림프종 및 일부 비호지킨 림프종 모델에서 항종양 효과가 보고되었다.
"Lymphoma, Non-Hodgkin",strict,disulfiram,disulfiram,미지,preclinical,medium,proteasome 및 ALDH 관련 경로를 교란하고 산화스트레스를 증가시켜 림프종 세포 사멸을 유도할 수 있다.,비호지킨 림프종 세포주와 동물모델에서 항종양 활성이 보고된 전임상 근거가 있다.
"Lymphoma, Non-Hodgkin",strict,chloroquine,chloroquine,미지,preclinical,medium,autophagy 억제를 통해 스트레스 적응을 차단하고 림프종 세포의 약물감수성을 높일 수 있다.,비호지킨 림프종 전임상 모델에서 autophagy 억제 기반의 항종양 효과가 보고되었다.
"Lymphoma, Non-Hodgkin",strict,hydroxychloroquine,hydroxychloroquine,미지,preclinical,medium,lysosome 기능과 autophagy를 억제하여 림프종 세포 생존을 방해할 수 있다.,비호지킨 림프종에서 autophagy 억제 전략으로 전임상 및 초기 임상 탐색이 이루어졌다.
"Lymphoma, Non-Hodgkin",strict,sirolimus,sirolimus,미지,preclinical,medium,mTOR 억제를 통해 림프종 세포 성장과 대사 신호를 차단한다.,"림프종, 특히 일부 B세포 림프종 모델에서 mTOR 억제 기반 전임상 근거가 있다."
"Lymphoma, Non-Hodgkin",strict,everolimus,everolimus,미지,clinical,high,mTOR 억제를 통해 세포주기 진행과 단백질 합성을 저해한다.,재발성/불응성 비호지킨 림프종에서 임상시험이 수행되었고 항종양 활성이 관찰되었다.
"Lymphoma, Non-Hodgkin",strict,vorinostat,vorinostat,미지,clinical,medium,histone deacetylase 억제를 통해 종양 억제 유전자 발현을 회복시키고 세포사멸을 유도한다.,"cutaneous T-cell lymphoma가 대표적이지만, 비호지킨 림프종의 일부 아형에서 임상 탐색이 보고되었다."
"Lymphoma, Non-Hodgkin",strict,romidepsin,romidepsin,미지,clinical,medium,histone deacetylase 억제를 통해 림프종 세포의 전사 프로그램과 생존 신호를 교란한다.,"peripheral T-cell lymphoma에서 확립되었고, 다른 비호지킨 림프종 아형에서도 임상 탐색이 이루어졌다."
"Lymphoma, Non-Hodgkin",strict,dasatinib,dasatinib,미지,clinical,medium,SRC/ABL 계열 kinase 억제를 통해 BCR 및 생존 신호를 약화시킬 수 있다.,mantle cell lymphoma와 일부 B세포 비호지킨 림프종에서 전임상 및 초기 임상 근거가 보고되었다.
"Lymphoma, Non-Hodgkin",strict,ibrutinib,ibrutinib,효능실패,clinical,high,BTK 억제를 통해 B세포 수용체 신호를 차단하여 림프종 세포 생존을 억제한다.,"mantle cell lymphoma와 일부 비호지킨 림프종에서 이미 승인된 약물이므로 재창출 후보에서 제외하는 것이 원칙이지만, 기전상 근거는 매우 강하다."
Cystic Fibrosis,strict,ibuprofen,ibuprofen,미지,clinical,high,CFTR 기능 저하와 연관된 호중구성 염증 반응을 줄여 폐 염증과 악화를 완화할 가능성이 있다.,낭성섬유증에서 고용량 ibuprofen의 폐기능 저하 속도 감소를 평가한 임상시험과 장기 추적 연구가 알려져 있다.
Cystic Fibrosis,strict,azithromycin,azithromycin,미지,clinical,high,항염증 및 면역조절 작용으로 기도 염증과 감염 악화를 줄일 가능성이 있다.,낭성섬유증 환자에서 만성 azithromycin 투여가 폐기능과 악화 빈도를 개선한 임상시험들이 보고되었다.
Cystic Fibrosis,strict,dornase alfa,dornasealfa,승인,clinical,high,기도 점액의 세포외 DNA를 분해해 점도를 낮추고 점액 배출을 개선한다.,"낭성섬유증에서 객담 점도 감소와 폐기능 개선을 보인 임상 근거가 확립되어 있으나, 이는 재창출 관점에서는 다른 적응증에서의 재활용 사례로 보기 어렵다."
Alzheimer Disease,strict,memantine,memantine,중단,speculative,low,NMDA receptor antagonism may reduce glutamate-mediated excitotoxicity and synaptic dysfunction in Alzheimer disease.,"Already approved for Alzheimer disease, so it is excluded as a repurposing candidate."
Alzheimer´s Disease,strict,memantine,memantine,중단,speculative,low,NMDA receptor antagonism may reduce glutamate-mediated excitotoxicity and downstream neuronal injury.,"Already approved for Alzheimer disease, so it is excluded as a repurposing candidate."
Osteoarthritis,strict,Duloxetine,duloxetine,미지,clinical,high,중추성 통증 조절을 강화해 골관절염 관련 만성 통증 인식을 낮출 것으로 본다.,무릎 골관절염 통증에서 무작위 임상시험과 메타분석에서 통증 및 기능 개선이 보고되어 재창출 후보로 자주 검토된다.
Osteoarthritis,strict,Methotrexate,methotrexate,미지,clinical,medium,염증성 사이토카인 신호를 억제해 활막염이 동반된 골관절염의 염증과 통증을 줄일 것으로 본다.,"골관절염, 특히 염증성 표현형에서의 효과를 평가한 임상시험들이 있었고, 일부 연구에서 통증 감소 신호가 보고되었다."
Osteoarthritis,strict,Hydroxychloroquine,hydroxychloroquine,미지,clinical,medium,면역조절 및 TLR 신호 억제를 통해 염증성 골관절염 증상을 완화할 가능성이 있다.,무릎 및 손 골관절염에서 여러 무작위 임상시험이 수행되었으나 전반적으로 유의한 이득은 제한적이어서 근거는 약하다.
Osteoarthritis,strict,Colchicine,colchicine,미지,clinical,low,NLRP3 인플라마좀과 호중구 기능을 억제해 관절 내 염증을 줄일 수 있다.,무릎 골관절염에서 통증과 염증을 대상으로 한 소규모 임상연구와 전임상 근거가 있으나 결과는 일관되지 않다.
Osteoarthritis,strict,Minocycline,minocycline,미지,clinical,medium,MMP 억제와 미세아교세포/염증 신호 조절을 통해 연골 분해와 통증을 줄일 수 있다.,"손 골관절염과 무릎 골관절염에서 임상시험이 있었고, 일부에서 통증 및 구조적 지표 개선 가능성이 제시되었다."
Osteoarthritis,strict,Losartan,losartan,미지,preclinical,medium,TGF-beta 신호와 섬유화 경로를 조절해 연골 및 관절 조직의 퇴행을 늦출 가능성이 있다.,"골관절염 전임상 모델에서 연골 보호 효과가 반복적으로 보고되었고, 임상 재창출 가능성이 논의되어 왔다."
Osteoarthritis,strict,Metformin,metformin,미지,preclinical,medium,AMPK 활성화를 통해 연골세포 대사 스트레스와 염증성 분해 경로를 완화할 수 있다.,"골관절염 전임상 모델에서 연골 보호 및 항염 효과가 보고되었고, 관찰연구 기반 임상 신호도 제시되었다."
Osteoarthritis,strict,Simvastatin,simvastatin,미지,preclinical,low,염증 및 MMP 매개 연골 분해를 억제해 골관절염 진행을 늦출 수 있다.,"동물 및 세포 모델에서 연골 보호 효과가 보고되었고, 일부 임상 관찰연구에서 증상 관련 신호가 논의되었다."
Osteoarthritis,strict,Pioglitazone,pioglitazone,미지,preclinical,low,PPAR-gamma 활성화를 통해 염증성 전사 프로그램과 연골 분해를 억제할 수 있다.,골관절염 전임상 모델에서 항염 및 연골 보호 효과가 보고되어 재창출 후보로 검토된다.
Osteoarthritis,strict,Doxycycline,doxycycline,미지,clinical,medium,MMP 억제를 통해 연골 기질 분해를 늦출 수 있다.,"무릎 골관절염에서 구조적 진행을 평가한 임상시험과 전임상 근거가 있으며, 질병수정 가능성이 오래전부터 연구되었다."
Osteoarthritis,strict,N-acetylcysteine,nacetylcysteine,미지,preclinical,low,산화스트레스를 낮추고 염증성 신호를 완화해 연골세포 손상을 줄일 수 있다.,골관절염 세포 및 동물 모델에서 산화스트레스 감소와 연골 보호 효과가 보고되었다.
Osteoarthritis,strict,Sildenafil,sildenafil,미지,preclinical,low,cGMP 신호를 증가시켜 연골 항상성과 항염 반응을 촉진할 수 있다.,골관절염 전임상 모델에서 연골 보호 및 통증 관련 효과가 보고되어 재창출 가능성이 제기되었다.
Osteoarthritis,strict,Rapamycin,rapamycin,미지,preclinical,medium,mTOR 억제를 통해 자가포식과 연골세포 생존을 촉진할 수 있다.,골관절염 전임상 연구에서 연골 퇴행 억제와 질병 진행 완화 신호가 보고되었다.
Osteoarthritis,strict,Resveratrol,resveratrol,미지,preclinical,medium,SIRT1/AMPK 축과 항산화 경로를 통해 연골세포 스트레스와 염증을 줄일 수 있다.,"골관절염 세포 및 동물 모델에서 항염, 항산화, 연골 보호 효과가 반복적으로 보고되었다."
Osteoarthritis,strict,Curcumin,curcumin,미지,clinical,low,NF-kappaB 및 염증성 사이토카인 경로를 억제해 통증과 연골 분해를 줄일 수 있다.,"골관절염 전임상 연구가 풍부하고, 일부 소규모 임상연구에서 증상 개선 신호가 보고되었다."
Osteoarthritis,strict,Cannabidiol,cannabidiol,미지,clinical,low,내인성 칸나비노이드 및 항염 신호를 조절해 통증과 염증을 완화할 수 있다.,골관절염 통증에 대한 초기 임상연구와 전임상 통증 모델 근거가 있으나 아직 확립되지는 않았다.
"Pulmonary Disease, Chronic Obstructive",strict,roflumilast,roflumilast,승인,clinical,high,phosphodiesterase-4 inhibition to reduce airway inflammation and exacerbation-prone chronic bronchitis,"Approved for COPD in some regions and studied in COPD exacerbation reduction trials, so it is not a repurposing candidate for this disease."
Myelofibrosis,strict,thalidomide,thalidomide,미지,clinical,medium,TNF-α 및 염증성 사이토카인 신호를 낮추고 면역조절을 통해 골수섬유화 관련 증상을 완화할 수 있다.,"골수섬유증에서 빈혈과 비장비대 개선을 평가한 초기 임상 연구들이 있었고, 이후 유사 약물인 lenalidomide/pomalidomide 계열의 근거와 함께 면역조절 치료로 검토되어 왔다."
Myelofibrosis,strict,danazol,danazol,미지,clinical,high,안드로겐성 작용을 통해 조혈을 자극하고 빈혈을 개선할 수 있다.,"골수섬유증 관련 빈혈에서 danazol의 반응을 본 임상 경험과 후향적 연구들이 보고되어 있으며, 실제로 빈혈 보조치료로 자주 재창출 후보로 거론된다."
Myelofibrosis,strict,hydroxyurea,hydroxyurea,미지,clinical,high,"세포증식을 억제하여 비장비대와 백혈구증가, 혈소판증가를 완화할 수 있다.","골수섬유증에서 증식성 증상 조절을 위한 오래된 임상 사용 경험이 있고, 특히 비장비대와 과증식 소견 완화에 대한 근거가 축적되어 있다."
Myelofibrosis,strict,interferon alfa-2a,interferonalfa2a,미지,clinical,medium,골수계 클론 증식을 억제하고 면역조절을 통해 질병 부담을 낮출 수 있다.,"초기/전임상 및 소규모 임상에서 골수증식성 종양, 특히 초기 골수섬유화 또는 전섬유화 단계에서 반응이 보고된 바 있다."
Myelofibrosis,strict,azacitidine,azacitidine,중단,clinical,medium,DNA 메틸화 억제를 통해 비정상 조혈 클론의 생존과 분화를 교란할 수 있다.,"골수섬유증에서 저메틸화제 단독 또는 병용의 소규모 임상 연구가 있었고, 특히 진행성 질환이나 고위험 환자에서 탐색되었다."
Myelofibrosis,strict,decitabine,decitabine,중단,clinical,medium,DNA 메틸화 억제를 통해 비정상 조혈세포의 증식을 억제할 수 있다.,"골수섬유증 및 이행기 질환에서 저메틸화제로서의 소규모 임상 경험이 보고되었고, 질병 조절 가능성을 탐색한 연구들이 있다."
Myelofibrosis,strict,ruxolitinib,ruxolitinib,승인,clinical,high,JAK1/2 억제를 통해 염증성 사이토카인 신호와 비장비대를 줄인다.,골수섬유증의 표준치료로 이미 승인되어 있어 재창출 후보에서 제외되어야 한다.
Atopic Dermatitis,loose,dupilumab,dupilumab,승인,clinical,high,IL-4/IL-13 signaling을 차단해 Th2 염증과 피부장벽 이상을 줄인다.,아토피 피부염에 이미 승인된 표준치료이므로 재창출 후보에서 제외해야 한다.
Atopic Dermatitis,loose,tralokinumab,tralokinumab,미지,clinical,high,"IL-13을 중화해 Th2 매개 염증과 가려움, 장벽 손상을 완화한다.",아토피 피부염에 이미 승인된 표준치료이므로 재창출 후보에서 제외해야 한다.
Atopic Dermatitis,loose,lebrikizumab,lebrikizumab,미지,clinical,high,IL-13 신호를 억제해 아토피 피부염의 Th2 염증을 낮춘다.,아토피 피부염에 이미 승인된 표준치료이므로 재창출 후보에서 제외해야 한다.
Atopic Dermatitis,loose,upadacitinib,upadacitinib,승인,clinical,high,JAK1을 억제해 여러 사이토카인 신호를 동시에 낮춘다.,아토피 피부염에 이미 승인된 표준치료이므로 재창출 후보에서 제외해야 한다.
Atopic Dermatitis,loose,abrocitinib,abrocitinib,승인,clinical,high,JAK1을 선택적으로 억제해 염증성 사이토카인 전달을 차단한다.,아토피 피부염에 이미 승인된 표준치료이므로 재창출 후보에서 제외해야 한다.
Atopic Dermatitis,loose,baricitinib,baricitinib,승인,clinical,high,JAK1/2를 억제해 염증과 가려움 관련 신호를 줄인다.,아토피 피부염에 이미 승인된 표준치료이므로 재창출 후보에서 제외해야 한다.
Atopic Dermatitis,loose,crisaborole,crisaborole,승인,clinical,high,PDE4를 억제해 cAMP를 증가시키고 염증성 사이토카인 생성을 줄인다.,아토피 피부염에 이미 승인된 표준치료이므로 재창출 후보에서 제외해야 한다.
Atopic Dermatitis,loose,ruxolitinib,ruxolitinib,미지,clinical,high,JAK1/2를 억제해 국소 염증 신호를 감소시킨다.,아토피 피부염에 이미 승인된 표준치료이므로 재창출 후보에서 제외해야 한다.
Atopic Dermatitis,loose,tacrolimus,tacrolimus,승인,clinical,high,calcineurin을 억제해 T세포 활성화와 염증성 사이토카인 생성을 줄인다.,아토피 피부염에 이미 승인된 표준치료이므로 재창출 후보에서 제외해야 한다.
Atopic Dermatitis,loose,pimecrolimus,pimecrolimus,승인,clinical,high,calcineurin 억제를 통해 T세포 매개 염증을 낮춘다.,아토피 피부염에 이미 승인된 표준치료이므로 재창출 후보에서 제외해야 한다.
Atopic Dermatitis,loose,methotrexate,methotrexate,미지,clinical,medium,면역세포 증식과 염증성 사이토카인 생성을 억제해 만성 염증을 완화한다.,중증 아토피 피부염에서 오프라벨로 사용된 보고가 있으며 면역억제 기전상 후보가 될 수 있다.
Atopic Dermatitis,loose,cyclosporine,cyclosporine,미지,clinical,high,calcineurin 억제를 통해 T세포 활성화를 강하게 차단한다.,중증 아토피 피부염에서 오프라벨 사용 경험이 많아 재창출 후보로는 기전상 이미 잘 알려져 있다.
Atopic Dermatitis,loose,azathioprine,azathioprine,미지,clinical,medium,퓨린 합성을 억제해 림프구 증식을 감소시킨다.,난치성 아토피 피부염에서 면역억제 대안으로 사용된 임상 경험이 있어 후보가 될 수 있다.
Atopic Dermatitis,loose,mycophenolate mofetil,mycophenolatemofetil,미지,clinical,medium,IMP dehydrogenase를 억제해 T·B세포 증식을 줄인다.,중증 아토피 피부염에서 오프라벨 사용 보고가 있으며 면역조절 기전상 그럴듯하다.
Atopic Dermatitis,loose,dapsone,dapsone,미지,speculative,low,호중구 관련 염증과 산화 스트레스를 억제해 염증 반응을 완화한다.,일부 염증성 피부질환에서 사용되며 아토피 피부염의 특정 염증 표현형에 후보가 될 수 있다.
Atopic Dermatitis,loose,omalizumab,omalizumab,미지,clinical,low,IgE를 중화해 알레르기성 면역반응과 비만세포 활성화를 줄인다.,IgE 매개 아토피 병태생리에 맞지만 아토피 피부염에서 결과가 일관되지 않아 탐색 후보로는 가능하다.
Atopic Dermatitis,loose,montelukast,montelukast,미지,clinical,low,leukotriene receptor를 차단해 알레르기성 염증과 가려움 관련 신호를 낮춘다.,아토피 피부염에서 제한적 임상 경험이 있고 안전성이 비교적 좋아 재창출 후보가 될 수 있다.
Atopic Dermatitis,loose,apremilast,apremilast,미지,mechanistic,low,PDE4를 억제해 염증성 사이토카인 생성을 감소시킨다.,PDE4 억제라는 기전이 아토피 피부염과 맞아 후보가 될 수 있으나 직접 근거는 제한적이다.
Atopic Dermatitis,loose,tofacitinib,tofacitinib,미지,clinical,medium,JAK 신호를 억제해 Th2 및 기타 염증성 사이토카인 전달을 차단한다.,아토피 피부염에서 국소 또는 전신 오프라벨 탐색이 있었고 JAK 억제 기전상 유망하다.
Atopic Dermatitis,loose,secukinumab,secukinumab,미지,speculative,low,IL-17A를 중화해 Th17 관련 염증을 억제한다.,아토피 피부염의 주된 축은 아니지만 일부 표현형에서 Th17 기여 가능성이 있어 탐색 후보가 될 수 있다.
Alzheimer's Disease,loose,Memantine,memantine,중단,clinical,high,NMDA receptor antagonism may reduce glutamate-mediated excitotoxicity and downstream neuronal injury in Alzheimer's disease.,It has been studied in dementia-related contexts and is mechanistically relevant to synaptic dysfunction and excitotoxicity in Alzheimer's disease.
Alzheimer's Disease,loose,Rivastigmine,rivastigmine,승인,clinical,high,Acetylcholinesterase and butyrylcholinesterase inhibition may enhance cholinergic neurotransmission and support cognition.,"Cholinergic deficit is a core feature of Alzheimer's disease, making this class biologically plausible for symptomatic benefit."
Alzheimer's Disease,loose,Donepezil,donepezil,승인,clinical,high,Selective acetylcholinesterase inhibition may increase synaptic acetylcholine and improve cognitive signaling.,"The cholinergic hypothesis of Alzheimer's disease supports this mechanism, and the drug has been widely evaluated in dementia."
Alzheimer's Disease,loose,Galantamine,galantamine,승인,clinical,high,Acetylcholinesterase inhibition and nicotinic receptor modulation may improve cholinergic transmission and attention.,Its dual cholinergic actions are relevant to the neurotransmitter deficits seen in Alzheimer's disease.
Alzheimer's Disease,loose,Lithium,lithium,미지,clinical,medium,GSK3 inhibition and modulation of tau phosphorylation may reduce tau pathology and neurodegenerative signaling.,Lithium has been repeatedly explored in Alzheimer's disease because of its effects on tau biology and neuroprotection.
Alzheimer's Disease,loose,Valproic acid,valproicacid,미지,clinical,medium,Histone deacetylase inhibition and GSK3-related effects may alter neuroinflammatory and tau-related pathways.,It has been investigated for potential disease-modifying effects in Alzheimer's disease despite mixed results.
Alzheimer's Disease,loose,Trazodone,trazodone,미지,clinical,medium,5-HT2A antagonism and stress-response modulation may improve sleep and potentially reduce neurotoxic protein stress.,"Sleep disruption is linked to Alzheimer's disease progression, and trazodone has been studied for sleep-related cognitive effects."
Alzheimer's Disease,loose,Mirtazapine,mirtazapine,미지,clinical,medium,"Noradrenergic and serotonergic modulation may improve sleep, appetite, and behavioral symptoms that worsen cognitive burden.",It is often considered for neuropsychiatric symptoms in dementia and may indirectly support care in Alzheimer's disease.
Alzheimer's Disease,loose,Citalopram,citalopram,미지,clinical,medium,Selective serotonin reuptake inhibition may reduce agitation and modulate neuropsychiatric symptoms in Alzheimer's disease.,"Behavioral symptoms are common in Alzheimer's disease, and citalopram has been studied for agitation control."
Alzheimer's Disease,loose,Sertraline,sertraline,미지,clinical,medium,Selective serotonin reuptake inhibition may help depression and behavioral symptoms that complicate Alzheimer's disease.,"Depression and anxiety are frequent comorbidities in Alzheimer's disease, making this a plausible supportive repurposing candidate."
Alzheimer's Disease,loose,Simvastatin,simvastatin,미지,clinical,medium,"HMG-CoA reductase inhibition may reduce vascular risk, inflammation, and possibly amyloid-related processes.",Statins have been widely explored in Alzheimer's disease because of epidemiologic and mechanistic links to cholesterol metabolism.
Alzheimer's Disease,loose,Atorvastatin,atorvastatin,미지,clinical,medium,"HMG-CoA reductase inhibition may influence lipid handling, cerebrovascular health, and neuroinflammation.","Cholesterol metabolism is implicated in Alzheimer's disease pathobiology, supporting statin repurposing hypotheses."
Alzheimer's Disease,loose,Metformin,metformin,미지,clinical,medium,"AMPK activation and metabolic reprogramming may improve insulin signaling, inflammation, and neuronal stress responses.","Brain insulin resistance and metabolic dysfunction are increasingly linked to Alzheimer's disease, making metformin a plausible candidate."
Alzheimer's Disease,loose,Pioglitazone,pioglitazone,효능실패,clinical,medium,PPAR-gamma agonism may reduce neuroinflammation and improve insulin sensitivity in the brain.,It has been investigated in Alzheimer's disease based on metabolic and anti-inflammatory mechanisms.
Alzheimer's Disease,loose,Exenatide,exenatide,중단,clinical,medium,"GLP-1 receptor agonism may enhance neuronal survival, synaptic plasticity, and insulin signaling.",GLP-1-based therapies have been explored for neurodegenerative disease because of potential neuroprotective effects in Alzheimer's disease.
Alzheimer's Disease,loose,Liraglutide,liraglutide,미지,clinical,medium,GLP-1 receptor agonism may reduce neuroinflammation and support synaptic and metabolic function.,Preclinical and early clinical work has suggested potential benefit in Alzheimer's disease-related pathways.
Alzheimer's Disease,loose,Riluzole,riluzole,미지,mechanistic,medium,Glutamatergic modulation may reduce excitotoxic stress and support neuronal survival.,"Because glutamate dysregulation contributes to neurodegeneration, riluzole has been considered for Alzheimer's disease repurposing."
Alzheimer's Disease,loose,Minocycline,minocycline,미지,clinical,medium,Microglial suppression and anti-inflammatory effects may reduce neuroinflammation and secondary neuronal injury.,"Neuroinflammation is a major Alzheimer's disease pathway, and minocycline has been tested in multiple neurodegenerative settings."
Alzheimer's Disease,loose,N-acetylcysteine,nacetylcysteine,미지,mechanistic,low,Glutathione replenishment and antioxidant effects may reduce oxidative stress and mitochondrial injury.,"Oxidative stress is prominent in Alzheimer's disease, making this a plausible adjunctive repurposing candidate."
Alzheimer's Disease,loose,Sildenafil,sildenafil,미지,preclinical,low,"Phosphodiesterase 5 inhibition may enhance cGMP signaling, cerebral blood flow, and synaptic plasticity.","Vascular and signaling abnormalities are implicated in Alzheimer's disease, and PDE5 inhibition has been proposed as a neuroprotective strategy."
Rheumatoid Arthritis,loose,Tofacitinib,tofacitinib,승인,clinical,high,JAK-STAT signaling inhibition reduces pro-inflammatory cytokine signaling in synovial inflammation.,"JAK inhibition is strongly relevant to rheumatoid arthritis pathobiology and tofacitinib has been explored in inflammatory arthritis contexts, making it a plausible repurposing comparator if not already considered standard in the target setting."
Rheumatoid Arthritis,loose,Baricitinib,baricitinib,승인,clinical,high,Selective JAK1/2 inhibition may suppress cytokine-driven synovitis and immune-cell activation.,Baricitinib has anti-inflammatory effects in immune-mediated disease and has been studied in rheumatoid arthritis-related inflammatory pathways.
Rheumatoid Arthritis,loose,Upadacitinib,upadacitinib,승인,clinical,high,JAK1 inhibition can dampen multiple cytokine cascades involved in joint inflammation.,Its mechanism aligns closely with rheumatoid arthritis immunopathology and it has been evaluated in inflammatory arthritis settings.
Rheumatoid Arthritis,loose,Filgotinib,filgotinib,승인,clinical,medium,JAK1-selective inhibition may reduce synovial cytokine signaling and leukocyte recruitment.,JAK1 blockade is mechanistically attractive for rheumatoid arthritis and filgotinib has been investigated in inflammatory arthritis.
Rheumatoid Arthritis,loose,Apremilast,apremilast,미지,mechanistic,medium,PDE4 inhibition increases intracellular cAMP and downregulates TNF-alpha and other inflammatory mediators.,"PDE4-mediated immunomodulation could plausibly reduce synovitis, and apremilast has been explored across inflammatory diseases."
Rheumatoid Arthritis,loose,Colchicine,colchicine,미지,mechanistic,medium,Microtubule inhibition suppresses neutrophil trafficking and inflammasome-related inflammation.,"Although not a standard rheumatoid arthritis therapy, its broad anti-inflammatory effects make it a plausible repurposing candidate for inflammatory flares."
Rheumatoid Arthritis,loose,Dapsone,dapsone,미지,speculative,low,Anti-neutrophilic and anti-inflammatory effects may reduce tissue inflammation.,Dapsone has been used in immune-mediated inflammatory disorders and could theoretically modulate inflammatory components of rheumatoid arthritis.
Rheumatoid Arthritis,loose,Hydroxychloroquine,hydroxychloroquine,승인,clinical,high,Endosomal pH modulation and toll-like receptor signaling inhibition reduce antigen presentation and cytokine production.,"It is already used in autoimmune disease and has mechanistic overlap with rheumatoid arthritis inflammation, though it is also a standard agent in this disease and therefore may not qualify in strict filtering."
Rheumatoid Arthritis,loose,Sulfasalazine,sulfasalazine,승인,clinical,high,Immunomodulatory effects reduce inflammatory cytokine production and leukocyte activity.,"It has established anti-inflammatory activity in inflammatory arthritis and is mechanistically relevant to rheumatoid arthritis, though it is also a standard therapy and may be excluded in strict filtering."
Rheumatoid Arthritis,loose,Azathioprine,azathioprine,승인,clinical,medium,Purine synthesis inhibition suppresses lymphocyte proliferation and adaptive immune activation.,"Broad immunosuppression could theoretically reduce autoimmune synovitis, and azathioprine has historical use in autoimmune diseases."
Rheumatoid Arthritis,loose,Mycophenolate mofetil,mycophenolatemofetil,중단,clinical,medium,Inhibition of inosine monophosphate dehydrogenase reduces lymphocyte proliferation.,Its lymphocyte-targeting immunosuppression makes it a plausible repurposing candidate for refractory autoimmune arthritis.
Rheumatoid Arthritis,loose,Tacrolimus,tacrolimus,미지,clinical,medium,Calcineurin inhibition reduces T-cell activation and downstream cytokine production.,T-cell suppression is relevant to rheumatoid arthritis immunopathology and tacrolimus has been explored in autoimmune conditions.
Rheumatoid Arthritis,loose,Sirolimus,sirolimus,미지,mechanistic,medium,mTOR inhibition can reduce T-cell proliferation and alter inflammatory immune responses.,"mTOR signaling contributes to immune activation, making sirolimus a plausible candidate for autoimmune synovitis."
Rheumatoid Arthritis,loose,Thalidomide,thalidomide,중단,clinical,medium,TNF-alpha suppression and broader immunomodulation may reduce inflammatory joint damage.,Its cytokine-modulating properties have been leveraged in inflammatory diseases and could be repurposed for rheumatoid arthritis.
Rheumatoid Arthritis,loose,Lenalidomide,lenalidomide,미지,mechanistic,low,Immunomodulatory effects may alter cytokine balance and T-cell function.,"As a thalidomide analog with anti-inflammatory properties, it is mechanistically plausible for autoimmune arthritis."
Rheumatoid Arthritis,loose,Minocycline,minocycline,미지,clinical,medium,Inhibition of matrix metalloproteinases and microglial/neutrophil inflammatory signaling may reduce joint damage and inflammation.,Minocycline has been studied in rheumatoid arthritis and has anti-inflammatory actions beyond antimicrobial activity.
Rheumatoid Arthritis,loose,Doxycycline,doxycycline,미지,mechanistic,medium,Matrix metalloproteinase inhibition and anti-inflammatory effects may limit tissue destruction.,Its non-antibiotic anti-inflammatory properties make it a plausible repurposing candidate for rheumatoid arthritis.
Rheumatoid Arthritis,loose,Celecoxib,celecoxib,승인,clinical,high,COX-2 inhibition reduces prostaglandin-mediated pain and inflammation.,"While symptomatic rather than disease-modifying, COX-2 inhibition can help inflammatory arthritis and may be considered for adjunctive repurposing."
Rheumatoid Arthritis,loose,Meloxicam,meloxicam,승인,clinical,high,Preferential COX-2 inhibition lowers inflammatory prostaglandin synthesis.,Its anti-inflammatory profile is relevant to rheumatoid arthritis symptom control and adjunctive management.
Rheumatoid Arthritis,loose,Pentosan polysulfate sodium,pentosanpolysulfate,미지,speculative,low,May modulate inflammatory mediators and cartilage-degrading enzymes.,It has been explored in musculoskeletal inflammatory conditions and could be repurposed for rheumatoid arthritis-related joint pathology.
Breast Cancer,loose,Metformin,metformin,효능실패,clinical,medium,AMPK 활성화와 mTOR 신호 억제를 통해 종양 세포 증식과 대사 적응을 저해할 수 있다.,인슐린 저항성과 연관된 유방암 위험 및 예후 개선 가능성이 여러 관찰연구와 일부 임상시험에서 탐색되었다.
Breast Cancer,loose,Aspirin,aspirin,미지,clinical,low,COX 억제와 염증성 미세환경 조절을 통해 종양 촉진 신호를 낮출 수 있다.,"염증 매개 경로가 유방암 진행과 연관되어 있으며, 재발 및 생존과의 관련성을 본 역학연구가 있다."
Breast Cancer,loose,Atorvastatin,atorvastatin,중단,preclinical,medium,HMG-CoA 환원효소 억제를 통해 mevalonate 경로와 세포막/신호전달 의존성을 약화시킬 수 있다.,"유방암 세포주와 동물모델에서 증식 억제 및 전이 감소가 보고되었고, 역학적으로도 일부 유익 신호가 관찰되었다."
Breast Cancer,loose,Propranolol,propranolol,중단,clinical,low,"β-아드레날린 신호 차단으로 스트레스 유도 종양 성장, 혈관신생, 전이를 억제할 수 있다.","교감신경 활성과 유방암 진행의 연관성이 제시되었고, perioperative 또는 관찰연구에서 재발 관련 신호가 탐색되었다."
Breast Cancer,loose,Doxycycline,doxycycline,미지,preclinical,medium,미토콘드리아 단백질 합성을 억제하여 암 줄기세포성 및 대사 적응을 약화시킬 수 있다.,유방암 줄기세포 표적화와 mammosphere 억제를 보인 전임상 연구가 다수 보고되었다.
Breast Cancer,loose,Mebendazole,mebendazole,미지,preclinical,medium,미세소관 기능을 교란하고 세포분열 및 생존 신호를 억제할 수 있다.,유방암 모델에서 증식 억제와 종양 성장 감소가 보고된 대표적 재창출 후보이다.
Breast Cancer,loose,Itraconazole,itraconazole,미지,preclinical,low,Hedgehog 및 angiogenesis 관련 신호를 억제하고 막 수송을 교란할 수 있다.,"항혈관신생 및 종양 미세환경 조절 효과가 전임상에서 관찰되었고, 여러 고형암 재창출 후보로 연구되었다."
Breast Cancer,loose,Chloroquine,chloroquine,미지,preclinical,medium,자가포식 억제를 통해 스트레스 적응과 치료저항성을 약화시킬 수 있다.,"유방암에서 자가포식 의존성이 치료저항성과 연관된다는 근거가 있으며, 병용전략 전임상 연구가 많다."
Breast Cancer,loose,Hydroxychloroquine,hydroxychloroquine,중단,clinical,medium,리소좀 기능과 자가포식을 억제하여 생존 회피 경로를 차단할 수 있다.,유방암에서 항암제 또는 표적치료와의 병용을 평가한 임상 및 전임상 연구가 축적되어 있다.
Breast Cancer,loose,Disulfiram,disulfiram,미지,preclinical,medium,알데하이드 탈수소효소 및 proteasome 관련 경로를 억제하여 암 줄기세포와 생존을 저해할 수 있다.,유방암 줄기세포 억제와 항종양 효과를 보인 전임상 연구가 보고되었다.
Breast Cancer,loose,Niclosamide,niclosamide,미지,preclinical,medium,"Wnt/β-catenin, STAT3, NF-κB 신호를 억제하여 증식과 전이를 줄일 수 있다.",삼중음성 유방암을 포함한 여러 모델에서 강한 항종양 활성이 보고된 재창출 후보이다.
Breast Cancer,loose,Thioridazine,thioridazine,미지,preclinical,low,도파민 수용체 관련 신호와 암 줄기세포성을 억제할 수 있다.,유방암 줄기세포 표적화와 종양 개시 능력 감소를 보인 전임상 연구가 있다.
Breast Cancer,loose,Pimozide,pimozide,미지,preclinical,low,STAT5 및 줄기세포성 관련 신호를 억제하여 종양 성장과 저항성을 낮출 수 있다.,유방암 세포에서 증식 억제와 병용 시너지 가능성을 보인 전임상 보고가 있다.
Breast Cancer,loose,Verapamil,verapamil,미지,mechanistic,medium,P-glycoprotein 매개 약물배출을 억제하여 다약제내성을 완화할 수 있다.,유방암의 항암제 내성 극복 보조제로 오래전부터 탐색된 대표적 재창출 약물이다.
Breast Cancer,loose,Tamoxifen,tamoxifen,승인,clinical,high,에스트로겐 수용체 조절을 통해 호르몬 의존성 종양 성장을 억제할 수 있다.,"유방암 표준치료로 이미 승인되어 있어 재창출 후보에서 제외 대상이지만, 다른 아형이나 예방 목적의 재평가 맥락에서는 자주 언급된다."
Breast Cancer,loose,Raloxifene,raloxifene,미지,clinical,medium,선택적 에스트로겐 수용체 조절을 통해 유방 조직의 에스트로겐 신호를 감소시킬 수 있다.,유방암 예방 적응증으로 연구되었으나 치료 재창출보다는 예방 영역에 가깝다.
Breast Cancer,loose,Fenofibrate,fenofibrate,미지,preclinical,low,PPARα 활성화를 통해 지질대사 의존성과 증식 신호를 교란할 수 있다.,유방암 세포의 대사 취약성을 겨냥한 전임상 연구에서 항종양 효과가 보고되었다.
Breast Cancer,loose,Sildenafil,sildenafil,미지,speculative,low,cGMP 신호 조절과 종양 미세환경 변화를 통해 면역 및 혈류 관련 효과를 낼 수 있다.,"고형암에서 병용 보조제로 탐색되었고, 유방암에서도 전임상 수준의 가능성이 제시되었다."
Breast Cancer,loose,Valproic acid,valproicacid,중단,clinical,medium,HDAC 억제를 통해 후성유전 조절과 분화 상태를 변화시켜 증식을 억제할 수 있다.,유방암에서 분화 유도와 항암제 감수성 증가를 보인 전임상 및 초기 임상 탐색이 있다.
Breast Cancer,loose,Sertraline,sertraline,미지,preclinical,low,세포 스트레스 반응과 미토콘드리아 기능을 교란하여 종양 세포 생존을 저해할 수 있다.,"항우울제 중 일부가 유방암 세포에서 항증식 효과를 보인 전임상 보고가 있으며, 계열 내 후보로 탐색 가능하다."
HIV Infections,loose,Maraviroc,maraviroc,미지,clinical,high,CCR5를 차단해 HIV의 세포 진입을 억제한다.,"HIV 감염에서 숙주 진입 경로를 직접 차단하는 기전이 명확하며, CCR5 길항제의 개념 검증에 널리 사용되었다."
HIV Infections,loose,Ibalizumab,ibalizumab,승인,clinical,high,CD4에 결합해 HIV의 후속 진입 단계를 방해한다.,"다제내성 HIV에서 이미 임상적으로 항바이러스 활성을 보인 숙주 표적 항체로, 진입 억제 재창출 후보로 적합하다."
HIV Infections,loose,Fostemsavir,fostemsavir,미지,clinical,high,gp120에 결합해 HIV와 CD4의 상호작용을 차단한다.,"HIV 진입 억제 기전이 확립되어 있고, 기존 치료 실패 환자에서 임상 효능이 보고된 약물이다."
HIV Infections,loose,Enfuvirtide,enfuvirtide,승인,clinical,high,gp41 매개 막융합을 억제해 바이러스 진입을 차단한다.,"HIV 융합 억제제로 이미 임상 사용 경험이 있으며, 동일 계열 내 다른 후보보다 재창출 논리가 분명하다."
HIV Infections,loose,Hydroxychloroquine,hydroxychloroquine,미지,preclinical,low,엔도좀 산성화와 당단백질 처리에 영향을 주어 바이러스 진입 및 성숙을 방해할 수 있다.,"세포 수준에서 HIV 복제 억제 가능성이 보고되었고, 숙주 세포 내 환경을 바꾸는 재창출 가설이 있다."
HIV Infections,loose,Chloroquine,chloroquine,효능실패,preclinical,low,엔도좀 pH 조절과 당화 과정 교란을 통해 HIV의 진입과 조립을 저해할 수 있다.,"HIV에 대한 in vitro 억제 보고가 있으며, 면역조절 효과까지 포함한 숙주 표적 재창출 후보로 자주 거론된다."
HIV Infections,loose,Niclosamide,niclosamide,미지,preclinical,low,세포 내 pH 및 여러 신호전달 경로를 교란해 HIV 복제를 억제할 수 있다.,"광범위 항바이러스 후보로 탐색되었고, HIV에서도 복제 억제 신호가 보고된 바 있다."
HIV Infections,loose,Nitazoxanide,nitazoxanide,미지,preclinical,low,숙주 항바이러스 반응을 증강하고 바이러스 단백질 처리 과정을 방해할 수 있다.,광범위 항바이러스 약물로서 HIV 복제 억제 가능성이 전임상 수준에서 제시되었다.
HIV Infections,loose,Disulfiram,disulfiram,미지,clinical,medium,잠복 감염 세포의 바이러스 발현을 유도해 HIV 저장소를 노출시킬 수 있다.,"HIV latency reversal 후보로 연구되었으며, 'shock and kill' 전략의 재창출 약물로 자주 언급된다."
HIV Infections,loose,Valproic acid,valproicacid,미지,clinical,medium,히스톤 탈아세틸화 억제를 통해 잠복 HIV 전사를 유도할 수 있다.,HIV 잠복 저장소 감소를 목표로 한 초기 임상 연구들이 있었던 대표적 epigenetic 재창출 약물이다.
HIV Infections,loose,Vorinostat,vorinostat,미지,clinical,high,HDAC 억제를 통해 잠복 HIV의 전사를 재활성화한다.,HIV latency reversal을 위한 임상 연구에서 실제로 평가된 대표적 재창출 후보이다.
HIV Infections,loose,Romidepsin,romidepsin,미지,clinical,high,강력한 HDAC 억제로 잠복 HIV 발현을 유도한다.,HIV 저장소 활성화 전략에서 강한 latency reversal 효과가 보고된 약물이다.
HIV Infections,loose,Panobinostat,panobinostat,미지,clinical,high,HDAC 억제를 통해 HIV 잠복 상태를 해제할 수 있다.,"HIV latency reversal 임상 연구에서 평가된 바 있으며, 전사 재활성화 후보로 유력하다."
HIV Infections,loose,Bromodomain and extra-terminal motif inhibitor,bromodomainandextraterminalmotifinhibitor,미지,mechanistic,low,염색질 조절을 통해 HIV 전사를 재활성화할 수 있다.,"BET 억제는 HIV latency reversal의 유망한 숙주 표적이지만, 이 범주에서 승인 약물은 제한적이어서 개별 약물 검증이 필요하다."
HIV Infections,loose,Metformin,metformin,미지,speculative,low,AMPK 및 대사 경로를 조절해 HIV 관련 염증과 면역활성화를 완화할 수 있다.,직접 항바이러스제는 아니지만 HIV 감염에서 대사·염증 축을 조절하는 보조 재창출 후보로 탐색될 수 있다.
HIV Infections,loose,Statin,statin,미지,mechanistic,low,콜레스테롤 항상성과 막 미세영역을 변화시켜 HIV 진입 및 조립을 간접적으로 저해할 수 있다.,숙주 지질 대사를 표적하는 접근으로 HIV 복제와 염증을 동시에 낮출 가능성이 제시되어 왔다.
HIV Infections,loose,Doxycycline,doxycycline,미지,speculative,low,염증성 신호와 숙주 전사 환경을 조절해 HIV 복제에 간접 영향을 줄 수 있다.,"직접 항HIV 약물은 아니지만, 숙주 염증 조절을 통한 보조적 재창출 가능성이 논의된다."
HIV Infections,loose,Rapamycin,rapamycin,미지,preclinical,low,mTOR 억제를 통해 T세포 활성화와 바이러스 복제 환경을 변화시킬 수 있다.,면역대사 조절을 통한 HIV 저장소 및 염증 조절 후보로 전임상 수준에서 탐색되었다.
HIV Infections,loose,Propranolol,propranolol,미지,speculative,low,교감신경 신호를 억제해 면역활성화와 HIV 관련 염증 반응을 낮출 수 있다.,직접 항바이러스 효과보다는 숙주 스트레스 축 조절을 통한 보조 재창출 가능성이 있다.
HIV Infections,loose,Auranofin,auranofin,미지,preclinical,medium,산화환원 항상성과 T세포 항상성을 교란해 HIV 저장소 세포를 감소시킬 수 있다.,HIV reservoir 감소를 목표로 한 재창출 연구에서 반복적으로 거론된 금 제제이다.
Ulcerative Colitis,loose,Tofacitinib,tofacitinib,승인,clinical,high,JAK-STAT signaling inhibition may reduce mucosal cytokine-driven inflammation in ulcerative colitis.,"It is already approved for ulcerative colitis, so it is excluded as a repurposing candidate."
Ulcerative Colitis,loose,Upadacitinib,upadacitinib,미지,clinical,high,Selective JAK1 inhibition may suppress inflammatory signaling in colonic mucosa.,"It is already approved for ulcerative colitis, so it is excluded as a repurposing candidate."
Ulcerative Colitis,loose,Ozanimod,ozanimod,미지,clinical,high,S1P receptor modulation may limit lymphocyte trafficking into inflamed bowel tissue.,"It is already approved for ulcerative colitis, so it is excluded as a repurposing candidate."
Ulcerative Colitis,loose,Vedolizumab,vedolizumab,승인,clinical,high,Integrin blockade reduces gut-homing lymphocyte migration to the intestinal mucosa.,"It is already approved for ulcerative colitis, so it is excluded as a repurposing candidate."
Ulcerative Colitis,loose,Infliximab,infliximab,승인,clinical,high,TNF-alpha neutralization dampens proinflammatory signaling and tissue injury.,"It is already approved for ulcerative colitis, so it is excluded as a repurposing candidate."
Ulcerative Colitis,loose,Adalimumab,adalimumab,승인,clinical,high,TNF-alpha neutralization dampens proinflammatory signaling and tissue injury.,"It is already approved for ulcerative colitis, so it is excluded as a repurposing candidate."
Ulcerative Colitis,loose,Golimumab,golimumab,승인,clinical,high,TNF-alpha neutralization dampens proinflammatory signaling and tissue injury.,"It is already approved for ulcerative colitis, so it is excluded as a repurposing candidate."
Ulcerative Colitis,loose,Mesalamine,mesalamine,미지,clinical,high,Topical anti-inflammatory effects in the colonic mucosa reduce local inflammatory mediators.,"It is already approved for ulcerative colitis, so it is excluded as a repurposing candidate."
Ulcerative Colitis,loose,Budesonide,budesonide,미지,clinical,high,Glucocorticoid receptor activation suppresses intestinal inflammation with high first-pass metabolism.,"It is already approved for ulcerative colitis, so it is excluded as a repurposing candidate."
Ulcerative Colitis,loose,Prednisone,prednisone,미지,clinical,high,Systemic glucocorticoid immunosuppression can rapidly reduce inflammatory activity.,"It is already approved for ulcerative colitis, so it is excluded as a repurposing candidate."
Ulcerative Colitis,loose,Azathioprine,azathioprine,승인,clinical,high,Purine synthesis inhibition reduces lymphocyte proliferation and adaptive immune activation.,"It is already approved for ulcerative colitis, so it is excluded as a repurposing candidate."
Ulcerative Colitis,loose,Mercaptopurine,mercaptopurine,미지,clinical,high,Purine synthesis inhibition reduces lymphocyte proliferation and adaptive immune activation.,"It is already approved for ulcerative colitis, so it is excluded as a repurposing candidate."
Ulcerative Colitis,loose,Cyclosporine,cyclosporine,미지,clinical,high,Calcineurin inhibition suppresses T-cell activation and cytokine production.,"It has been used in severe ulcerative colitis, so it is excluded as a repurposing candidate."
Ulcerative Colitis,loose,Tacrolimus,tacrolimus,중단,clinical,high,Calcineurin inhibition suppresses T-cell activation and cytokine production.,"It has been used in ulcerative colitis, so it is excluded as a repurposing candidate."
Ulcerative Colitis,loose,Methotrexate,methotrexate,미지,clinical,medium,Antimetabolite and adenosine-mediated immunomodulation may reduce inflammatory signaling.,"It has been studied in inflammatory bowel disease, but is not a standard ulcerative colitis therapy."
Ulcerative Colitis,loose,Thalidomide,thalidomide,미지,clinical,low,TNF-alpha suppression and broader immunomodulation may attenuate intestinal inflammation.,It has been explored in refractory inflammatory bowel disease and could be repurposed despite toxicity concerns.
Ulcerative Colitis,loose,Apremilast,apremilast,미지,mechanistic,low,PDE4 inhibition may lower proinflammatory cytokine production in the gut.,Its anti-inflammatory mechanism makes it a plausible repurposing candidate for ulcerative colitis.
Ulcerative Colitis,loose,Baricitinib,baricitinib,미지,mechanistic,medium,JAK1/2 inhibition may reduce cytokine signaling relevant to mucosal inflammation.,"JAK inhibition is validated in ulcerative colitis, making related agents plausible repurposing candidates."
Ulcerative Colitis,loose,Filgotinib,filgotinib,승인,mechanistic,medium,Selective JAK1 inhibition may suppress inflammatory pathways in the intestinal mucosa.,"JAK1 biology is strongly implicated in ulcerative colitis, supporting repurposing plausibility."
Ulcerative Colitis,loose,Ruxolitinib,ruxolitinib,미지,speculative,low,JAK1/2 inhibition may dampen cytokine-driven immune activation in colitis.,Its immunomodulatory profile suggests potential utility in ulcerative colitis despite limited direct evidence.
Asthma,loose,Montelukast,montelukast,승인,clinical,high,Leukotriene receptor antagonism may reduce airway inflammation and bronchoconstriction.,"Asthma biology is strongly linked to leukotriene signaling, and montelukast has been explored as an add-on anti-inflammatory strategy beyond its approved uses."
Asthma,loose,Omalizumab,omalizumab,승인,clinical,high,Neutralization of IgE may reduce allergic airway inflammation and exacerbation risk.,"IgE-driven allergic pathways are central in many asthma endotypes, making anti-IgE therapy a direct repurposing concept."
Asthma,loose,Mepolizumab,mepolizumab,승인,clinical,high,IL-5 blockade may suppress eosinophilic airway inflammation.,"Eosinophilic asthma is a major inflammatory subtype, and IL-5 inhibition has been clinically studied in severe asthma."
Asthma,loose,Dupilumab,dupilumab,승인,clinical,high,IL-4/IL-13 pathway inhibition may reduce type 2 airway inflammation and mucus hypersecretion.,"Type 2 cytokine signaling is a key asthma driver, and blocking this axis is a strong repurposing rationale."
Asthma,loose,Benralizumab,benralizumab,미지,clinical,high,IL-5 receptor alpha targeting may deplete eosinophils and reduce airway inflammation.,Eosinophil depletion is relevant to severe eosinophilic asthma and has been tested clinically.
Asthma,loose,Reslizumab,reslizumab,미지,clinical,high,IL-5 neutralization may lower eosinophilic inflammation in the airways.,This is another clinically explored anti-eosinophilic strategy for severe asthma.
Asthma,loose,Tezepelumab,tezepelumab,승인,clinical,high,TSLP blockade may suppress upstream epithelial alarmin signaling and downstream type 2 inflammation.,"Airway epithelial alarmins are implicated in asthma initiation and amplification, supporting upstream cytokine targeting."
Asthma,loose,Azithromycin,azithromycin,효능실패,clinical,medium,Immunomodulatory and anti-inflammatory effects may reduce exacerbations and neutrophilic airway inflammation.,"Macrolides have been studied as add-on therapy in difficult asthma, especially for exacerbation reduction."
Asthma,loose,Roflumilast,roflumilast,미지,mechanistic,medium,PDE4 inhibition may reduce inflammatory cell activation and cytokine release in the airways.,"PDE4 is a plausible anti-inflammatory target in obstructive airway disease, including asthma."
Asthma,loose,Theophylline,theophylline,승인,clinical,high,PDE inhibition and adenosine antagonism may promote bronchodilation and modest anti-inflammatory effects.,"Although older, theophylline has long been used in asthma and remains a mechanistically plausible repurposing candidate in selected settings."
Asthma,loose,Colchicine,colchicine,미지,speculative,low,Microtubule disruption may dampen inflammatory cell trafficking and cytokine release.,Broad anti-inflammatory effects make colchicine a speculative candidate for inflammatory asthma phenotypes.
Asthma,loose,Dapsone,dapsone,미지,speculative,low,Neutrophil-modulating anti-inflammatory activity may help in neutrophilic airway inflammation.,"Neutrophilic asthma is difficult to treat, and dapsone has been considered for inflammatory airway disease because of its neutrophil effects."
Asthma,loose,Metformin,metformin,미지,mechanistic,low,AMPK activation and metabolic reprogramming may reduce airway inflammation and improve steroid responsiveness.,"Metabolic dysfunction is linked to asthma severity, making metformin a plausible repurposing candidate."
Asthma,loose,Atorvastatin,atorvastatin,중단,clinical,medium,Pleiotropic anti-inflammatory effects may reduce airway inflammation and remodeling.,Statins have been investigated for asthma because of their immunomodulatory and anti-remodeling properties.
Asthma,loose,Losartan,losartan,미지,mechanistic,low,Angiotensin II receptor blockade may attenuate airway remodeling and profibrotic signaling.,"Renin-angiotensin signaling has been implicated in airway remodeling, supporting ARB repurposing hypotheses."
Asthma,loose,Propranolol,propranolol,미지,speculative,low,Chronic beta-blockade may induce receptor adaptation and potentially alter airway inflammatory signaling in selected contexts.,"Nonselective beta-blockade is risky in asthma, but low-dose experimental repurposing has been explored mechanistically."
Asthma,loose,N-acetylcysteine,nacetylcysteine,미지,mechanistic,low,Mucolytic and antioxidant effects may reduce oxidative stress and mucus viscosity in the airways.,"Oxidative stress contributes to asthma pathobiology, making antioxidant repurposing biologically plausible."
Asthma,loose,Hydroxychloroquine,hydroxychloroquine,미지,speculative,low,Endosomal and innate immune modulation may reduce antigen presentation and inflammatory signaling.,Immunomodulatory effects suggest a speculative role in allergic or inflammatory asthma phenotypes.
Asthma,loose,Sildenafil,sildenafil,미지,speculative,low,PDE5 inhibition may relax airway smooth muscle and modulate pulmonary vascular tone.,"PDE inhibition is mechanistically relevant to airway tone, though asthma evidence is limited and speculative."
Asthma,loose,Ketotifen,ketotifen,미지,clinical,medium,Mast cell stabilization and antihistaminic activity may reduce allergic airway responses.,"Allergic asthma involves mast cell activation, making ketotifen a plausible repurposing candidate."
Covid19,loose,dexamethasone,dexamethasone,중단,clinical,high,강한 항염증 및 면역억제를 통해 과도한 숙주 염증반응과 폐손상을 줄일 수 있다.,중증 Covid19에서 염증성 사이토카인 반응을 억제해 사망률을 낮춘다는 근거가 있으며 RECOVERY trial로 널리 알려져 있다.
Covid19,loose,baricitinib,baricitinib,미지,clinical,high,JAK1/2 억제를 통해 사이토카인 신호전달과 염증성 면역반응을 완화할 수 있다.,Covid19의 과염증 상태와 연관된 JAK-STAT 경로를 차단하며 ACTT-2와 COV-BARRIER 같은 임상 근거가 있다.
Covid19,loose,tocilizumab,tocilizumab,미지,clinical,high,IL-6 수용체를 차단해 염증성 사이토카인 폭주를 억제한다.,중증 Covid19의 고염증 상태에서 유용성이 보고되었고 RECOVERY 및 REMAP-CAP에서 평가되었다.
Covid19,loose,sarilumab,sarilumab,미지,clinical,medium,IL-6 수용체 차단을 통해 과도한 염증반응을 낮춘다.,tocilizumab과 유사한 기전으로 중증 Covid19에서 면역조절 후보로 연구되었으며 REMAP-CAP에서 평가되었다.
Covid19,loose,anakinra,anakinra,미지,clinical,medium,IL-1 수용체를 차단해 선천면역 기반 염증반응과 조직손상을 줄일 수 있다.,고염증성 Covid19에서 IL-1 축 억제가 유망하다는 보고가 있으며 SAVE-MORE 같은 임상 연구가 있다.
Covid19,loose,colchicine,colchicine,중단,clinical,medium,미세소관 기능과 NLRP3 inflammasome 활성화를 억제해 염증반응을 완화한다.,초기 및 경증 Covid19에서 염증 억제 후보로 여러 임상시험이 수행되었다.
Covid19,loose,fluvoxamine,fluvoxamine,중단,clinical,medium,sigma-1 receptor 조절과 항염증 효과를 통해 초기 질환 악화를 줄일 수 있다.,초기 Covid19에서 입원 진행을 줄일 가능성이 제기되었고 TOGETHER trial 등에서 평가되었다.
Covid19,loose,nitazoxanide,nitazoxanide,미지,clinical,medium,바이러스 복제 및 숙주 세포 내 단백질 처리 과정을 교란해 항바이러스 효과를 낼 수 있다.,광범위 항바이러스 약물로서 SARS-CoV-2에 대한 in vitro 및 임상 탐색이 이루어졌다.
Covid19,loose,ivermectin,ivermectin,중단,clinical,low,숙주 수송 단백질 의존 과정을 방해해 바이러스 복제를 억제할 가능성이 있다.,SARS-CoV-2에 대한 전임상 및 임상 탐색이 매우 많이 이루어졌으나 결과는 일관되지 않았다.
Covid19,loose,lopinavir,lopinavir,중단,clinical,low,바이러스 단백질분해효소를 억제해 복제를 저해할 수 있다.,초기 SARS-CoV-2 치료 후보로 평가되었고 기전상 코로나바이러스 단백분해효소 억제를 기대했다.
Covid19,loose,ritonavir,ritonavir,승인,clinical,low,약물대사 억제를 통해 병용 항바이러스제의 노출을 높이거나 일부 프로테아제 억제 효과를 기대할 수 있다.,단독보다는 병용 맥락에서 Covid19 후보로 탐색되었으며 protease inhibitor 계열의 대표 약물이다.
Covid19,loose,remdesivir,remdesivir,미지,clinical,low,RNA 의존성 RNA 중합효소를 억제해 바이러스 복제를 차단한다.,"SARS-CoV-2에 대해 직접 항바이러스 활성이 입증되어 이미 승인된 약물이지만, 표준치료 범주를 제외해야 하므로 재창출 후보로는 경계선에 있다."
Covid19,loose,favipiravir,favipiravir,미지,clinical,medium,RNA 중합효소 억제를 통해 바이러스 복제를 저해한다.,인플루엔자 치료제로 승인된 뒤 Covid19에서 재창출 후보로 광범위하게 시험되었다.
Covid19,loose,camostat,camostat,효능실패,clinical,medium,TMPRSS2를 억제해 바이러스 스파이크 단백질 활성화와 세포 진입을 방해한다.,숙주 세포 진입 단계 차단 전략으로 SARS-CoV-2에 대해 전임상 및 임상 탐색이 이루어졌다.
Covid19,loose,aprepitant,aprepitant,중단,mechanistic,low,substance P/NK1 receptor 축을 조절해 염증성 신경면역 반응을 완화할 수 있다.,Covid19의 염증 및 호흡기 증상 조절 후보로 제안되었고 기전상 재창출 가능성이 논의되었다.
Covid19,loose,losartan,losartan,효능실패,mechanistic,low,RAAS 조절을 통해 ACE2 관련 폐혈관 손상과 염증을 완화할 가능성이 있다.,SARS-CoV-2의 ACE2 경로와 연관된 숙주 반응 조절 후보로 초기부터 많이 탐색되었다.
Covid19,loose,atorvastatin,atorvastatin,미지,mechanistic,low,항염증 및 내피기능 개선 효과로 Covid19의 혈관염증과 합병증을 줄일 수 있다.,statin 계열은 면역조절과 항혈전 효과 때문에 Covid19 재창출 후보로 자주 제안되었다.
Covid19,loose,aspirin,aspirin,미지,mechanistic,low,혈소판 응집 억제와 항염증 효과로 혈전성 합병증을 줄일 수 있다.,Covid19의 혈전염증성 병태생리에 대응하는 후보로 널리 검토되었다.
Covid19,loose,dipyridamole,dipyridamole,중단,preclinical,low,항혈소판 및 항염증 효과와 함께 바이러스 복제 환경을 불리하게 만들 수 있다.,SARS-CoV-2에 대한 전임상 항바이러스 신호와 혈전 예방 가능성 때문에 재창출 후보로 제안되었다.
Idiopathic Pulmonary Fibrosis,loose,Nintedanib,nintedanib,승인,clinical,high,"Tyrosine kinase inhibition reduces fibroblast proliferation, migration, and profibrotic signaling.","Already approved for idiopathic pulmonary fibrosis, so it is excluded as a repurposing candidate."
Idiopathic Pulmonary Fibrosis,loose,Pirfenidone,pirfenidone,승인,clinical,high,Antifibrotic and anti-inflammatory effects reduce TGF-beta–driven collagen deposition.,"Already approved for idiopathic pulmonary fibrosis, so it is excluded as a repurposing candidate."
Schizophrenia,loose,Minocycline,minocycline,미지,clinical,medium,Microglial inhibition and anti-inflammatory effects may reduce neuroinflammation implicated in schizophrenia.,Small clinical studies and meta-analyses have explored adjunctive minocycline for negative and cognitive symptoms in schizophrenia.
Schizophrenia,loose,Celecoxib,celecoxib,미지,clinical,medium,COX-2 inhibition may dampen inflammatory signaling associated with symptom severity and cognitive dysfunction.,"Adjunctive celecoxib has been tested in schizophrenia trials, with signals particularly in early-stage or inflammatory subgroups."
Schizophrenia,loose,N-acetylcysteine,nacetylcysteine,미지,clinical,medium,Glutathione replenishment and redox modulation may improve oxidative stress and glutamatergic dysregulation.,Multiple randomized studies have evaluated N-acetylcysteine as adjunctive therapy for negative symptoms and cognition in schizophrenia.
Schizophrenia,loose,Memantine,memantine,중단,clinical,medium,NMDA receptor antagonism may normalize glutamatergic imbalance and downstream excitotoxicity.,"Memantine has been studied as an adjunct in schizophrenia, especially for negative symptoms and cognition."
Schizophrenia,loose,Lamotrigine,lamotrigine,미지,clinical,medium,Glutamate release modulation via sodium channel blockade may help address glutamatergic abnormalities.,"Adjunctive lamotrigine has been investigated in schizophrenia, with interest in treatment-resistant and negative symptoms."
Schizophrenia,loose,Topiramate,topiramate,미지,clinical,medium,Broad glutamatergic dampening and GABAergic enhancement may influence affective and cognitive symptoms.,"Topiramate has been explored as an adjunct in schizophrenia, including for weight gain and symptom control."
Schizophrenia,loose,Sodium benzoate,benzoate,미지,clinical,medium,D-amino acid oxidase inhibition may increase D-serine and enhance NMDA receptor function.,"Clinical studies have examined sodium benzoate as an adjunct for schizophrenia, with interest in negative symptoms and cognition."
Schizophrenia,loose,Sarcosine,sarcosine,미지,clinical,medium,Glycine transporter-1 inhibition may enhance NMDA receptor co-agonism.,"Sarcosine has been studied in schizophrenia as a glutamatergic adjunct, particularly for negative symptoms."
Schizophrenia,loose,D-cycloserine,dcycloserine,미지,clinical,low,Partial agonism at the NMDA receptor glycine site may modulate glutamatergic signaling.,"D-cycloserine has been tested in schizophrenia, though results have been mixed and context-dependent."
Schizophrenia,loose,Glycine,glycine,중단,clinical,medium,NMDA receptor co-agonism may improve hypofunction of glutamatergic transmission.,"Glycine has been evaluated as an adjunct in schizophrenia, especially for negative symptoms."
Schizophrenia,loose,Omega-3-acid ethyl esters,omegaacidethylesters,미지,clinical,low,Membrane and anti-inflammatory effects may influence neurodevelopmental and inflammatory pathways.,"Omega-3 supplementation has been studied in schizophrenia, including early psychosis and symptom prevention contexts."
Schizophrenia,loose,Aspirin,aspirin,미지,clinical,low,Anti-inflammatory and antiplatelet effects may reduce inflammatory contributions to psychosis.,"Adjunctive aspirin has been investigated in schizophrenia, with some studies suggesting benefit in inflammatory subgroups."
Schizophrenia,loose,Simvastatin,simvastatin,미지,clinical,low,Pleiotropic anti-inflammatory and endothelial effects may improve neuroinflammation and metabolic burden.,"Statins, including simvastatin, have been tested as adjuncts in schizophrenia with mixed results."
Schizophrenia,loose,Atorvastatin,atorvastatin,미지,clinical,low,Anti-inflammatory and lipid-modulating effects may indirectly affect brain and metabolic pathways relevant to schizophrenia.,Atorvastatin has been explored in schizophrenia trials as an adjunctive anti-inflammatory strategy.
Schizophrenia,loose,Raloxifene,raloxifene,미지,clinical,medium,Selective estrogen receptor modulation may enhance dopaminergic and cognitive regulation.,"Raloxifene has been studied as an adjunct in schizophrenia, particularly in postmenopausal women and for negative symptoms."
Schizophrenia,loose,Estradiol,estradiol,미지,clinical,medium,Estrogenic modulation may improve dopamine signaling and neuroprotection.,"Adjunctive estradiol has been investigated in schizophrenia, especially in women with persistent symptoms."
Schizophrenia,loose,Progesterone,progesterone,미지,mechanistic,low,Neurosteroid effects may modulate GABAergic and stress-related pathways.,"Progesterone-related approaches have been explored in schizophrenia, though evidence is limited and mixed."
Schizophrenia,loose,Donepezil,donepezil,중단,clinical,low,Acetylcholinesterase inhibition may improve cognitive deficits and attentional processing.,Donepezil has been tested for cognitive symptoms in schizophrenia with mixed findings.
Schizophrenia,loose,Modafinil,modafinil,중단,clinical,low,Wake-promoting catecholaminergic modulation may improve negative symptoms and cognition.,"Modafinil has been studied as an adjunct in schizophrenia for fatigue, cognition, and negative symptoms."
Schizophrenia,loose,Propranolol,propranolol,미지,clinical,low,Beta-adrenergic blockade may reduce arousal-related exacerbation of psychotic symptoms and akathisia-related distress.,"Propranolol has been used adjunctively in schizophrenia, though evidence for core symptom benefit is limited."
Hypercholesterolemia,loose,colchicine,colchicine,미지,clinical,medium,NLRP3 inflammasome and neutrophil-mediated vascular inflammation을 억제해 atherosclerotic inflammation burden를 낮출 수 있다.,"심혈관 염증 감소와 사건 감소를 시사한 COLCOT, LoDoCo2 같은 임상 근거가 있어 지질 이상 동반 죽상경화 위험 감소 보조 후보로 볼 수 있다."
Hypercholesterolemia,loose,canakinumab,canakinumab,미지,clinical,medium,IL-1β를 중화해 염증성 죽상경화 진행을 완화할 수 있다.,"CANTOS에서 심혈관 사건 감소가 관찰되어, 고콜레스테롤혈증 자체보다는 염증-죽상경화 축을 겨냥한 재창출 후보로 적합하다."
Hypercholesterolemia,loose,methotrexate,methotrexate,미지,clinical,low,adenosine signaling 증가와 면역세포 증식을 억제해 혈관 염증을 낮출 수 있다.,"전반적 심혈관 보호는 일관되지 않았지만, 염증성 죽상경화 조절 관점에서 재창출 후보로 검토될 수 있다."
Hypercholesterolemia,loose,hydroxychloroquine,hydroxychloroquine,미지,mechanistic,low,TLR signaling과 lysosomal function을 조절해 대식세포 염증 반응과 foam cell 형성을 줄일 수 있다.,"자가면역질환에서 장기 사용 경험이 풍부하고, 지질 대사 및 염증 경로에 영향을 줄 가능성이 있어 후보로 고려된다."
Hypercholesterolemia,loose,pioglitazone,pioglitazone,미지,clinical,medium,PPARγ 활성화를 통해 인슐린 저항성과 혈관 염증을 완화하고 atherogenic dyslipidemia를 개선할 수 있다.,대사증후군과 당뇨에서 지질 프로파일 및 염증 개선이 알려져 있어 고콜레스테롤혈증 관련 위험 감소 후보가 될 수 있다.
Hypercholesterolemia,loose,bezafibrate,bezafibrate,승인,clinical,medium,PPARα를 활성화해 triglyceride를 낮추고 HDL 관련 지질 대사를 개선할 수 있다.,"이상지질혈증 전반을 조절하는 오래된 약물로, LDL 중심 질환에는 제한적이지만 혼합형 고지혈증 재창출 후보가 된다."
Hypercholesterolemia,loose,fenofibrate,fenofibrate,승인,clinical,medium,PPARα 활성화를 통해 VLDL 생산을 줄이고 지질 산화를 촉진할 수 있다.,"주로 고중성지방혈증에 쓰이지만, 동반 이상지질혈증에서 보조적 후보로 고려 가능하다."
Hypercholesterolemia,loose,gemfibrozil,gemfibrozil,미지,clinical,medium,PPARα를 통해 triglyceride-rich lipoprotein을 감소시키고 HDL을 증가시킬 수 있다.,LDL 저하 효과는 제한적이지만 혼합형 이상지질혈증에서 재창출 가능성이 있다.
Hypercholesterolemia,loose,niacin,niacin,미지,clinical,low,hepatic VLDL synthesis를 억제하고 HDL을 증가시켜 지질 프로파일을 개선할 수 있다.,"심혈관 사건 개선 근거는 약하지만, 지질 조절 기전상 고콜레스테롤혈증 보조 후보로 남아 있다."
Hypercholesterolemia,loose,bempedoic acid,bempedoicacid,승인,clinical,high,ATP citrate lyase를 억제해 hepatic cholesterol synthesis를 감소시킨다.,"이미 지질강하제로 승인된 약이지만, 다른 적응증에서 재창출 관점으로는 LDL 저하 기전이 명확하다."
Hypercholesterolemia,loose,ezetimibe,ezetimibe,승인,clinical,high,NPC1L1을 억제해 intestinal cholesterol absorption을 감소시킨다.,"장내 콜레스테롤 흡수 억제라는 명확한 기전으로, 다른 질환에서의 재창출보다는 병용 보조 후보로도 해석 가능하다."
Hypercholesterolemia,loose,probucol,probucol,승인,clinical,medium,LDL 산화와 lipoprotein turnover를 조절해 atherogenic lipoprotein burden를 낮출 수 있다.,과거 이상지질혈증 치료 경험이 있고 항산화 작용이 있어 재창출 후보로 검토 가능하다.
Hypercholesterolemia,loose,lomitapide,lomitapide,승인,clinical,high,microsomal triglyceride transfer protein을 억제해 apoB-containing lipoprotein 생성을 감소시킨다.,"가족성 고콜레스테롤혈증에서 사용되지만, 매우 강한 apoB-lipoprotein 억제 기전 때문에 다른 적응증 재창출 후보로도 고려된다."
Hypercholesterolemia,loose,mipomersen,mipomersen,승인,clinical,high,apoB mRNA를 억제해 LDL particle production을 감소시킨다.,"LDL 생성 억제 기전이 직접적이며, 희귀 적응증 경험을 바탕으로 재창출 후보로 볼 수 있다."
Hypercholesterolemia,loose,rosuvastatin,rosuvastatin,승인,clinical,high,HMG-CoA reductase를 억제해 hepatic cholesterol synthesis를 감소시킨다.,"표준치료이지만, 다른 적응증에서의 재창출 후보군을 넓게 잡을 때 가장 강력한 LDL 저하 기전 약물이다."
Hypercholesterolemia,loose,atorvastatin,atorvastatin,승인,clinical,high,HMG-CoA reductase 억제를 통해 LDL receptor expression을 증가시킨다.,"표준치료이지만, 기전상 가장 확립된 콜레스테롤 저하 약물로 다른 질환 재창출 문맥에서 자주 고려된다."
Hypercholesterolemia,loose,simvastatin,simvastatin,승인,clinical,high,HMG-CoA reductase 억제를 통해 cholesterol biosynthesis를 낮춘다.,오래된 statin으로 광범위한 임상 경험이 있어 재창출 후보 풀에 포함될 수 있다.
Hypercholesterolemia,loose,pravastatin,pravastatin,승인,clinical,high,HMG-CoA reductase 억제를 통해 LDL clearance를 증가시킨다.,상대적으로 약하지만 안전성 경험이 풍부해 재창출 후보로 고려 가능하다.
Hypercholesterolemia,loose,fluvastatin,fluvastatin,승인,clinical,high,HMG-CoA reductase 억제를 통해 hepatic cholesterol synthesis를 감소시킨다.,"statin 계열의 대표 약물로, 다른 적응증에서의 재창출 가능성을 폭넓게 생각할 때 포함될 수 있다."
Hypercholesterolemia,loose,pitavastatin,pitavastatin,승인,clinical,high,HMG-CoA reductase 억제를 통해 LDL cholesterol를 낮추고 pleiotropic vascular effects를 낼 수 있다.,"임상적으로 승인된 statin이며, 혈관 염증 및 지질 개선의 다면적 효과를 기대할 수 있다."
Crohn's Disease,loose,Tofacitinib,tofacitinib,미지,mechanistic,low,JAK-STAT signaling을 억제해 염증성 사이토카인 신호를 낮출 것으로 본다.,염증성 장질환에서 면역세포 활성과 사이토카인 네트워크를 줄이는 기전이 Crohn's Disease의 염증 축과 맞닿아 있다.
Crohn's Disease,loose,Upadacitinib,upadacitinib,미지,clinical,medium,JAK1 선택적 억제로 Th1/Th17 관련 염증 반응을 감소시킬 것으로 본다.,장 점막 염증에서 JAK1 매개 신호가 중요해 Crohn's Disease의 염증 조절 후보로 그럴듯하다.
Crohn's Disease,loose,Filgotinib,filgotinib,미지,clinical,medium,JAK1 억제를 통해 염증성 사이토카인 전달을 차단할 것으로 본다.,면역매개 염증 질환에서 JAK1 억제는 장 점막 염증 완화와 연결될 수 있다.
Crohn's Disease,loose,Ozanimod,ozanimod,미지,clinical,medium,S1P 수용체 조절로 림프구의 장 조직 유입을 줄일 것으로 본다.,림프구 trafficking 억제는 장관 염증의 세포 유입을 낮추는 전략으로 Crohn's Disease에 기전상 타당하다.
Crohn's Disease,loose,Fingolimod,fingolimod,미지,mechanistic,low,S1P 수용체 기능적 길항으로 림프구 순환을 억제할 것으로 본다.,면역세포의 장 점막 침윤을 줄이는 접근은 Crohn's Disease의 염증 억제에 기여할 수 있다.
Crohn's Disease,loose,Apremilast,apremilast,미지,mechanistic,low,PDE4 억제로 cAMP를 증가시켜 염증성 사이토카인 생성을 낮출 것으로 본다.,"TNF, IL-23 축을 포함한 염증 매개체 감소가 Crohn's Disease의 점막 염증 완화에 도움이 될 수 있다."
Crohn's Disease,loose,Thalidomide,thalidomide,미지,clinical,medium,TNF-α 생성과 T세포 활성화를 억제해 장 염증을 줄일 것으로 본다.,난치성 염증성 장질환에서 면역조절 효과가 보고되어 Crohn's Disease 재창출 후보로 자주 거론된다.
Crohn's Disease,loose,Lenalidomide,lenalidomide,미지,speculative,low,면역조절을 통해 TNF-α 및 염증성 T세포 반응을 낮출 것으로 본다.,thalidomide 계열의 면역조절 특성이 장 염증 억제에 기전상 연결될 수 있다.
Crohn's Disease,loose,Tacrolimus,tacrolimus,미지,clinical,medium,calcineurin 억제로 T세포 활성과 IL-2 생성을 감소시킬 것으로 본다.,강한 T세포 억제 효과가 난치성 장 염증의 단기 조절에 도움이 될 수 있다.
Crohn's Disease,loose,Cyclosporine,cyclosporine,미지,mechanistic,low,calcineurin 억제를 통해 T세포 매개 염증 반응을 줄일 것으로 본다.,면역세포 활성 억제는 Crohn's Disease의 염증성 병태생리에 기전상 부합한다.
Crohn's Disease,loose,Sirolimus,sirolimus,미지,mechanistic,low,mTOR 억제로 T세포 증식과 염증성 면역반응을 낮출 것으로 본다.,mTOR 경로는 면역세포 대사와 활성에 관여해 장 염증 조절 후보가 될 수 있다.
Crohn's Disease,loose,Everolimus,everolimus,미지,speculative,low,mTOR 억제를 통해 면역세포 증식과 염증 신호를 감소시킬 것으로 본다.,sirolimus와 유사한 면역대사 조절 기전이 Crohn's Disease 염증 억제에 그럴듯하다.
Crohn's Disease,loose,Metformin,metformin,미지,preclinical,low,AMPK 활성화와 NF-kB 억제를 통해 염증 반응과 장내 대사 이상을 완화할 것으로 본다.,대사-면역 연결 축을 조절해 장 점막 염증과 장내 미생물 환경에 영향을 줄 수 있다.
Crohn's Disease,loose,Rosuvastatin,rosuvastatin,미지,mechanistic,low,면역조절 및 항염 효과로 NF-kB 매개 염증을 낮출 것으로 본다.,statin 계열의 항염 작용이 장 점막 염증 감소에 기여할 가능성이 있다.
Crohn's Disease,loose,Atorvastatin,atorvastatin,미지,speculative,low,염증성 신호전달과 내피 활성화를 억제해 장 염증을 완화할 것으로 본다.,전신 항염 효과가 Crohn's Disease의 면역 활성 저하에 연결될 수 있다.
Crohn's Disease,loose,Colchicine,colchicine,미지,mechanistic,low,미세소관 억제를 통해 호중구 이동과 inflammasome 활성화를 줄일 것으로 본다.,선천면역 과활성 억제는 장 점막 염증이 두드러진 Crohn's Disease에서 기전상 타당하다.
Crohn's Disease,loose,Dapsone,dapsone,미지,speculative,low,호중구 기능과 산화성 염증 반응을 억제할 것으로 본다.,호중구 중심 염증을 낮추는 작용이 일부 Crohn's Disease 표현형에 도움이 될 수 있다.
Crohn's Disease,loose,Pentoxifylline,pentoxifylline,미지,mechanistic,low,TNF-α 생성 억제와 미세순환 개선을 통해 염증을 줄일 것으로 본다.,염증성 사이토카인 감소가 장 점막 손상 완화에 기여할 수 있다.
Crohn's Disease,loose,Naltrexone,naltrexone,중단,clinical,low,저용량에서 면역조절과 내인성 오피오이드 경로 변화를 통해 염증을 낮출 것으로 본다.,면역 항상성 조절이 Crohn's Disease 증상 및 점막 염증에 영향을 줄 가능성이 있다.
Crohn's Disease,loose,Budesonide,budesonide,승인,clinical,medium,국소 glucocorticoid 작용으로 장 점막 염증을 억제할 것으로 본다.,이미 다른 염증성 질환에 승인된 스테로이드로서 장관 국소 항염 효과가 강하다.
Acute Myeloid Leukemia,loose,thalidomide,thalidomide,미지,clinical,medium,면역조절과 항혈관신생 작용으로 백혈병 미세환경과 생존 신호를 약화시킬 수 있다.,"골수계 악성종양에서 면역조절제 계열의 항종양 효과가 보고되어 왔고, AML에서도 보조적 재창출 후보로 자주 거론된다."
Acute Myeloid Leukemia,loose,lenalidomide,lenalidomide,미지,clinical,medium,IKZF1/IKZF3 축을 통한 면역조절 및 항증식 효과로 AML 세포 생존을 저해할 수 있다.,"다발골수종과 일부 혈액암에서 확립된 면역조절제이며, AML에서 병용 재창출 가능성이 탐색되어 왔다."
Acute Myeloid Leukemia,loose,disulfiram,disulfiram,미지,preclinical,medium,알데하이드 탈수소효소 억제와 구리 의존성 산화 스트레스 유도로 AML 세포 사멸을 촉진할 수 있다.,전임상에서 AML 세포독성과 줄기세포 표적 가능성이 반복적으로 보고된 대표적 재창출 후보이다.
Acute Myeloid Leukemia,loose,metformin,metformin,미지,clinical,medium,AMPK 활성화와 mTOR 억제를 통해 대사 스트레스에 취약한 AML 세포의 증식을 억제할 수 있다.,"당뇨병 약물로서 항종양 재창출 연구가 많고, AML에서도 대사 표적 후보로 자주 평가된다."
Acute Myeloid Leukemia,loose,hydroxychloroquine,hydroxychloroquine,미지,clinical,medium,자가포식 억제를 통해 스트레스 적응과 치료 저항성을 약화시킬 수 있다.,"항말라리아제로서 자가포식 차단 재창출의 대표 약물이며, AML에서 병용 전략이 전임상 및 초기 임상에서 탐색되었다."
Acute Myeloid Leukemia,loose,all-trans retinoic acid,alltransretinoicacid,미지,clinical,medium,분화 유도를 통해 미성숙 골수아세포의 성숙과 사멸을 촉진할 수 있다.,급성 전골수성백혈병 외 AML 아형에서도 분화치료 재창출 가능성이 오래전부터 연구되었다.
Acute Myeloid Leukemia,loose,arsenic trioxide,arsenictrioxide,미지,clinical,medium,산화 스트레스와 단백질 항상성 교란을 통해 백혈병 세포 사멸을 유도할 수 있다.,APL 표준약이지만 다른 AML 아형에서도 병용 재창출 후보로 전임상 및 임상 탐색이 이루어졌다.
Acute Myeloid Leukemia,loose,clofarabine,clofarabine,미지,clinical,medium,퓨린 유사체로 DNA 합성과 복구를 억제하여 증식하는 AML 세포를 죽일 수 있다.,"다른 혈액암 적응증으로 승인된 항대사제이며, AML에서 기존 약물과의 병용 재창출 관점이 있다."
Acute Myeloid Leukemia,loose,cladribine,cladribine,미지,clinical,medium,DNA 합성 저해와 세포독성을 통해 AML blast의 증식을 억제할 수 있다.,"다른 혈액질환에 승인된 퓨린 유사체로, AML 병용요법 재창출 연구가 축적되어 있다."
Acute Myeloid Leukemia,loose,pentostatin,pentostatin,미지,mechanistic,low,아데노신 탈아미노효소 억제를 통해 핵산 대사를 교란하고 백혈병 세포를 억제할 수 있다.,"혈액암에서 사용된 경험이 있으며, AML에서 대사 취약성을 노리는 재창출 후보로 거론된다."
Acute Myeloid Leukemia,loose,gemtuzumab ozogamicin,gemtuzumabozogamicin,미지,clinical,low,CD33 표적 항체-약물 접합체로 AML blast에 선택적 세포독성을 유도한다.,"AML 자체 승인약이므로 원칙적으로 제외 대상이지만, 다른 맥락의 재창출 후보로는 적합하지 않아 보통 제외된다."
Acute Myeloid Leukemia,loose,bortezomib,bortezomib,미지,clinical,medium,프로테아좀 억제를 통해 단백질 스트레스와 NF-kB 생존 신호를 차단할 수 있다.,다발골수종 승인약으로 AML에서 병용 재창출 전임상 근거가 널리 보고되었다.
Acute Myeloid Leukemia,loose,carfilzomib,carfilzomib,미지,preclinical,medium,프로테아좀 억제를 통해 AML 세포의 단백질 항상성과 생존 신호를 붕괴시킬 수 있다.,프로테아좀 억제제 계열의 다른 승인약으로 AML 전임상 병용 후보로 연구되었다.
Acute Myeloid Leukemia,loose,vorinostat,vorinostat,미지,clinical,medium,히스톤 탈아세틸화효소 억제를 통해 분화와 세포사멸 관련 유전자 발현을 재프로그래밍할 수 있다.,림프종 승인약이며 AML에서 에피제네틱 재창출 후보로 임상 탐색이 이루어졌다.
Acute Myeloid Leukemia,loose,panobinostat,panobinostat,미지,clinical,medium,광범위 HDAC 억제로 AML 세포의 전사 프로그램과 생존 신호를 교란할 수 있다.,다른 혈액암 승인약으로 AML 전임상 및 초기 임상 재창출 연구가 보고되었다.
Acute Myeloid Leukemia,loose,valproic acid,valproicacid,미지,clinical,medium,HDAC 억제를 통해 분화 유도와 항증식 효과를 나타낼 수 있다.,신경계 질환 약물이지만 AML에서 분화치료 보조제로 오래전부터 재창출 연구가 진행되었다.
Acute Myeloid Leukemia,loose,sirolimus,sirolimus,미지,clinical,medium,mTOR 억제를 통해 성장 신호와 대사 프로그램을 차단할 수 있다.,면역억제제로 승인된 약물이며 AML에서 mTOR 축 표적 재창출 후보로 탐색되었다.
Acute Myeloid Leukemia,loose,everolimus,everolimus,중단,clinical,medium,mTOR 억제를 통해 AML 세포의 증식과 생존을 저해할 수 있다.,sirolimus와 같은 계열의 승인약으로 AML 병용 재창출 연구가 수행되었다.
Acute Myeloid Leukemia,loose,dasatinib,dasatinib,승인,clinical,medium,SRC/ABL 계열 키나아제 억제를 통해 신호전달 의존성을 차단할 수 있다.,"다른 백혈병에서 승인된 TKI로, AML의 특정 분자아형에서 재창출 가능성이 탐색되었다."
Acute Myeloid Leukemia,loose,ponatinib,ponatinib,승인,clinical,medium,다중 키나아제 억제를 통해 FLT3 및 관련 생존 신호를 차단할 수 있다.,다른 백혈병 승인 TKI로 AML에서 특히 FLT3 관련 재창출 후보로 연구되었다.
Amyotrophic Lateral Sclerosis,loose,Riluzole,riluzole,승인,clinical,high,Glutamate release inhibition and sodium channel modulation may reduce excitotoxic motor neuron injury.,"It is the established disease-modifying therapy for amyotrophic lateral sclerosis and is included here only as a reference standard, but it should be excluded from repurposing lists."
Amyotrophic Lateral Sclerosis,loose,Edaravone,edaravone,승인,clinical,high,Free-radical scavenging may reduce oxidative stress–mediated motor neuron damage.,It is an approved amyotrophic lateral sclerosis therapy and therefore not a repurposing candidate for this disease.
Amyotrophic Lateral Sclerosis,loose,Memantine,memantine,미지,clinical,medium,NMDA receptor antagonism may reduce glutamate-mediated excitotoxicity in motor neurons.,It is approved for Alzheimer disease and has been explored in amyotrophic lateral sclerosis based on excitotoxicity biology.
Amyotrophic Lateral Sclerosis,loose,Dextromethorphan,dextromethorphan,미지,mechanistic,low,NMDA receptor antagonism and sigma-1 receptor activity may dampen excitotoxic and stress-related neuronal injury.,It is approved as an antitussive and has mechanistic plausibility for amyotrophic lateral sclerosis through glutamatergic modulation.
Amyotrophic Lateral Sclerosis,loose,Amantadine,amantadine,미지,mechanistic,low,NMDA receptor antagonism may reduce excitotoxic stress on motor neurons.,It is approved for Parkinson disease and has been considered for amyotrophic lateral sclerosis because excitotoxicity is a central pathogenic pathway.
Amyotrophic Lateral Sclerosis,loose,Gabapentin,gabapentin,미지,clinical,medium,Alpha-2-delta calcium channel modulation may reduce presynaptic neurotransmitter release and excitotoxicity.,It is approved for neuropathic pain and has been tested in amyotrophic lateral sclerosis with a rationale centered on reducing neuronal hyperexcitability.
Amyotrophic Lateral Sclerosis,loose,Pregabalin,pregabalin,미지,mechanistic,low,Alpha-2-delta calcium channel modulation may reduce excitatory neurotransmission and neuronal stress.,"It is approved for neuropathic pain and is mechanistically similar to gabapentin, making it a plausible amyotrophic lateral sclerosis repurposing candidate."
Amyotrophic Lateral Sclerosis,loose,Tocopherol,tocopherol,미지,clinical,medium,Antioxidant activity may counter oxidative damage implicated in motor neuron degeneration.,It is approved as a vitamin supplement and has long been investigated in amyotrophic lateral sclerosis because oxidative stress is a major disease mechanism.
Amyotrophic Lateral Sclerosis,loose,Minocycline,minocycline,미지,clinical,medium,Microglial inhibition and anti-inflammatory effects may reduce neuroinflammation-driven motor neuron loss.,It is approved as an antibiotic and was studied in amyotrophic lateral sclerosis due to its anti-inflammatory and anti-apoptotic properties.
Amyotrophic Lateral Sclerosis,loose,Ceftriaxone,ceftriaxone,미지,clinical,medium,Upregulation of glutamate transporter expression may enhance glutamate clearance and reduce excitotoxicity.,It is an approved antibiotic that was advanced in amyotrophic lateral sclerosis based on preclinical evidence for increasing EAAT2 expression.
Amyotrophic Lateral Sclerosis,loose,Lithium,lithium,효능실패,clinical,medium,Glycogen synthase kinase-3 inhibition and autophagy modulation may support motor neuron survival.,It is approved for bipolar disorder and has been explored in amyotrophic lateral sclerosis because of proposed neuroprotective and autophagy-related effects.
Amyotrophic Lateral Sclerosis,loose,Valproic acid,valproicacid,미지,clinical,medium,Histone deacetylase inhibition and neuroprotective signaling may alter disease-relevant transcriptional programs.,It is approved for epilepsy and mood disorders and has been considered for amyotrophic lateral sclerosis on epigenetic and anti-excitotoxic grounds.
Amyotrophic Lateral Sclerosis,loose,Tamoxifen,tamoxifen,미지,preclinical,low,Protein kinase C modulation and anti-inflammatory signaling may influence motor neuron degeneration.,It is approved for breast cancer and has been proposed for amyotrophic lateral sclerosis based on preclinical neuroprotective effects.
Amyotrophic Lateral Sclerosis,loose,Rapamycin,rapamycin,미지,preclinical,medium,mTOR inhibition may enhance autophagy and clearance of toxic protein aggregates.,It is approved as an immunosuppressant and is mechanistically attractive in amyotrophic lateral sclerosis because proteostasis failure and autophagy defects are implicated.
Amyotrophic Lateral Sclerosis,loose,Metformin,metformin,미지,mechanistic,low,AMPK activation may improve cellular energy homeostasis and promote autophagy.,It is approved for type 2 diabetes and has been suggested for amyotrophic lateral sclerosis due to metabolic dysfunction and proteostasis hypotheses.
Amyotrophic Lateral Sclerosis,loose,Pioglitazone,pioglitazone,중단,clinical,medium,PPAR-gamma activation may reduce neuroinflammation and support mitochondrial function.,It is approved for type 2 diabetes and has been investigated in amyotrophic lateral sclerosis because inflammatory and metabolic pathways are involved.
Amyotrophic Lateral Sclerosis,loose,Losartan,losartan,미지,mechanistic,low,Angiotensin II type 1 receptor blockade may reduce neuroinflammation and fibrosis-like tissue responses.,It is approved for hypertension and has been proposed for amyotrophic lateral sclerosis based on anti-inflammatory and vascular-modulating effects.
Amyotrophic Lateral Sclerosis,loose,Propranolol,propranolol,미지,speculative,low,Beta-adrenergic blockade may reduce stress-related excitability and downstream metabolic burden.,It is approved for cardiovascular indications and has been speculated as a repurposing candidate in amyotrophic lateral sclerosis because adrenergic signaling can influence neuronal stress responses.
Amyotrophic Lateral Sclerosis,loose,Tetrabenazine,tetrabenazine,미지,speculative,low,Vesicular monoamine transporter 2 inhibition may reduce excitatory motor circuit drive and abnormal hyperexcitability.,It is approved for hyperkinetic movement disorders and has been considered only speculatively for amyotrophic lateral sclerosis due to motor circuit modulation.
Amyotrophic Lateral Sclerosis,loose,N-acetylcysteine,nacetylcysteine,미지,mechanistic,medium,Glutathione precursor and antioxidant effects may mitigate oxidative stress and redox imbalance.,It is approved as a mucolytic and antidote and is a plausible amyotrophic lateral sclerosis repurposing candidate because oxidative stress is central to disease biology.
Non-small Cell Lung Cancer,loose,Metformin,metformin,중단,clinical,medium,AMPK activation and mTOR pathway suppression may reduce NSCLC cell growth and metabolic fitness.,"Epidemiologic and preclinical studies have suggested antitumor activity in lung cancer, including NSCLC, especially in metabolically driven tumors."
Non-small Cell Lung Cancer,loose,Aspirin,aspirin,미지,clinical,low,"COX inhibition may reduce prostaglandin-mediated inflammation, angiogenesis, and tumor-promoting signaling.","Observational studies have linked aspirin exposure with altered lung cancer risk and outcomes, and preclinical work supports anti-inflammatory antitumor effects."
Non-small Cell Lung Cancer,loose,Atorvastatin,atorvastatin,미지,clinical,medium,"HMG-CoA reductase inhibition may impair mevalonate-dependent signaling, proliferation, and membrane dynamics in NSCLC cells.",Statins have shown antiproliferative effects in lung cancer models and have been explored in retrospective clinical analyses.
Non-small Cell Lung Cancer,loose,Doxycycline,doxycycline,미지,preclinical,medium,Mitochondrial protein synthesis inhibition may disrupt cancer stem-like cell metabolism and reduce tumor cell viability.,Preclinical studies in NSCLC have reported suppression of stemness and growth-related phenotypes with doxycycline.
Non-small Cell Lung Cancer,loose,Mebendazole,mebendazole,미지,preclinical,medium,Microtubule disruption and anti-angiogenic effects may inhibit NSCLC proliferation and tumor vascular support.,"Multiple preclinical reports have shown antitumor activity in lung cancer models, making it a common repurposing candidate."
Non-small Cell Lung Cancer,loose,Disulfiram,disulfiram,미지,preclinical,medium,Copper-dependent proteotoxic stress and aldehyde dehydrogenase inhibition may target cancer stem-like NSCLC cells.,"Preclinical studies have suggested activity against NSCLC, including effects on stemness and drug resistance pathways."
Non-small Cell Lung Cancer,loose,Chloroquine,chloroquine,미지,clinical,medium,Autophagy inhibition may sensitize NSCLC cells to stress and impair survival under therapy pressure.,"Autophagy blockade has been widely studied in lung cancer models, with chloroquine used as a prototypical repurposed agent."
Non-small Cell Lung Cancer,loose,Hydroxychloroquine,hydroxychloroquine,미지,clinical,medium,Lysosomal and autophagy inhibition may enhance tumor cell death and improve response to anticancer therapy.,"Clinical and translational studies have evaluated hydroxychloroquine in NSCLC combinations, especially with targeted or cytotoxic therapy."
Non-small Cell Lung Cancer,loose,Itraconazole,itraconazole,미지,clinical,medium,Hedgehog and angiogenesis pathway inhibition may suppress NSCLC growth and tumor vascularization.,"Itraconazole has been investigated in lung cancer, including clinical studies, because of its antiangiogenic and pathway-modulating effects."
Non-small Cell Lung Cancer,loose,Propranolol,propranolol,미지,mechanistic,low,"Beta-adrenergic blockade may reduce stress signaling, angiogenesis, and metastatic potential in NSCLC.",Preclinical and observational data suggest beta-blockade could influence lung cancer progression and immune microenvironment.
Non-small Cell Lung Cancer,loose,Probenecid,probenecid,미지,preclinical,low,Pannexin and purinergic signaling modulation may alter tumor microenvironment and inflammatory signaling in NSCLC.,Preclinical studies have proposed probenecid as a modulator of ATP release and tumor-associated signaling in lung cancer.
Non-small Cell Lung Cancer,loose,Niclosamide,niclosamide,미지,preclinical,medium,"Wnt/β-catenin, STAT3, and mitochondrial signaling inhibition may suppress NSCLC proliferation and stemness.",Extensive preclinical work has identified niclosamide as a multi-pathway anticancer candidate in NSCLC models.
Non-small Cell Lung Cancer,loose,Thioridazine,thioridazine,미지,preclinical,low,Dopamine receptor antagonism and cancer stem cell targeting may impair NSCLC growth and self-renewal.,"Preclinical studies have reported antitumor effects in lung cancer, particularly against stem-like populations."
Non-small Cell Lung Cancer,loose,Valproic acid,valproicacid,미지,clinical,medium,"Histone deacetylase inhibition may reprogram transcription, promote differentiation, and increase therapy sensitivity in NSCLC.","HDAC inhibitor repurposing has been explored in lung cancer, with valproic acid used in translational and clinical studies."
Non-small Cell Lung Cancer,loose,Sildenafil,sildenafil,미지,mechanistic,low,"PDE5 inhibition may modulate cGMP signaling, tumor immunity, and vascular function in the NSCLC microenvironment.",Preclinical and early translational studies have examined PDE5 inhibition as an adjunct strategy in lung cancer.
Non-small Cell Lung Cancer,loose,Ivermectin,ivermectin,미지,preclinical,low,Multiple signaling effects including Wnt-TCF and ion channel modulation may impair NSCLC cell survival.,"Preclinical studies have reported antiproliferative activity in several cancer models, including lung cancer."
Non-small Cell Lung Cancer,loose,Fenofibrate,fenofibrate,미지,preclinical,low,PPAR-alpha activation and metabolic rewiring may reduce lipid-dependent growth programs in NSCLC.,Preclinical work suggests fibrates can alter cancer metabolism and inhibit growth in lung cancer models.
Non-small Cell Lung Cancer,loose,Tamoxifen,tamoxifen,미지,mechanistic,low,Off-target modulation of protein kinase C and membrane signaling may affect NSCLC proliferation and survival.,"Although best known as endocrine therapy, tamoxifen has shown antiproliferative effects in non-breast cancer models including lung cancer."
Non-small Cell Lung Cancer,loose,Dabigatran,dabigatran,미지,speculative,low,"Thrombin inhibition may reduce coagulation-driven tumor progression, platelet-tumor interactions, and metastasis.",Cancer-associated thrombosis biology has motivated exploration of anticoagulants as modulators of tumor progression in lung cancer.
Non-small Cell Lung Cancer,loose,All-trans retinoic acid,alltransretinoicacid,미지,mechanistic,low,Retinoid receptor signaling may promote differentiation and suppress stem-like phenotypes in NSCLC.,"Retinoids have been studied in lung cancer biology and differentiation therapy concepts, with mixed but plausible translational rationale."
Breast Neoplasms,loose,Metformin,metformin,효능실패,clinical,high,AMPK 활성화와 mTOR 신호 억제를 통해 종양 세포 증식과 대사 적응을 저해할 수 있다.,"당뇨병 환자 코호트와 유방암 전임상 연구에서 항종양 가능성이 반복적으로 관찰되었고, 여러 임상시험에서 재창출 후보로 평가되었다."
Breast Neoplasms,loose,Propranolol,propranolol,중단,clinical,medium,"β-아드레날린 신호를 차단해 스트레스 매개 종양 성장, 혈관신생, 전이를 억제할 수 있다.","유방암에서 교감신경 활성과 예후의 연관성이 제시되었고, propranolol의 항종양 효과를 탐색한 소규모 임상 및 전임상 보고가 있다."
Breast Neoplasms,loose,Doxycycline,doxycycline,미지,preclinical,medium,미토콘드리아 번역과 MMP 활성을 억제해 암 줄기세포성 및 침윤성을 낮출 수 있다.,"유방암 줄기세포와 전이 억제에 대한 전임상 근거가 있으며, 재창출 후보로 자주 제안된다."
Breast Neoplasms,loose,Disulfiram,disulfiram,미지,preclinical,medium,알데하이드 탈수소효소 및 proteasome 관련 경로를 교란해 암 줄기세포와 생존 신호를 억제할 수 있다.,"유방암 세포 및 동물모델에서 항증식 효과가 보고되었고, 금속과의 복합 작용을 포함한 재창출 연구가 축적되어 있다."
Breast Neoplasms,loose,Itraconazole,itraconazole,미지,preclinical,medium,Hedgehog 및 혈관신생 관련 신호를 억제하고 막 수송을 교란해 종양 성장을 저해할 수 있다.,"다양한 고형암에서 항혈관신생 재창출 약물로 연구되었고, 유방암 전임상에서도 억제 효과가 보고되었다."
Breast Neoplasms,loose,Mebendazole,mebendazole,미지,preclinical,medium,미세소관 중합을 방해해 세포분열을 억제하고 종양 세포 사멸을 유도할 수 있다.,유방암 세포주와 이종이식 모델에서 증식 억제 및 전이 감소가 보고된 대표적 재창출 후보이다.
Breast Neoplasms,loose,Chloroquine,chloroquine,미지,clinical,high,자가포식을 억제해 스트레스 적응과 치료 저항성을 약화시킬 수 있다.,"유방암에서 자가포식 억제 기반의 감작 전략으로 광범위하게 연구되었고, 임상시험도 수행되었다."
Breast Neoplasms,loose,Hydroxychloroquine,hydroxychloroquine,중단,clinical,high,리소좀 기능과 자가포식을 억제해 종양 세포 생존을 저해할 수 있다.,유방암에서 표준치료와 병용하는 자가포식 억제 재창출 전략으로 여러 임상시험이 진행되었다.
Breast Neoplasms,loose,Thioridazine,thioridazine,미지,preclinical,medium,도파민 수용체 관련 신호를 통해 암 줄기세포성 및 생존을 억제할 수 있다.,"유방암 줄기세포 표적화 후보로 전임상에서 보고되었고, 항암 재창출 약물로 반복 제안되었다."
Breast Neoplasms,loose,Pimozide,pimozide,미지,preclinical,low,STAT3 및 도파민 관련 경로를 억제해 증식과 줄기세포성을 낮출 수 있다.,유방암 세포에서 성장 억제와 감작 효과가 보고된 정신과 약물 재창출 후보이다.
Breast Neoplasms,loose,Niclosamide,niclosamide,미지,preclinical,high,"Wnt/β-catenin, STAT3, mTOR 신호를 억제해 종양 성장과 전이를 저해할 수 있다.",유방암을 포함한 여러 암종에서 강한 전임상 항종양 활성이 보고된 대표적 재창출 약물이다.
Breast Neoplasms,loose,Sildenafil,sildenafil,미지,preclinical,low,cGMP 신호 조절과 면역억제성 미세환경 완화를 통해 항종양 면역을 보조할 수 있다.,유방암에서 면역조절 및 약물 감작 가능성이 전임상적으로 제시된 PDE5 억제제이다.
Breast Neoplasms,loose,Celecoxib,celecoxib,중단,clinical,medium,COX-2 억제를 통해 염증성 종양 미세환경과 증식을 줄일 수 있다.,"유방암에서 COX-2 발현과 예후 연관성이 알려져 있고, celecoxib의 항종양 재창출 가능성이 전임상 및 일부 임상에서 탐색되었다."
Breast Neoplasms,loose,Atorvastatin,atorvastatin,중단,clinical,medium,"메발론산 경로를 억제해 세포막 합성, 신호전달, 증식을 저해할 수 있다.",유방암 위험 및 예후와의 연관성 연구와 함께 전임상 항증식 효과가 보고된 statin 계열 후보이다.
Breast Neoplasms,loose,Lovastatin,lovastatin,중단,preclinical,medium,HMG-CoA 환원효소 억제를 통해 메발론산 의존성 종양 신호를 차단할 수 있다.,"유방암 세포주에서 증식 억제와 apoptosis 유도가 보고되었고, statin 재창출 문헌에서 자주 언급된다."
Breast Neoplasms,loose,Tamoxifen,tamoxifen,승인,clinical,high,에스트로겐 수용체 조절을 통해 호르몬 의존성 종양 성장을 억제할 수 있다.,"유방암의 표준치료로 널리 승인되어 있어 재창출 후보에서 제외되어야 하지만, 다른 맥락의 약물 재활용 예시로는 대표적이다."
Breast Neoplasms,loose,Raloxifene,raloxifene,미지,clinical,high,선택적 에스트로겐 수용체 조절을 통해 유방 상피 증식을 억제할 수 있다.,"유방암 예방 적응증으로 승인된 약물이어서 치료 재창출 후보로는 부적절하지만, 호르몬 축 표적의 대표 약물이다."
Breast Neoplasms,loose,Ivermectin,ivermectin,미지,preclinical,low,핵 수송과 Wnt/β-catenin 관련 신호를 교란해 종양 세포 생존을 저해할 수 있다.,유방암 세포에서 증식 억제와 전이 관련 경로 차단이 보고된 재창출 탐색 약물이다.
Breast Neoplasms,loose,Artesunate,artesunate,미지,preclinical,medium,산화 스트레스 유발과 세포사멸 경로 활성화를 통해 종양 세포를 손상시킬 수 있다.,유방암 전임상 모델에서 항증식 및 항전이 효과가 보고된 항말라리아제 재창출 후보이다.
Breast Neoplasms,loose,Valproic acid,valproicacid,중단,clinical,medium,HDAC 억제를 통해 유전자 발현을 재프로그래밍하고 분화 및 세포사멸을 유도할 수 있다.,"유방암에서 epigenetic 재창출 약물로 오래 연구되었고, 감작 및 항증식 전임상 근거가 있다."
Parkinson's Disease,loose,Exenatide,exenatide,미지,clinical,medium,"GLP-1 receptor agonism may improve neuronal survival, mitochondrial function, and neuroinflammation in dopaminergic neurons.",Parkinson's disease models and small clinical studies have suggested potential motor benefit and disease-modifying signals for GLP-1 receptor agonists.
Parkinson's Disease,loose,Liraglutide,liraglutide,미지,clinical,medium,GLP-1 receptor agonism may reduce neuroinflammation and support dopaminergic neuron resilience.,Preclinical studies and early clinical investigations have explored liraglutide for neuroprotection in Parkinson's disease.
Parkinson's Disease,loose,Dulaglutide,dulaglutide,미지,mechanistic,low,GLP-1 receptor agonism may modulate inflammatory and metabolic pathways relevant to neurodegeneration.,"As a long-acting GLP-1 receptor agonist, it is mechanistically similar to other agents under study for Parkinson's disease and could be repurposed for neuroprotective testing."
Parkinson's Disease,loose,Semaglutide,semaglutide,미지,mechanistic,low,GLP-1 receptor agonism may enhance neuronal stress resistance and reduce neuroinflammatory signaling.,"The class has attracted interest in Parkinson's disease, and semaglutide is a plausible candidate for repurposing based on CNS-active metabolic effects."
Parkinson's Disease,loose,Ibudilast,ibudilast,미지,preclinical,medium,Phosphodiesterase inhibition and glial modulation may reduce neuroinflammation and protect dopaminergic neurons.,Ibudilast has anti-inflammatory CNS activity and has been considered for neurodegenerative disorders including Parkinson's disease.
Parkinson's Disease,loose,Minocycline,minocycline,미지,clinical,medium,Microglial inhibition and anti-inflammatory effects may limit oxidative and inflammatory neuronal injury.,Minocycline has been studied in Parkinson's disease models and early clinical work because of its neuroprotective properties.
Parkinson's Disease,loose,Ambroxol,ambroxol,미지,clinical,medium,Pharmacological chaperoning of glucocerebrosidase may improve lysosomal function and alpha-synuclein handling.,"Ambroxol has been investigated in Parkinson's disease, especially in GBA-related biology and lysosomal dysfunction."
Parkinson's Disease,loose,Nilotinib,nilotinib,미지,clinical,medium,ABL kinase inhibition may enhance autophagy and reduce toxic protein accumulation.,Nilotinib has been explored in Parkinson's disease for potential effects on alpha-synuclein clearance and neuronal survival.
Parkinson's Disease,loose,Isradipine,isradipine,미지,clinical,high,L-type calcium channel blockade may reduce pacemaking-related calcium stress in vulnerable dopaminergic neurons.,Isradipine was advanced into clinical testing in Parkinson's disease based on a neuroprotective rationale.
Parkinson's Disease,loose,Rasagiline,rasagiline,승인,clinical,low,MAO-B inhibition may reduce oxidative stress and provide neuroprotective signaling beyond symptomatic benefit.,"Although used in Parkinson's disease, it is also a candidate for disease-modifying repurposing discussions because of its anti-apoptotic and antioxidant effects."
Parkinson's Disease,loose,Selegiline,selegiline,승인,clinical,low,MAO-B inhibition may lower oxidative stress and modulate dopaminergic metabolism.,"Selegiline has long been used symptomatically in Parkinson's disease, but its neuroprotective properties make it a repurposing-style candidate for mechanistic studies."
Parkinson's Disease,loose,Amantadine,amantadine,승인,clinical,low,NMDA receptor antagonism and effects on dopamine release may reduce excitotoxic stress and improve motor circuitry.,"Amantadine is approved for Parkinsonian symptoms, but its glutamatergic modulation keeps it relevant for broader repurposing hypotheses."
Parkinson's Disease,loose,Memantine,memantine,미지,mechanistic,low,NMDA receptor antagonism may reduce excitotoxicity and downstream neuronal injury.,Memantine has been considered for Parkinson's disease-related symptoms and could be explored for neuroprotective or dyskinesia-related effects.
Parkinson's Disease,loose,Pioglitazone,pioglitazone,미지,clinical,medium,PPAR-gamma activation may reduce neuroinflammation and improve mitochondrial and metabolic stress responses.,"Pioglitazone has been investigated in neurodegenerative disease contexts, including Parkinson's disease, because of anti-inflammatory actions."
Parkinson's Disease,loose,Metformin,metformin,미지,mechanistic,low,AMPK-related metabolic modulation may improve mitochondrial homeostasis and proteostasis.,Metformin has been proposed for Parkinson's disease based on epidemiologic and mechanistic links to neurodegeneration.
Parkinson's Disease,loose,Simvastatin,simvastatin,미지,clinical,low,Cholesterol-independent pleiotropic effects may reduce inflammation and oxidative stress in the brain.,Statins have been explored in Parkinson's disease because of potential anti-inflammatory and neuroprotective effects.
Parkinson's Disease,loose,Candesartan,candesartan,미지,mechanistic,low,"AT1 receptor blockade may reduce neuroinflammation, oxidative stress, and vascular contributions to neuronal injury.","Angiotensin pathway modulation has been proposed as a repurposing avenue in Parkinson's disease, with candesartan as a plausible candidate."
Parkinson's Disease,loose,Losartan,losartan,미지,mechanistic,low,AT1 receptor blockade may attenuate inflammatory and oxidative signaling relevant to dopaminergic degeneration.,Losartan is another angiotensin receptor blocker with a mechanistic rationale for neuroprotection in Parkinson's disease.
Parkinson's Disease,loose,Tocilizumab,tocilizumab,미지,speculative,low,IL-6 receptor blockade may dampen systemic and central inflammatory signaling that could worsen neurodegeneration.,"Immune-targeting strategies have been discussed for Parkinson's disease, and tocilizumab is a plausible anti-inflammatory repurposing candidate."
Parkinson's Disease,loose,Sargramostim,sargramostim,미지,clinical,medium,GM-CSF-mediated immune modulation may enhance neuroprotective immune responses and support neuronal repair.,Sargramostim has been explored in Parkinson's disease for potential effects on immune balance and motor function.
Coronary Artery Disease,loose,Colchicine,colchicine,미지,clinical,high,NLRP3 inflammasome 억제와 호중구 기능 저하를 통해 혈관 염증과 죽상경화성 플라크 염증을 줄일 것으로 본다.,관상동맥질환 환자에서 심혈관 사건 감소를 보인 COLCOT와 LoDoCo2가 있어 항염증 재창출 후보로 강하다.
Coronary Artery Disease,loose,Canakinumab,canakinumab,미지,clinical,high,IL-1β를 중화하여 IL-6 축과 전신 염증을 낮추고 죽상경화 진행을 억제할 것으로 본다.,CANTOS에서 심혈관 사건 감소 신호가 관찰되어 염증 표적 재창출의 대표 후보로 자주 거론된다.
Coronary Artery Disease,loose,Methotrexate,methotrexate,미지,clinical,medium,아데노신 매개 항염증 효과를 통해 혈관 염증을 줄일 것으로 본다.,염증성 질환에서 널리 쓰이며 관상동맥질환에서도 항염증 전략 후보로 연구되었지만 CIRT에서는 유의한 이득이 없었다.
Coronary Artery Disease,loose,Rivaroxaban,rivaroxaban,미지,clinical,high,Factor Xa 억제를 통해 혈전 형성을 줄여 죽상경화성 사건을 감소시킬 것으로 본다.,COMPASS에서 안정형 관상동맥질환/말초동맥질환 환자에서 사건 감소가 보여 항응고 재창출 후보로 적절하다.
Coronary Artery Disease,loose,Dabigatran,dabigatran,미지,mechanistic,low,Thrombin 억제를 통해 혈전 생성과 혈소판-응고 연계를 약화시킬 것으로 본다.,관상동맥질환에서 직접적 근거는 제한적이지만 혈전성 사건 감소를 노리는 항응고 재창출 후보로 기전상 타당하다.
Coronary Artery Disease,loose,Apixaban,apixaban,미지,mechanistic,low,Factor Xa 억제를 통해 혈전 형성과 혈관 내 혈전성 염증을 줄일 것으로 본다.,항응고 전략의 연장선에서 관상동맥질환의 잔여 혈전 위험을 낮출 후보로 고려될 수 있다.
Coronary Artery Disease,loose,Ticagrelor,ticagrelor,승인,clinical,high,P2Y12 수용체 억제를 통해 혈소판 활성화를 감소시키고 혈전 형성을 억제할 것으로 본다.,"급성관상동맥증후군과 만성 관상동맥질환에서 이미 널리 쓰이지만, 추가적인 항염증 효과까지 고려하면 재창출 관점의 확장 후보로 볼 수 있다."
Coronary Artery Disease,loose,Vorapaxar,vorapaxar,미지,clinical,medium,PAR-1 억제를 통해 트롬빈 매개 혈소판 활성화를 차단할 것으로 본다.,죽상경화성 혈전 사건 감소를 목표로 한 항혈소판 재창출 후보이며 관상동맥질환에서 기전상 적합하다.
Coronary Artery Disease,loose,Ezetimibe,ezetimibe,미지,clinical,high,장내 콜레스테롤 흡수를 억제하여 LDL 콜레스테롤을 낮추고 플라크 부담을 줄일 것으로 본다.,IMPROVE-IT에서 심혈관 사건 감소가 보여 지질저하 재창출 후보로 확립도가 높다.
Coronary Artery Disease,loose,Fenofibrate,fenofibrate,미지,clinical,medium,PPAR-α 활성화를 통해 중성지방을 낮추고 지질 이상과 혈관 염증을 완화할 것으로 본다.,고중성지방혈증 동반 관상동맥질환에서 잔여 위험 감소 후보로 자주 검토되었다.
Coronary Artery Disease,loose,Icosapent ethyl,icosapentethyl,미지,clinical,high,오메가-3 지방산 효과로 중성지방과 염증성 지질 매개체를 줄여 죽상경화성 사건을 감소시킬 것으로 본다.,REDUCE-IT에서 심혈관 사건 감소가 보여 관상동맥질환 재창출 후보로 매우 유력하다.
Coronary Artery Disease,loose,Bempedoic acid,bempedoicacid,미지,clinical,high,ATP citrate lyase 억제를 통해 간에서 콜레스테롤 합성을 낮추고 LDL을 감소시킬 것으로 본다.,CLEAR Outcomes에서 심혈관 사건 감소가 보여 스타틴 대안 또는 보완 재창출 후보로 적절하다.
Coronary Artery Disease,loose,Alirocumab,alirocumab,미지,clinical,high,PCSK9를 억제하여 LDL 수용체 재활용을 증가시키고 LDL 콜레스테롤을 크게 낮출 것으로 본다.,FOURIER와 ODYSSEY OUTCOMES 계열 근거로 관상동맥질환의 강력한 지질저하 재창출 후보이다.
Coronary Artery Disease,loose,Evolocumab,evolocumab,미지,clinical,high,PCSK9 억제를 통해 LDL 콜레스테롤을 감소시키고 죽상경화 진행을 늦출 것으로 본다.,심혈관 사건 감소 근거가 확립되어 있으며 관상동맥질환에서 재창출이라기보다 확장 적용 후보로도 유효하다.
Coronary Artery Disease,loose,Liraglutide,liraglutide,미지,clinical,high,"GLP-1 수용체 활성화를 통해 체중, 혈당, 염증 및 내피 기능을 개선할 것으로 본다.",당뇨병 동반 고위험 환자에서 심혈관 사건 감소가 보여 관상동맥질환 위험 저감 후보로 적절하다.
Coronary Artery Disease,loose,Empagliflozin,empagliflozin,미지,clinical,high,SGLT2 억제를 통해 심부하와 대사 스트레스를 줄이고 심혈관 위험을 낮출 것으로 본다.,심혈관질환 고위험군에서 사건 감소가 확인되어 관상동맥질환 환자군의 재창출 후보로 고려된다.
Coronary Artery Disease,loose,Dapagliflozin,dapagliflozin,미지,clinical,medium,SGLT2 억제를 통해 혈역학적 부담과 대사 이상을 완화하여 심혈관 사건을 줄일 것으로 본다.,심부전 및 당뇨병 영역의 강한 근거를 바탕으로 관상동맥질환의 위험 저감 후보로 검토 가능하다.
Coronary Artery Disease,loose,Metformin,metformin,미지,clinical,medium,AMPK 활성화와 인슐린 저항성 개선을 통해 대사 위험과 혈관 염증을 낮출 것으로 본다.,당뇨병 환자에서 장기 심혈관 이득 신호가 있어 관상동맥질환의 대사 기반 재창출 후보로 자주 언급된다.
Coronary Artery Disease,loose,Spironolactone,spironolactone,미지,mechanistic,low,"미네랄코르티코이드 수용체 차단을 통해 혈관 염증, 섬유화, 내피 기능 이상을 완화할 것으로 본다.",심혈관 리모델링과 염증 조절 관점에서 관상동맥질환의 보조 재창출 후보로 기전상 타당하다.
Coronary Artery Disease,loose,Allopurinol,allopurinol,미지,mechanistic,low,Xanthine oxidase 억제를 통해 산화스트레스와 내피 기능 장애를 줄일 것으로 본다.,산화스트레스 기반 혈관질환에서 연구되어 왔고 관상동맥질환의 보조적 재창출 후보로 고려될 수 있다.
Duchenne Muscular Dystrophy,loose,Ataluren,ataluren,승인,clinical,high,Premature stop codon readthrough to restore dystrophin translation in nonsense mutation DMD.,"Nonsense mutation Duchenne muscular dystrophy has been the main clinical target for stop-codon readthrough approaches, with ataluren studied in phase 2/3 programs."
Duchenne Muscular Dystrophy,loose,Vamorolone,vamorolone,미지,clinical,high,Dissociative glucocorticoid receptor modulation to reduce inflammation with potentially less steroid toxicity.,"Glucocorticoid pathway modulation is central in DMD management, and vamorolone has been evaluated in DMD clinical studies as a steroid-sparing anti-inflammatory agent."
Duchenne Muscular Dystrophy,loose,Deflazacort,deflazacort,승인,clinical,high,Glucocorticoid-mediated suppression of muscle inflammation and immune injury.,"Although already used in DMD, it is also an approved drug in other indications and remains a benchmark for anti-inflammatory repurposing in this disease."
Duchenne Muscular Dystrophy,loose,Prednisone,prednisone,중단,clinical,high,Broad glucocorticoid anti-inflammatory and immunomodulatory effects that may slow muscle degeneration.,Prednisone is a canonical comparator in DMD and illustrates the therapeutic value of repurposed anti-inflammatory steroids in dystrophinopathy.
Duchenne Muscular Dystrophy,loose,Eplerenone,eplerenone,미지,clinical,high,Mineralocorticoid receptor antagonism to reduce cardiac and skeletal muscle fibrosis and remodeling.,"Mineralocorticoid blockade has been explored in DMD cardiomyopathy, including clinical studies of eplerenone."
Duchenne Muscular Dystrophy,loose,Losartan,losartan,미지,clinical,medium,Angiotensin II type 1 receptor blockade to attenuate TGF-beta-driven fibrosis and muscle remodeling.,"RAAS inhibition has been investigated in DMD for anti-fibrotic and cardioprotective effects, with losartan as a representative candidate."
Duchenne Muscular Dystrophy,loose,Perindopril,perindopril,미지,clinical,high,ACE inhibition to reduce afterload and potentially slow cardiomyopathic progression.,"ACE inhibitors are commonly repurposed in DMD cardiomyopathy, and perindopril has been used in clinical management studies."
Duchenne Muscular Dystrophy,loose,Carvedilol,carvedilol,미지,clinical,medium,Beta-adrenergic and alpha-adrenergic blockade to reduce cardiac stress and improve ventricular remodeling.,"Beta-blockade is a standard cardioprotective repurposing strategy in DMD-associated cardiomyopathy, with carvedilol as a plausible option."
Duchenne Muscular Dystrophy,loose,Metformin,metformin,미지,preclinical,medium,AMPK activation and metabolic reprogramming to improve mitochondrial function and reduce fibrosis.,"Metabolic modulation has been proposed for dystrophic muscle, and metformin has preclinical rationale in DMD models."
Duchenne Muscular Dystrophy,loose,Sildenafil,sildenafil,중단,clinical,medium,Phosphodiesterase 5 inhibition to enhance nitric oxide-cGMP signaling and improve muscle perfusion.,"NO-cGMP pathway defects are implicated in DMD, and sildenafil has been tested in dystrophic muscle and cardiac contexts."
Duchenne Muscular Dystrophy,loose,Tadalafil,tadalafil,효능실패,clinical,medium,Phosphodiesterase 5 inhibition to augment nitric oxide-cGMP signaling and vascular function.,"Like sildenafil, tadalafil has been explored for improving perfusion and muscle function in DMD-related studies."
Duchenne Muscular Dystrophy,loose,Simvastatin,simvastatin,미지,preclinical,low,Pleiotropic anti-inflammatory and anti-fibrotic effects via HMG-CoA reductase inhibition.,"Statins have been proposed to modulate fibrosis and inflammation in dystrophic muscle, with simvastatin as a commonly studied candidate."
Duchenne Muscular Dystrophy,loose,Pioglitazone,pioglitazone,미지,preclinical,low,PPAR-gamma activation to shift metabolism and suppress inflammatory-fibrotic signaling.,"PPAR modulation has been suggested to improve muscle pathology in dystrophic models, making pioglitazone a plausible repurposing candidate."
Duchenne Muscular Dystrophy,loose,N-acetylcysteine,nacetylcysteine,미지,preclinical,medium,Glutathione replenishment and antioxidant activity to reduce oxidative stress in dystrophic muscle.,"Oxidative stress is a recognized contributor to DMD pathology, and antioxidant repurposing with N-acetylcysteine has mechanistic support."
Duchenne Muscular Dystrophy,loose,Idebenone,idebenone,미지,clinical,medium,Mitochondrial electron transport support and antioxidant protection to limit energy failure and oxidative injury.,"Mitochondrial dysfunction is relevant in DMD, and idebenone has been explored as a mitochondrial-targeted repurposing candidate."
Duchenne Muscular Dystrophy,loose,Tamoxifen,tamoxifen,미지,preclinical,low,Selective estrogen receptor modulation with potential anti-fibrotic and membrane-stabilizing effects.,Tamoxifen has been investigated in muscular dystrophy contexts for anti-fibrotic and muscle-protective effects.
Duchenne Muscular Dystrophy,loose,Ruxolitinib,ruxolitinib,미지,preclinical,low,JAK1/2 inhibition to dampen cytokine-driven inflammation and downstream muscle damage.,"JAK-STAT signaling contributes to inflammatory pathology in dystrophic muscle, making ruxolitinib a mechanistically plausible repurposing candidate."
Duchenne Muscular Dystrophy,loose,Rapamycin,rapamycin,미지,preclinical,medium,mTOR inhibition to enhance autophagy and improve proteostasis in dystrophic muscle.,"Autophagy and proteostasis defects are implicated in DMD, and rapamycin has been studied in muscular dystrophy models."
Duchenne Muscular Dystrophy,loose,Spermidine,spermidine,미지,preclinical,low,Autophagy induction and cellular stress resistance to support muscle homeostasis.,"Autophagy-enhancing strategies have preclinical rationale in DMD, and spermidine is a repurposable autophagy modulator."
Duchenne Muscular Dystrophy,loose,Pentoxifylline,pentoxifylline,미지,preclinical,medium,Phosphodiesterase inhibition and TNF-alpha suppression to reduce inflammation and fibrosis.,"Pentoxifylline has long been considered for inflammatory and fibrotic muscle disease modulation, including dystrophinopathy models."
Stroke,loose,cilostazol,cilostazol,미지,clinical,high,"Phosphodiesterase 3 inhibition increases cAMP, inhibits platelet aggregation, and may improve cerebral microcirculation and endothelial function.",Antiplatelet and vasodilatory effects make it plausible for ischemic stroke prevention and recovery; it has been studied in stroke-related contexts such as CSPS and PICASSO.
Stroke,loose,dipyridamole,dipyridamole,미지,clinical,high,Phosphodiesterase inhibition and adenosine reuptake blockade reduce platelet activation and may enhance cerebral blood flow.,"Used in vascular prevention and studied in stroke recurrence prevention, making it a plausible repurposing candidate for ischemic stroke."
Stroke,loose,ticagrelor,ticagrelor,미지,clinical,medium,P2Y12 receptor antagonism reduces platelet aggregation and thromboinflammation.,"Although an antiplatelet already used in vascular disease, its stronger platelet inhibition and stroke-prevention studies support repurposing exploration in selected stroke settings."
Stroke,loose,clopidogrel,clopidogrel,중단,clinical,medium,P2Y12 receptor antagonism reduces platelet aggregation and arterial thrombosis.,"Widely used in atherosclerotic disease and stroke prevention, but still of interest for specific stroke subtypes or combination strategies beyond standard use."
Stroke,loose,rivaroxaban,rivaroxaban,미지,clinical,medium,Factor Xa inhibition reduces thrombin generation and embolic risk.,Mechanistically relevant to cardioembolic stroke prevention and potentially to selected nonstandard thromboembolic stroke contexts.
Stroke,loose,apixaban,apixaban,효능실패,clinical,medium,Factor Xa inhibition reduces thrombin generation and embolic risk.,Strong anticoagulant rationale for embolic stroke prevention and possible repurposing in niche stroke phenotypes.
Stroke,loose,dabigatran,dabigatran,미지,clinical,medium,Direct thrombin inhibition reduces fibrin clot formation and embolic events.,"Established in atrial fibrillation-related stroke prevention, but still a candidate for broader stroke-related thromboembolic prevention questions."
Stroke,loose,atorvastatin,atorvastatin,미지,clinical,high,HMG-CoA reductase inhibition lowers LDL and exerts pleiotropic anti-inflammatory and endothelial-stabilizing effects.,Statin pleiotropy and trials such as SPARCL support interest in acute and secondary stroke-related neurovascular protection.
Stroke,loose,rosuvastatin,rosuvastatin,미지,clinical,medium,HMG-CoA reductase inhibition lowers LDL and may improve endothelial function and inflammation.,"As a potent statin, it is mechanistically plausible for vascular protection and stroke recurrence reduction beyond lipid lowering."
Stroke,loose,evolocumab,evolocumab,미지,clinical,medium,PCSK9 inhibition markedly lowers LDL cholesterol and may reduce atherosclerotic cerebrovascular events.,"Although not a stroke drug per se, its vascular event reduction makes it a plausible repurposing candidate for atherosclerotic stroke prevention."
Stroke,loose,colchicine,colchicine,미지,clinical,medium,Microtubule inhibition suppresses inflammasome activation and vascular inflammation.,"Inflammation contributes to atherosclerotic stroke risk, and colchicine has been explored in cardiovascular prevention relevant to stroke."
Stroke,loose,canakinumab,canakinumab,미지,clinical,low,Interleukin-1β neutralization reduces systemic and vascular inflammation.,"Inflammatory pathways are implicated in stroke risk and recovery, making IL-1β blockade a plausible repurposing avenue."
Stroke,loose,anakinra,anakinra,미지,preclinical,low,Interleukin-1 receptor antagonism dampens acute inflammatory signaling and may limit ischemia-reperfusion injury.,Preclinical and translational work suggests IL-1 blockade could reduce post-stroke inflammation and secondary injury.
Stroke,loose,minocycline,minocycline,효능실패,clinical,medium,"Tetracycline-class anti-inflammatory and anti-apoptotic effects may reduce microglial activation, matrix metalloproteinases, and neuronal injury.",Frequently studied in acute ischemic stroke and recovery because of neuroprotective and anti-inflammatory properties.
Stroke,loose,fluoxetine,fluoxetine,미지,clinical,high,Selective serotonin reuptake inhibition may enhance neuroplasticity and motor recovery after stroke.,Trials such as FLAME and later post-stroke recovery studies made it a prominent repurposing candidate for rehabilitation.
Stroke,loose,sertraline,sertraline,미지,clinical,medium,Selective serotonin reuptake inhibition may support post-stroke neuroplasticity and mood-related recovery.,"SSRIs have been investigated for post-stroke recovery and depression, with potential functional benefits in rehabilitation settings."
Stroke,loose,memantine,memantine,미지,mechanistic,medium,NMDA receptor antagonism may reduce excitotoxic neuronal injury during ischemia.,"Excitotoxicity is central in stroke pathophysiology, making memantine a mechanistically plausible neuroprotective repurposing candidate."
Stroke,loose,amantadine,amantadine,미지,mechanistic,low,Dopaminergic and NMDA-modulating effects may support arousal and neurorecovery after brain injury.,"Used in disorders of consciousness and sometimes explored for post-stroke recovery, especially in severe neurologic deficits."
Stroke,loose,edaravone,edaravone,승인,clinical,medium,Free radical scavenging may reduce oxidative stress and reperfusion injury.,"Oxidative injury is important in ischemic stroke, and edaravone has been studied as a neuroprotective agent in cerebrovascular disease."
Stroke,loose,allopurinol,allopurinol,미지,clinical,low,Xanthine oxidase inhibition reduces reactive oxygen species and may improve endothelial function.,"Oxidative stress and endothelial dysfunction are relevant to stroke, and allopurinol has been explored for vascular protection."
Traumatic Brain Injury,loose,Amantadine,amantadine,미지,clinical,high,도파민성 신호를 강화하고 NMDA 수용체를 조절해 각성 및 인지 회복을 돕는 것으로 본다.,"외상성 뇌손상 후 각성 장애와 인지 회복에서 반복적으로 연구된 재창출 후보이며, 특히 회복기 신경기능 개선 가능성이 제시되었다."
Traumatic Brain Injury,loose,Propranolol,propranolol,미지,clinical,medium,"교감신경 과활성을 억제해 카테콜아민 독성, 대사 과항진, 2차 뇌손상을 줄일 수 있다.",중증 외상성 뇌손상에서 과교감 상태와 예후 악화를 완화하는 후보로 임상 및 중환자 연구가 축적되어 있다.
Traumatic Brain Injury,loose,Minocycline,minocycline,미지,preclinical,high,"미세아교세포 활성과 염증성 사이토카인, 세포사멸 경로를 억제해 신경염증을 줄인다.","동물 외상성 뇌손상 모델에서 신경보호 효과가 반복 보고되었고, 염증 억제 기반 재창출 후보로 자주 거론된다."
Traumatic Brain Injury,loose,N-acetylcysteine,nacetylcysteine,미지,clinical,high,글루타티온 전구체로서 산화스트레스를 낮추고 흥분독성 및 미토콘드리아 손상을 완화한다.,"외상성 뇌손상, 특히 경도 뇌진탕 후 증상 개선을 목표로 한 임상 연구와 군 관련 연구가 알려져 있다."
Traumatic Brain Injury,loose,Memantine,memantine,미지,preclinical,medium,NMDA 수용체 길항을 통해 흥분독성과 칼슘 과유입을 줄여 2차 신경손상을 완화한다.,"외상성 뇌손상에서 흥분독성 억제 전략으로 전임상 근거가 있으며, 인지 회복 후보로 검토되어 왔다."
Traumatic Brain Injury,loose,Erythropoietin,erythropoietin,미지,clinical,medium,"항아폽토시스, 항염증, 혈관보호 및 신경재생 신호를 통해 손상 후 회복을 촉진할 수 있다.",외상성 뇌손상에서 신경보호 및 기능 회복을 목표로 한 임상시험과 전임상 연구가 다수 보고되었다.
Traumatic Brain Injury,loose,Statins,statins,미지,clinical,low,"내피기능 개선, 항염증, 항산화 및 신경가소성 촉진을 통해 회복을 도울 수 있다.",외상성 뇌손상 후 예후 개선과 염증 조절을 겨냥한 재창출 후보로 여러 관찰연구와 전임상 자료가 있다.
Traumatic Brain Injury,loose,Metformin,metformin,미지,preclinical,medium,AMPK 조절을 통해 대사 항상성을 회복하고 염증과 세포사멸을 줄일 수 있다.,외상성 뇌손상 모델에서 신경보호와 인지 회복 가능성이 제시되어 대사 기반 재창출 후보로 검토된다.
Traumatic Brain Injury,loose,Simvastatin,simvastatin,미지,preclinical,medium,혈관내피 보호와 항염증 작용으로 뇌혈류와 회복 환경을 개선할 수 있다.,외상성 뇌손상 전임상 연구에서 기능 회복과 병변 감소가 보고되어 대표적 재창출 후보로 언급된다.
Traumatic Brain Injury,loose,Pioglitazone,pioglitazone,미지,preclinical,medium,PPAR-γ 활성화를 통해 미세아교세포 염증 반응과 산화스트레스를 억제한다.,외상성 뇌손상 동물모델에서 신경염증 감소와 조직보호 효과가 보고된 항염증 재창출 후보이다.
Traumatic Brain Injury,loose,Rosiglitazone,rosiglitazone,미지,preclinical,low,PPAR-γ 매개 항염증 및 대사 조절로 2차 손상을 줄일 수 있다.,외상성 뇌손상에서 염증 억제와 기능 회복을 목표로 한 전임상 근거가 있다.
Traumatic Brain Injury,loose,Cerebrolysin,cerebrolysin,미지,clinical,medium,"신경영양성 펩타이드 혼합물로서 신경가소성, 축삭 재생, 세포 생존을 촉진할 수 있다.",외상성 뇌손상 및 뇌졸중에서 회복 촉진 후보로 임상 연구가 수행되어 왔다.
Traumatic Brain Injury,loose,Donepezil,donepezil,미지,clinical,medium,아세틸콜린 분해를 억제해 주의력과 기억 회복을 돕는다.,"외상성 뇌손상 후 인지장애, 특히 기억 및 주의 결손에 대한 재창출 후보로 임상적으로 검토되어 왔다."
Traumatic Brain Injury,loose,Methylphenidate,methylphenidate,미지,clinical,high,"도파민 및 노르에피네프린 재흡수를 억제해 주의력, 처리속도, 실행기능을 개선할 수 있다.",외상성 뇌손상 후 인지 및 각성 저하에 대해 임상적으로 사용과 연구가 이루어진 후보이다.
Traumatic Brain Injury,loose,Modafinil,modafinil,미지,clinical,medium,각성 촉진과 도파민성 신호 조절을 통해 피로와 졸림을 줄일 수 있다.,외상성 뇌손상 후 과도한 졸림과 피로에 대한 재창출 후보로 임상 연구가 있다.
Traumatic Brain Injury,loose,Sertraline,sertraline,미지,clinical,medium,세로토닌 재흡수를 억제해 우울 증상과 신경가소성 저하를 완화할 수 있다.,외상성 뇌손상 후 우울 및 회복기 정서 증상 관리에서 재창출 후보로 자주 사용되고 연구되었다.
Traumatic Brain Injury,loose,Fluoxetine,fluoxetine,미지,clinical,low,세로토닌 재흡수 억제를 통해 기분 증상과 가소성 관련 회복을 촉진할 수 있다.,외상성 뇌손상 후 우울과 기능 회복을 겨냥한 임상 및 전임상 연구가 보고되었다.
Traumatic Brain Injury,loose,Levetiracetam,levetiracetam,미지,clinical,medium,시냅스 소포 단백질 결합을 통해 과흥분성 신경활동과 발작 위험을 낮춘다.,외상성 뇌손상 후 발작 예방 및 인지 영향에 대해 재창출 후보로 연구되어 왔다.
Traumatic Brain Injury,loose,Nimodipine,nimodipine,미지,clinical,low,칼슘 유입을 억제해 혈관연축과 허혈성 2차 손상을 줄일 수 있다.,외상성 뇌손상 후 혈관성 2차 손상과 예후 개선을 목표로 한 임상 연구가 존재한다.
Traumatic Brain Injury,loose,Tocilizumab,tocilizumab,미지,mechanistic,low,IL-6 수용체를 차단해 급성 염증 반응과 신경염증 연쇄를 완화할 수 있다.,외상성 뇌손상에서 사이토카인 매개 염증을 표적하는 면역조절 재창출 후보로 기전상 타당성이 있다.
Pain,loose,duloxetine,duloxetine,미지,clinical,high,세로토닌·노르에피네프린 재흡수를 억제해 하행성 통증 억제 경로를 강화한다.,신경병증성 통증과 만성 근골격계 통증에서 진통 효과가 보고되어 통증 조절 축을 넓게 겨냥할 수 있다.
Pain,loose,pregabalin,pregabalin,중단,clinical,high,전압개폐성 칼슘채널의 α2δ 소단위에 결합해 흥분성 신경전달물질 방출을 줄인다.,"신경병증성 통증에서 확립된 약리로, 통증 과흥분 상태 전반에 재창출 가능성이 있다."
Pain,loose,gabapentin,gabapentin,중단,clinical,high,전압개폐성 칼슘채널 α2δ 소단위 억제를 통해 중추 감작과 신경 흥분성을 낮춘다.,"여러 통증 증후군에서 사용 경험이 있고, 특히 신경병증성 통증 후보로 자주 검토된다."
Pain,loose,amitriptyline,amitriptyline,미지,clinical,high,세로토닌·노르에피네프린 재흡수 억제와 함께 통증 조절 회로를 강화한다.,만성 통증과 신경병증성 통증에서 오래전부터 사용되어 온 대표적 재창출 후보이다.
Pain,loose,venlafaxine,venlafaxine,미지,clinical,medium,세로토닌·노르에피네프린 재흡수를 억제해 하행성 통증 억제를 증강한다.,신경병증성 통증과 섬유근통 유사 증상에서 탐색된 바 있어 후보성이 있다.
Pain,loose,tramadol,tramadol,승인,clinical,high,μ-오피오이드 수용체 작용과 세로토닌·노르에피네프린 재흡수 억제를 통해 진통을 유도한다.,"통증 질환에서 이미 진통제로 쓰이지만, 다른 통증 아형으로의 재창출 관점에서도 기전상 범용성이 높다."
Pain,loose,ketamine,ketamine,중단,clinical,high,NMDA 수용체 길항으로 중추 감작과 통증 증폭을 억제한다.,난치성 통증과 중추 감작 관련 통증에서 반복적으로 탐색된 약물이다.
Pain,loose,memantine,memantine,미지,clinical,medium,NMDA 수용체를 비경쟁적으로 차단해 흥분독성과 중추 감작을 완화한다.,만성 통증과 신경병증성 통증에서 재창출 가능성이 제기되어 왔다.
Pain,loose,dextromethorphan,dextromethorphan,미지,mechanistic,medium,NMDA 수용체 길항 및 신경흥분 억제를 통해 통증 신호 증폭을 낮춘다.,중추 감작이 관여하는 통증에서 기전상 후보로 자주 거론된다.
Pain,loose,lamotrigine,lamotrigine,미지,clinical,medium,전압개폐성 나트륨채널 억제와 글루타메이트 방출 감소로 신경 과흥분을 낮춘다.,신경병증성 통증과 통각과민 모델에서 재창출 후보로 연구된 바 있다.
Pain,loose,carbamazepine,carbamazepine,미지,clinical,high,전압개폐성 나트륨채널을 억제해 반복 발화와 통증 신호 전달을 줄인다.,"신경병증성 통증, 특히 삼차신경통 계열에서 강한 기전적 타당성이 있다."
Pain,loose,mexiletine,mexiletine,미지,clinical,medium,경구 나트륨채널 차단으로 말초 신경의 과흥분성을 감소시킨다.,말초 신경병증성 통증에서 재창출 후보로 오래 검토되어 온 항부정맥제이다.
Pain,loose,topiramate,topiramate,미지,clinical,medium,나트륨채널 억제와 글루타메이트성 흥분 전달 감소를 통해 통증 과흥분을 낮춘다.,편두통 외에도 신경병증성 통증과 만성 통증에서 탐색된 적이 있다.
Pain,loose,clonidine,clonidine,승인,clinical,medium,α2-아드레날린 수용체 작용으로 교감신경성 통증 신호와 통증 전달을 억제한다.,신경축 차단 및 국소 진통 보조제로 사용 경험이 있어 재창출 여지가 있다.
Pain,loose,baclofen,baclofen,효능실패,clinical,medium,GABA-B 수용체 작용으로 척수 수준의 통증 전달과 근긴장을 낮춘다.,경직성 통증과 일부 신경병증성 통증에서 보조적 후보로 고려된다.
Pain,loose,naltrexone,naltrexone,승인,clinical,medium,오피오이드 수용체 길항과 미세아교세포 활성 조절을 통해 통증 증폭을 낮출 수 있다.,저용량 naltrexone 개념으로 만성 통증과 섬유근통에서 재창출 논의가 활발하다.
Pain,loose,minocycline,minocycline,미지,preclinical,medium,미세아교세포 활성과 신경염증을 억제해 통증 감작을 완화한다.,염증성 및 신경병증성 통증 모델에서 반복적으로 유망한 결과가 보고되었다.
Pain,loose,celecoxib,celecoxib,승인,clinical,high,COX-2 억제를 통해 염증성 프로스타글란딘 생성을 줄여 통증을 완화한다.,"염증성 통증의 표준 약물군이지만, 특정 통증 아형 재창출 후보로도 여전히 유효하다."
Pain,loose,colchicine,colchicine,미지,clinical,medium,미세소관 중합 억제와 염증세포 이동 억제를 통해 염증성 통증을 줄인다.,"염증 매개 통증, 특히 결정성 관절염 관련 통증에서 기전상 명확한 후보이다."
Pain,loose,thalidomide,thalidomide,미지,clinical,medium,TNF-α 생성 억제와 면역조절을 통해 염증성 및 신경병증성 통증을 완화할 수 있다.,난치성 염증성 통증과 암성 통증 보조요법에서 재창출 가능성이 논의되어 왔다.
"Dermatitis, Atopic",loose,dupilumab,dupilumab,승인,clinical,high,IL-4/IL-13 signaling blockade reduces type 2 inflammation and pruritus in atopic skin disease.,"Widely established for atopic dermatitis and therefore excluded as a repurposing candidate, but included here only to note it is not appropriate for this request."
"Dermatitis, Atopic",loose,baricitinib,baricitinib,승인,clinical,high,JAK1/2 inhibition can suppress cytokine signaling involved in skin inflammation and itch.,"Approved for atopic dermatitis, so it is not a repurposing candidate for this disease."
"Dermatitis, Atopic",loose,upadacitinib,upadacitinib,승인,clinical,high,Selective JAK1 inhibition may reduce inflammatory cytokine signaling and pruritus.,Approved for atopic dermatitis and therefore excluded from true repurposing.
"Dermatitis, Atopic",loose,abrocitinib,abrocitinib,승인,clinical,high,JAK1 inhibition can dampen type 2 and other inflammatory pathways in eczema.,"Approved for atopic dermatitis, so it is not a repurposing candidate."
"Dermatitis, Atopic",loose,tralokinumab,tralokinumab,미지,clinical,high,IL-13 neutralization reduces type 2 inflammation and barrier dysfunction.,Approved for atopic dermatitis and therefore excluded from repurposing.
"Dermatitis, Atopic",loose,lebrikizumab,lebrikizumab,미지,clinical,high,IL-13 blockade may reduce eczema inflammation and itch.,"Approved for atopic dermatitis, so it is not a repurposing candidate."
"Dermatitis, Atopic",loose,crisaborole,crisaborole,승인,clinical,high,PDE4 inhibition increases intracellular cAMP and reduces inflammatory mediator release.,Approved for atopic dermatitis and therefore excluded from repurposing.
"Dermatitis, Atopic",loose,ruxolitinib,ruxolitinib,미지,clinical,high,JAK1/2 inhibition can suppress inflammatory cytokine signaling in skin.,"Approved for atopic dermatitis in topical form, so it is not a repurposing candidate."
"Dermatitis, Atopic",loose,methotrexate,methotrexate,미지,clinical,medium,Antimetabolite and immunomodulator that can reduce T-cell driven skin inflammation.,Used off-label in severe atopic dermatitis with clinical experience and small studies.
"Dermatitis, Atopic",loose,cyclosporine,cyclosporine,미지,clinical,high,Calcineurin inhibition suppresses T-cell activation and downstream cytokine production.,Longstanding off-label systemic option for severe atopic dermatitis with supportive clinical evidence.
"Dermatitis, Atopic",loose,azathioprine,azathioprine,미지,clinical,medium,Purine synthesis inhibition reduces lymphocyte proliferation and inflammatory activity.,Has been used off-label in refractory atopic dermatitis in clinical practice and studies.
"Dermatitis, Atopic",loose,mycophenolate mofetil,mycophenolatemofetil,미지,clinical,medium,Inhibits inosine monophosphate dehydrogenase to reduce lymphocyte proliferation.,Reported in refractory atopic dermatitis with some clinical benefit in small studies.
"Dermatitis, Atopic",loose,omalizumab,omalizumab,미지,clinical,low,Anti-IgE therapy may reduce allergic sensitization and downstream mast cell activation.,"Studied in atopic dermatitis with mixed results, especially in IgE-high phenotypes."
"Dermatitis, Atopic",loose,secukinumab,secukinumab,미지,clinical,low,IL-17A blockade may help inflammatory skin disease subsets with Th17 contribution.,"Mechanistically plausible and explored in eczema-like disease, though clinical results are limited."
"Dermatitis, Atopic",loose,ustekinumab,ustekinumab,미지,clinical,low,IL-12/23 blockade may reduce Th1/Th17-skewed inflammation.,Has been tried in atopic dermatitis with limited and inconsistent clinical benefit.
"Dermatitis, Atopic",loose,apremilast,apremilast,미지,mechanistic,low,PDE4 inhibition can reduce proinflammatory cytokine production and itch signaling.,Mechanistically plausible and has been explored in inflammatory dermatoses including eczema.
Heart Failure,loose,Vericiguat,vericiguat,승인,clinical,medium,"Soluble guanylate cyclase stimulation may improve myocardial and vascular signaling, reducing afterload and adverse remodeling.","Although already studied in heart failure, it is approved for other cardiovascular indications in some regions and is often considered for repurposing-style pathway targeting; VICTORIA supports the pathway in worsening heart failure."
Heart Failure,loose,Ivabradine,ivabradine,승인,clinical,high,Selective heart-rate reduction via If-channel inhibition may lower myocardial oxygen demand and improve filling time.,"It is approved for angina and other non-HF indications in some settings, and SHIFT showed benefit in systolic heart failure, making it a classic repurposing-style candidate."
Heart Failure,loose,Metformin,metformin,미지,clinical,medium,AMPK activation and improved metabolic efficiency may reduce insulin resistance and myocardial energetic stress.,"Widely approved for diabetes, with observational and mechanistic literature suggesting potential benefit in heart failure, especially in metabolic phenotypes."
Heart Failure,loose,Empagliflozin,empagliflozin,승인,clinical,high,"SGLT2 inhibition may reduce preload/afterload, improve renal-cardiac coupling, and attenuate inflammation and fibrosis.","Approved for diabetes and other indications; EMPEROR-Reduced and EMPEROR-Preserved support heart failure benefit, making it a strong repurposing candidate."
Heart Failure,loose,Dapagliflozin,dapagliflozin,승인,clinical,high,"SGLT2 inhibition may improve natriuresis, cardiac energetics, and congestion control.","Approved for diabetes and kidney disease; DAPA-HF and DELIVER support heart failure efficacy, so it is a well-established repurposing example."
Heart Failure,loose,Canagliflozin,canagliflozin,미지,clinical,medium,SGLT2 inhibition may reduce volume overload and improve cardiorenal interactions.,Approved for diabetes and kidney disease; class effects suggest potential utility in heart failure despite less direct HF-specific evidence than some peers.
Heart Failure,loose,Sitagliptin,sitagliptin,미지,clinical,low,DPP-4 inhibition may modulate incretin signaling and inflammatory pathways relevant to myocardial function.,"Approved for diabetes; heart failure signals have been mixed, but it remains a plausible metabolic repurposing candidate."
Heart Failure,loose,Pioglitazone,pioglitazone,미지,clinical,low,"PPAR-gamma activation may improve insulin sensitivity and alter myocardial substrate use, though fluid retention is a concern.","Approved for diabetes; despite known HF risk, it is mechanistically relevant and sometimes explored in carefully selected metabolic phenotypes."
Heart Failure,loose,Allopurinol,allopurinol,미지,clinical,medium,Xanthine oxidase inhibition may reduce oxidative stress and improve endothelial and myocardial function.,"Approved for gout; oxidative stress reduction has been explored in heart failure, including studies of exercise capacity and endothelial function."
Heart Failure,loose,Colchicine,colchicine,중단,mechanistic,medium,Microtubule inhibition and anti-inflammatory effects may reduce inflammasome-driven myocardial injury and remodeling.,"Approved for gout and pericarditis; anti-inflammatory strategies are attractive in heart failure, especially inflammatory or post-injury phenotypes."
Heart Failure,loose,Ranolazine,ranolazine,중단,mechanistic,medium,Late sodium current inhibition may improve diastolic relaxation and reduce intracellular calcium overload.,Approved for angina; mechanistic studies suggest potential benefit in heart failure with ischemia or diastolic dysfunction.
Heart Failure,loose,Trimetazidine,trimetazidine,미지,clinical,medium,Shifting myocardial metabolism toward glucose oxidation may improve energetic efficiency under ischemic stress.,Approved for angina in some countries; small studies and mechanistic data suggest possible benefit in heart failure symptoms and function.
Heart Failure,loose,Mebendazole,mebendazole,미지,preclinical,low,Microtubule disruption may interfere with maladaptive signaling and pathological remodeling pathways.,Approved as an anthelmintic; preclinical work has suggested unexpected cardiovascular effects that could be explored in heart failure.
Heart Failure,loose,Minocycline,minocycline,미지,preclinical,medium,Anti-inflammatory and anti-apoptotic actions may reduce myocardial injury and fibrosis.,Approved as an antibiotic; preclinical literature supports attenuation of cardiac remodeling in pressure-overload and ischemic models.
Heart Failure,loose,Pentoxifylline,pentoxifylline,미지,clinical,medium,Phosphodiesterase-related hemorheologic and anti-TNF effects may improve microcirculation and reduce inflammation.,Approved for peripheral vascular disease; small clinical studies have explored improved ejection fraction and symptoms in heart failure.
Heart Failure,loose,Hydralazine,hydralazine,승인,clinical,high,Arterial vasodilation may reduce afterload and improve forward flow.,"Approved for hypertension; while used in heart failure in combination regimens, it remains a repurposing-style vasodilator candidate for selected patients."
Heart Failure,loose,Isosorbide dinitrate,isosorbidedinitrate,승인,clinical,high,Venodilation and nitric oxide donation may reduce preload and improve hemodynamics.,"Approved for angina; it has established heart failure use in combination strategies, but can still be viewed as a repurposed antianginal vasodilator."
Heart Failure,loose,Sildenafil,sildenafil,중단,clinical,medium,PDE5 inhibition may enhance nitric oxide-cGMP signaling and reduce pulmonary vascular resistance.,Approved for erectile dysfunction and pulmonary arterial hypertension; it has been explored in heart failure with pulmonary hypertension and right ventricular dysfunction.
Heart Failure,loose,Tadalafil,tadalafil,중단,mechanistic,medium,PDE5 inhibition may improve pulmonary hemodynamics and ventricular-vascular coupling.,Approved for erectile dysfunction and pulmonary arterial hypertension; mechanistic rationale exists for heart failure with secondary pulmonary hypertension.
Heart Failure,loose,Spironolactone,spironolactone,승인,clinical,high,"Mineralocorticoid receptor antagonism may reduce sodium retention, fibrosis, and adverse remodeling.","Approved for edema and hyperaldosteronism; it is already used in heart failure, but remains a classic repurposed endocrine drug for this disease."
Melanoma,loose,Aspirin,aspirin,미지,mechanistic,low,COX 억제를 통해 염증성 미세환경과 종양 촉진성 프로스타글란딘 신호를 낮출 수 있다.,"멜라노마의 염증-면역 축과 전이 과정에 대한 억제 가능성이 제기되어 왔으며, 역학 및 전임상 연구에서 항종양 신호가 보고되었다."
Melanoma,loose,Metformin,metformin,효능실패,preclinical,medium,AMPK 활성화와 mTOR 억제를 통해 종양 세포 대사와 증식을 저해할 수 있다.,멜라노마 세포주와 동물모델에서 증식 억제 및 치료 감작 가능성이 반복적으로 보고되었다.
Melanoma,loose,Doxycycline,doxycycline,미지,preclinical,low,미토콘드리아 단백질 합성과 MMP 활성을 억제해 종양 생존과 침윤을 약화시킬 수 있다.,"멜라노마에서 줄기성, 침윤성, 미토콘드리아 의존성을 낮춘다는 전임상 보고가 있다."
Melanoma,loose,Dapsone,dapsone,미지,mechanistic,low,호중구 관련 염증과 ROS 매개 신호를 줄여 종양 미세환경을 변화시킬 수 있다.,멜라노마의 염증성 미세환경 및 면역세포 상호작용을 조절할 가능성이 전임상적으로 제시되었다.
Melanoma,loose,Propranolol,propranolol,미지,preclinical,medium,β-아드레날린 신호를 차단해 스트레스 유도성 종양 성장과 혈관신생을 억제할 수 있다.,"멜라노마에서 카테콜아민-βAR 축이 침윤과 전이를 촉진한다는 보고가 있으며, 비선택적 베타차단제의 항종양 가능성이 제시되었다."
Melanoma,loose,Mifepristone,mifepristone,미지,mechanistic,low,글루코코르티코이드 수용체 및 프로게스테론 수용체 신호를 교란해 생존 신호를 약화시킬 수 있다.,멜라노마에서 스테로이드 수용체 관련 성장 조절과 세포사멸 유도가 전임상적으로 관찰되었다.
Melanoma,loose,Chloroquine,chloroquine,미지,preclinical,medium,자가포식 억제를 통해 스트레스 적응과 치료 저항성을 낮출 수 있다.,"멜라노마에서 자가포식 의존성이 보고되었고, chloroquine이 항암제 감작을 유도한다는 전임상 근거가 있다."
Melanoma,loose,Hydroxychloroquine,hydroxychloroquine,미지,clinical,medium,리소좀 기능과 자가포식을 억제해 종양 세포 생존을 방해할 수 있다.,멜라노마에서 자가포식 차단 전략의 대표 약물로 전임상 및 초기 임상 탐색이 이루어졌다.
Melanoma,loose,Disulfiram,disulfiram,미지,preclinical,low,알데하이드 탈수소효소 및 proteasome 관련 경로를 교란해 암 줄기세포성과 생존을 억제할 수 있다.,"멜라노마 세포에서 세포독성 및 항전이 효과가 보고되었고, 구리와의 병용 항암 가능성이 제시되었다."
Melanoma,loose,Itraconazole,itraconazole,미지,preclinical,low,Hedgehog 및 혈관신생 관련 신호를 억제해 종양 성장과 침윤을 줄일 수 있다.,멜라노마에서 증식 억제와 항혈관신생 효과가 전임상적으로 보고되었다.
Melanoma,loose,Thalidomide,thalidomide,미지,mechanistic,low,면역조절과 항혈관신생 작용으로 종양 미세환경을 억제할 수 있다.,멜라노마에서 혈관신생 억제 및 면역조절 기반의 항종양 가능성이 오래전부터 탐색되었다.
Melanoma,loose,Valproic acid,valproicacid,중단,preclinical,medium,HDAC 억제를 통해 분화 유도와 세포사멸 민감도를 높일 수 있다.,"멜라노마 세포에서 성장 억제, 분화 변화, 치료 감작 효과가 보고되었다."
Melanoma,loose,Vorinostat,vorinostat,미지,preclinical,medium,히스톤 탈아세틸화 억제를 통해 종양 억제 유전자 발현과 세포사멸을 촉진할 수 있다.,"멜라노마에서 HDAC 억제 전략의 전임상 근거가 있으며, 병용 치료 감작 가능성이 제시되었다."
Melanoma,loose,Sirolimus,sirolimus,미지,preclinical,medium,mTOR 억제를 통해 성장 신호와 대사 적응을 차단할 수 있다.,"멜라노마에서 PI3K-AKT-mTOR 축의 중요성이 크며, mTOR 억제제의 항증식 효과가 전임상적으로 보고되었다."
Melanoma,loose,Everolimus,everolimus,미지,preclinical,medium,mTORC1 억제를 통해 단백질 합성과 세포 성장 신호를 낮출 수 있다.,"멜라노마에서 mTOR 경로 표적화가 반복적으로 탐색되었고, 병용 시 감작 가능성이 제시되었다."
Melanoma,loose,Tamoxifen,tamoxifen,미지,clinical,low,비정형 세포독성 및 PKC 관련 신호 교란을 통해 종양 생존을 저해할 수 있다.,멜라노마에서 오래전부터 단독 또는 병용 항암제로 시험된 전임상 및 초기 임상 탐색이 있다.
Melanoma,loose,Chlorpromazine,chlorpromazine,미지,preclinical,low,리소좀 기능과 칼모듈린 관련 신호를 교란해 종양 세포 스트레스를 유발할 수 있다.,멜라노마 세포에서 증식 억제와 세포사멸 유도가 보고된 바 있다.
Melanoma,loose,Niclosamide,niclosamide,미지,preclinical,medium,Wnt/β-catenin 및 STAT3 신호를 억제해 증식과 전이를 줄일 수 있다.,"멜라노마에서 줄기성, 침윤, 치료 저항성 관련 경로를 억제한다는 전임상 근거가 있다."
Melanoma,loose,Cimetidine,cimetidine,미지,mechanistic,low,히스타민 H2 수용체 차단을 통해 면역조절과 종양 부착 신호를 약화시킬 수 있다.,멜라노마에서 면역 및 전이 관련 보조요법 가능성이 오래전부터 제기되었다.
Melanoma,loose,Fenofibrate,fenofibrate,미지,preclinical,low,PPARα 활성화를 통해 지질대사와 미토콘드리아 대사를 재편해 종양 성장을 억제할 수 있다.,멜라노마 세포에서 대사 스트레스 유도와 증식 억제가 보고되었다.
Systemic Lupus Erythematosus,loose,abatacept,abatacept,미지,clinical,medium,T-cell costimulation blockade via CTLA-4–mediated inhibition of CD80/CD86 signaling may reduce autoreactive lymphocyte activation in systemic lupus erythematosus.,"Autoimmune pathogenesis in systemic lupus erythematosus is strongly driven by T-cell help to B cells, making costimulation blockade a plausible repurposing strategy; clinical studies have explored this axis in lupus nephritis and extrarenal disease."
Systemic Lupus Erythematosus,loose,rituximab,rituximab,미지,clinical,high,CD20-mediated B-cell depletion may lower autoantibody production and antigen presentation in systemic lupus erythematosus.,"B-cell hyperactivity is central to lupus biology, and rituximab has been widely studied in refractory systemic lupus erythematosus despite mixed randomized trial results."
Systemic Lupus Erythematosus,loose,belimumab,belimumab,승인,clinical,high,BAFF inhibition reduces survival signals for autoreactive B cells and may dampen autoantibody-driven inflammation.,"BAFF is a validated lupus pathway and belimumab has been tested extensively in systemic lupus erythematosus, but it is already approved for this disease and therefore not a repurposing candidate."
Systemic Lupus Erythematosus,loose,anifrolumab,anifrolumab,미지,clinical,high,Type I interferon receptor blockade may suppress interferon-driven immune activation characteristic of systemic lupus erythematosus.,"The interferon signature is a hallmark of lupus biology and anifrolumab has shown efficacy in clinical trials, but it is already approved for systemic lupus erythematosus and thus excluded as a repurposing candidate."
Systemic Lupus Erythematosus,loose,tofacitinib,tofacitinib,미지,clinical,medium,JAK inhibition may blunt cytokine and interferon signaling that sustains lupus inflammation.,"JAK-STAT signaling is implicated in lupus pathogenesis, and small studies plus preclinical work suggest potential benefit in cutaneous and systemic disease."
Systemic Lupus Erythematosus,loose,baricitinib,baricitinib,미지,clinical,medium,JAK1/2 inhibition may reduce type I interferon and inflammatory cytokine signaling in systemic lupus erythematosus.,Baricitinib has mechanistic appeal in interferon-high lupus and has been evaluated in clinical studies for systemic lupus erythematosus.
Systemic Lupus Erythematosus,loose,upadacitinib,upadacitinib,미지,mechanistic,low,Selective JAK1 inhibition may suppress interferon- and cytokine-mediated immune activation in lupus.,"JAK1 is a key node in inflammatory signaling relevant to lupus, making upadacitinib a plausible repurposing candidate despite limited direct lupus data."
Systemic Lupus Erythematosus,loose,filgotinib,filgotinib,미지,speculative,low,JAK1 inhibition may attenuate cytokine signaling and downstream autoimmunity in systemic lupus erythematosus.,"As with other JAK inhibitors, filgotinib could theoretically reduce lupus inflammatory pathways, though direct evidence is sparse."
Systemic Lupus Erythematosus,loose,sirolimus,sirolimus,미지,clinical,medium,mTOR inhibition may restore T-cell homeostasis and reduce aberrant immune activation in lupus.,"mTOR dysregulation has been linked to lupus immune dysfunction, and sirolimus has been studied in systemic lupus erythematosus and lupus nephritis."
Systemic Lupus Erythematosus,loose,everolimus,everolimus,미지,mechanistic,low,mTOR inhibition may reduce lymphocyte activation and autoimmunity in systemic lupus erythematosus.,"The mTOR pathway is implicated in lupus pathogenesis, making everolimus a mechanistically similar alternative to sirolimus for repurposing exploration."
Systemic Lupus Erythematosus,loose,hydroxychloroquine,hydroxychloroquine,승인,clinical,high,Endosomal toll-like receptor inhibition and lysosomal pH modulation reduce innate immune activation and autoantigen sensing.,Hydroxychloroquine is already a standard therapy in systemic lupus erythematosus and therefore excluded as a repurposing candidate.
Systemic Lupus Erythematosus,loose,colchicine,colchicine,미지,speculative,low,"Microtubule disruption may reduce neutrophil activation, inflammasome signaling, and tissue inflammation in lupus.","Colchicine has anti-inflammatory effects relevant to serositis and cutaneous inflammation, and has been considered in autoimmune overlap settings including lupus."
Systemic Lupus Erythematosus,loose,apremilast,apremilast,미지,speculative,low,PDE4 inhibition may lower pro-inflammatory cytokine production and modulate immune cell activation.,"Apremilast has immunomodulatory effects that could theoretically benefit inflammatory skin and joint manifestations of lupus, though direct evidence is limited."
Systemic Lupus Erythematosus,loose,methotrexate,methotrexate,중단,clinical,medium,Antimetabolite-mediated suppression of lymphocyte proliferation may reduce inflammatory arthritis and systemic immune activation.,"Methotrexate is used off-label for lupus arthritis and cutaneous disease, with longstanding clinical experience in autoimmune conditions."
Systemic Lupus Erythematosus,loose,leflunomide,leflunomide,중단,clinical,medium,Dihydroorotate dehydrogenase inhibition reduces pyrimidine synthesis and T-cell proliferation.,Leflunomide has been explored in lupus nephritis and systemic lupus erythematosus because of its antiproliferative immunomodulatory effects.
Systemic Lupus Erythematosus,loose,mycophenolate mofetil,mycophenolatemofetil,중단,clinical,high,Inhibition of inosine monophosphate dehydrogenase suppresses lymphocyte proliferation and autoantibody-associated inflammation.,"Mycophenolate mofetil is already a standard therapy in lupus nephritis and systemic lupus erythematosus, so it is not a repurposing candidate."
Systemic Lupus Erythematosus,loose,azathioprine,azathioprine,승인,clinical,high,Purine synthesis inhibition reduces lymphocyte proliferation and immune activation.,Azathioprine is already used in systemic lupus erythematosus maintenance therapy and is therefore excluded as a repurposing candidate.
Systemic Lupus Erythematosus,loose,dapsone,dapsone,미지,clinical,medium,Neutrophil-modulating anti-inflammatory activity may help cutaneous and vasculitic lupus manifestations.,"Dapsone has been used off-label for refractory cutaneous lupus and related neutrophilic dermatoses, suggesting a niche repurposing opportunity."
Systemic Lupus Erythematosus,loose,thalidomide,thalidomide,미지,clinical,medium,TNF- and cytokine-modulating immunosuppression may improve refractory cutaneous lupus inflammation.,Thalidomide has historical clinical use in refractory cutaneous lupus erythematosus and related inflammatory skin disease.
Systemic Lupus Erythematosus,loose,lenalidomide,lenalidomide,미지,clinical,medium,Immunomodulatory effects on cytokine production and T-cell function may benefit refractory cutaneous lupus.,"Lenalidomide has been investigated as a thalidomide analog for cutaneous lupus, though safety and flare risk remain concerns."
Type 2 Diabetes Mellitus,loose,Metformin,metformin,승인,clinical,high,AMPK 활성화와 간 포도당 생성 억제를 통해 인슐린 저항성과 고혈당을 완화할 수 있다.,제2형 당뇨병의 표준치료이므로 재창출 후보에서 제외되어야 한다.
Type 2 Diabetes Mellitus,loose,Acarbose,acarbose,승인,clinical,high,장내 알파-글루코시다아제를 억제해 식후 혈당 상승을 낮출 수 있다.,제2형 당뇨병에 이미 승인된 약물이므로 재창출 후보가 아니다.
Type 2 Diabetes Mellitus,loose,Pioglitazone,pioglitazone,승인,clinical,high,PPAR-γ 활성화를 통해 인슐린 감수성을 높일 수 있다.,제2형 당뇨병에 이미 승인된 약물이므로 재창출 후보가 아니다.
Type 2 Diabetes Mellitus,loose,Rosiglitazone,rosiglitazone,중단,clinical,high,PPAR-γ 활성화를 통해 인슐린 감수성을 높일 수 있다.,제2형 당뇨병에 이미 승인된 약물이므로 재창출 후보가 아니다.
Type 2 Diabetes Mellitus,loose,Sitagliptin,sitagliptin,승인,clinical,high,DPP-4 억제를 통해 인크레틴 신호를 강화하고 인슐린 분비를 증가시킬 수 있다.,제2형 당뇨병에 이미 승인된 약물이므로 재창출 후보가 아니다.
Type 2 Diabetes Mellitus,loose,Empagliflozin,empagliflozin,승인,clinical,high,SGLT2 억제를 통해 신장에서 포도당 재흡수를 줄여 혈당을 낮출 수 있다.,제2형 당뇨병에 이미 승인된 약물이므로 재창출 후보가 아니다.
Type 2 Diabetes Mellitus,loose,Exenatide,exenatide,중단,clinical,high,GLP-1 수용체를 자극해 인슐린 분비를 늘리고 글루카곤을 억제할 수 있다.,제2형 당뇨병에 이미 승인된 약물이므로 재창출 후보가 아니다.
Type 2 Diabetes Mellitus,loose,Liraglutide,liraglutide,승인,clinical,high,GLP-1 수용체를 자극해 인슐린 분비를 늘리고 식욕을 줄일 수 있다.,제2형 당뇨병에 이미 승인된 약물이므로 재창출 후보가 아니다.
Type 2 Diabetes Mellitus,loose,Orlistat,orlistat,미지,clinical,medium,장내 지방 흡수를 억제해 체중 감소를 유도하고 간접적으로 인슐린 저항성을 개선할 수 있다.,"비만 치료제로 승인되어 있으며, 체중 감소를 통한 대사 개선이 제2형 당뇨병에 유리할 수 있다."
Type 2 Diabetes Mellitus,loose,Topiramate,topiramate,미지,clinical,medium,식욕 억제와 체중 감소를 통해 인슐린 저항성을 완화할 수 있다.,"편두통 및 간질 치료제로 승인되어 있고, 체중 감소 효과가 제2형 당뇨병 대사 개선에 도움이 될 수 있다."
Type 2 Diabetes Mellitus,loose,Bupropion,bupropion,미지,clinical,medium,중추성 식욕 조절을 통해 체중 감소와 인슐린 감수성 개선에 기여할 수 있다.,"우울증 및 금연 치료제로 승인되어 있으며, 체중 관련 대사 개선 가능성이 있다."
Type 2 Diabetes Mellitus,loose,Naltrexone,naltrexone,미지,clinical,low,보상회로와 식욕 조절을 변화시켜 체중 감소를 통해 혈당 조절에 간접적으로 도움을 줄 수 있다.,"알코올 및 오피오이드 사용장애 치료제로 승인되어 있고, 비만 관련 대사 개선에 활용 가능성이 있다."
Type 2 Diabetes Mellitus,loose,Aspirin,aspirin,미지,mechanistic,low,염증 신호와 혈소판 활성화를 줄여 대사성 염증과 인슐린 저항성에 영향을 줄 수 있다.,"항혈소판제로 승인되어 있으며, 저등급 염증이 제2형 당뇨병 병태생리에 관여한다는 점에서 재창출 가능성이 있다."
Type 2 Diabetes Mellitus,loose,Atorvastatin,atorvastatin,중단,clinical,low,지질 저하와 함께 염증 및 내피 기능을 개선해 대사 위험을 낮출 수 있다.,"이상지질혈증 치료제로 승인되어 있고, 심혈관 위험이 높은 제2형 당뇨병 환자에서 대사 환경 개선 가능성이 있다."
Type 2 Diabetes Mellitus,loose,Losartan,losartan,미지,mechanistic,low,RAAS 억제를 통해 인슐린 감수성과 췌장 베타세포 스트레스를 개선할 수 있다.,"고혈압 치료제로 승인되어 있으며, RAAS 차단이 당대사에 유리할 수 있다는 기전적 근거가 있다."
Type 2 Diabetes Mellitus,loose,Verapamil,verapamil,미지,preclinical,low,칼슘 유입을 조절해 베타세포 기능과 스트레스 반응을 개선할 수 있다.,"고혈압 및 부정맥 치료제로 승인되어 있고, 베타세포 보호 가능성이 제기되어 왔다."
Type 2 Diabetes Mellitus,loose,Dapagliflozin,dapagliflozin,승인,clinical,high,SGLT2 억제를 통해 신장에서 포도당 재흡수를 줄여 혈당을 낮출 수 있다.,제2형 당뇨병에 이미 승인된 약물이므로 재창출 후보가 아니다.
Type 2 Diabetes Mellitus,loose,Canagliflozin,canagliflozin,승인,clinical,high,SGLT2 억제를 통해 신장에서 포도당 재흡수를 줄여 혈당을 낮출 수 있다.,제2형 당뇨병에 이미 승인된 약물이므로 재창출 후보가 아니다.
Type 2 Diabetes Mellitus,loose,Semaglutide,semaglutide,승인,clinical,high,GLP-1 수용체를 자극해 인슐린 분비를 늘리고 식욕을 줄일 수 있다.,제2형 당뇨병에 이미 승인된 약물이므로 재창출 후보가 아니다.
Type 2 Diabetes Mellitus,loose,Dulaglutide,dulaglutide,승인,clinical,high,GLP-1 수용체를 자극해 인슐린 분비를 늘리고 식욕을 줄일 수 있다.,제2형 당뇨병에 이미 승인된 약물이므로 재창출 후보가 아니다.
Lung Cancer,loose,Metformin,metformin,중단,clinical,medium,AMPK 활성화와 mTOR 억제를 통해 종양 세포 증식과 대사 적응을 저해할 수 있다.,"폐암에서 대사 재프로그래밍을 겨냥한 재창출 후보로 자주 연구되었고, 역학 및 전임상 근거가 축적되어 있다."
Lung Cancer,loose,Aspirin,aspirin,미지,mechanistic,low,COX 억제와 염증성 미세환경 조절을 통해 종양 촉진 신호를 낮출 수 있다.,항염증 및 항혈소판 효과가 전이와 종양 미세환경에 영향을 줄 가능성이 있어 폐암 재창출 후보로 거론된다.
Lung Cancer,loose,Atorvastatin,atorvastatin,미지,clinical,medium,"메발론산 경로 억제를 통해 세포막 합성, 신호전달, 증식을 저해할 수 있다.",스타틴 계열은 폐암에서 증식 억제와 감작 효과가 보고되어 재창출 후보로 연구되어 왔다.
Lung Cancer,loose,Doxycycline,doxycycline,미지,preclinical,low,미토콘드리아 기능과 MMP 활성을 억제하여 암세포 생존과 침윤을 약화시킬 수 있다.,폐암에서 줄기성 및 침윤 억제와 관련된 전임상 보고가 있어 후보로 고려된다.
Lung Cancer,loose,Chloroquine,chloroquine,미지,clinical,medium,자가포식 억제를 통해 스트레스 적응과 치료 저항성을 감소시킬 수 있다.,폐암에서 항암제와의 병용으로 자가포식 차단 전략이 반복적으로 연구되었다.
Lung Cancer,loose,Hydroxychloroquine,hydroxychloroquine,미지,clinical,medium,리소좀 기능과 자가포식을 억제하여 종양 세포의 생존 회피를 방해할 수 있다.,폐암 병용요법에서 자가포식 억제제로 임상 평가가 이루어진 대표적 재창출 약물이다.
Lung Cancer,loose,Disulfiram,disulfiram,미지,preclinical,medium,ALDH 억제와 구리 의존성 독성을 통해 암 줄기세포성과 생존을 저해할 수 있다.,폐암에서 항암제 감작 및 줄기세포 표적 효과가 전임상에서 보고된 재창출 후보이다.
Lung Cancer,loose,Mebendazole,mebendazole,미지,preclinical,medium,미세소관 기능을 교란하여 세포분열과 종양 성장에 장애를 줄 수 있다.,폐암에서 증식 억제와 병용 시너지 가능성이 전임상에서 제시되었다.
Lung Cancer,loose,Itraconazole,itraconazole,미지,clinical,medium,Hedgehog 및 혈관신생 관련 신호를 억제하여 종양 성장과 침윤을 줄일 수 있다.,비소세포폐암에서 항혈관신생 및 신호전달 억제 재창출 약물로 연구되었다.
Lung Cancer,loose,Propranolol,propranolol,미지,mechanistic,low,베타아드레날린 신호 차단을 통해 스트레스 유도 종양 촉진 신호를 억제할 수 있다.,폐암에서 교감신경성 신호와 전이 관련 경로를 낮출 가능성이 제시된 후보이다.
Lung Cancer,loose,Cimetidine,cimetidine,미지,mechanistic,low,히스타민 수용체 및 면역-염증 신호를 조절하여 종양 미세환경을 변화시킬 수 있다.,면역조절과 전이 억제 관점에서 여러 암종 재창출 후보로 논의되며 폐암에도 적용 가능성이 있다.
Lung Cancer,loose,Valproic acid,valproicacid,미지,clinical,medium,HDAC 억제를 통해 종양 억제 유전자 발현을 회복하고 분화를 유도할 수 있다.,폐암에서 분화 유도와 항증식 효과가 보고된 대표적 에피제네틱 재창출 약물이다.
Lung Cancer,loose,Vorinostat,vorinostat,미지,clinical,medium,HDAC 억제를 통해 세포주기 정지와 apoptosis를 유도할 수 있다.,폐암에서 에피제네틱 조절 기반 병용 전략으로 임상 및 전임상 연구가 수행되었다.
Lung Cancer,loose,Thalidomide,thalidomide,미지,clinical,low,면역조절과 항혈관신생 작용을 통해 종양 성장과 미세환경을 억제할 수 있다.,폐암에서 혈관신생 억제 및 면역조절 재창출 후보로 오래전부터 탐색되었다.
Lung Cancer,loose,Sirolimus,sirolimus,중단,clinical,medium,mTOR 억제를 통해 성장 신호와 단백질 합성을 차단할 수 있다.,폐암에서 PI3K-AKT-mTOR 축을 겨냥한 재창출 후보로 전임상 및 임상 탐색이 있었다.
Lung Cancer,loose,Everolimus,everolimus,중단,clinical,medium,mTOR 억제를 통해 증식과 대사 적응을 저해할 수 있다.,비소세포폐암에서 병용 또는 유지요법 관점의 재창출 연구가 진행된 바 있다.
Lung Cancer,loose,Sildenafil,sildenafil,미지,mechanistic,low,PDE5 억제를 통해 cGMP 신호와 면역억제성 미세환경을 조절할 수 있다.,폐암에서 면역세포 기능 회복 및 병용 감작 가능성이 전임상에서 제시되었다.
Lung Cancer,loose,Niclosamide,niclosamide,미지,preclinical,medium,"Wnt/β-catenin, STAT3, mTOR 등 다중 신호를 억제하여 종양 생존을 저해할 수 있다.",폐암에서 다중 표적 재창출 약물로 강한 전임상 근거가 축적되어 있다.
Lung Cancer,loose,Ivermectin,ivermectin,미지,preclinical,low,핵수송 및 여러 성장 신호를 교란하여 종양 세포 증식을 억제할 수 있다.,폐암에서 증식 억제와 병용 시너지 가능성이 전임상에서 보고되었다.
Lung Cancer,loose,Dabigatran,dabigatran,미지,speculative,low,응고계 억제를 통해 혈전-염증-전이 축을 약화시킬 수 있다.,폐암의 혈전성 합병증과 종양 촉진성 응고 신호를 겨냥한 재창출 관점에서 후보가 될 수 있다.
Hypertension,loose,Sildenafil,sildenafil,승인,clinical,medium,"Phosphodiesterase-5 inhibition increases cGMP signaling and promotes vasodilation, which may lower systemic vascular resistance.","Pulmonary vasodilatory effects are established, and systemic blood pressure lowering has been observed in some studies, making it a plausible repurposing candidate for hypertension."
Hypertension,loose,Tadalafil,tadalafil,승인,clinical,low,Phosphodiesterase-5 inhibition enhances nitric oxide-cGMP-mediated vasodilation and may reduce vascular tone.,"As a long-acting PDE5 inhibitor with vasodilatory properties, it has mechanistic plausibility for blood pressure reduction outside its approved uses."
Hypertension,loose,Minoxidil,minoxidil,미지,clinical,medium,"Opens ATP-sensitive potassium channels in vascular smooth muscle, causing arteriolar vasodilation.","Although already used for severe hypertension in some settings, it is also approved for other indications and remains a classic vasodilator repurposing candidate in resistant hypertension contexts."
Hypertension,loose,Hydralazine,hydralazine,미지,clinical,medium,Direct arteriolar vasodilation reduces peripheral vascular resistance.,It is an established vasodilator with mechanistic relevance to blood pressure lowering and is often considered in resistant or special-population hypertension management.
Hypertension,loose,Isosorbide mononitrate,isosorbidemononitrate,미지,mechanistic,low,"Nitric oxide donation increases cGMP and relaxes vascular smooth muscle, potentially lowering arterial pressure.","Nitrate-mediated vasodilation provides a plausible pathway for antihypertensive repurposing, especially in selected hemodynamic phenotypes."
Hypertension,loose,Nitroglycerin,nitroglycerin,미지,mechanistic,low,Nitric oxide release causes rapid vasodilation and decreases vascular resistance.,"Its potent vasodilatory action makes it mechanistically relevant, though chronic hypertension use is limited by tolerance and formulation constraints."
Hypertension,loose,Bosentan,bosentan,승인,preclinical,low,Endothelin receptor antagonism may reduce endothelin-driven vasoconstriction and vascular remodeling.,"Endothelin signaling is implicated in vascular tone regulation, so antagonism could be repurposed for blood pressure control in selected settings."
Hypertension,loose,Ambrisentan,ambrisentan,승인,preclinical,low,Selective endothelin receptor antagonism may blunt vasoconstrictive signaling and lower vascular resistance.,"The endothelin pathway is a plausible target in hypertension biology, although clinical translation for systemic hypertension remains uncertain."
Hypertension,loose,Riociguat,riociguat,승인,clinical,medium,Soluble guanylate cyclase stimulation increases cGMP and promotes vasodilation.,"By amplifying the nitric oxide-cGMP pathway, it has a strong mechanistic rationale for lowering vascular tone in hypertension."
Hypertension,loose,Verapamil,verapamil,미지,clinical,medium,L-type calcium channel blockade reduces vascular smooth muscle contraction and peripheral resistance.,"Although calcium channel blockers are standard antihypertensives as a class, verapamil itself is an approved drug from another primary indication and remains mechanistically relevant."
Hypertension,loose,Diltiazem,diltiazem,미지,clinical,medium,L-type calcium channel blockade decreases arterial smooth muscle tone and lowers blood pressure.,Its vasodilatory and rate-controlling properties make it a plausible repurposing candidate for hypertension-related vascular control.
Hypertension,loose,Prazosin,prazosin,미지,clinical,medium,Alpha-1 adrenergic blockade reduces peripheral vasoconstriction and arterial pressure.,"Alpha-1 antagonism directly targets sympathetic vascular tone, supporting repurposing in hypertension phenotypes driven by adrenergic excess."
Hypertension,loose,Doxazosin,doxazosin,미지,clinical,medium,Alpha-1 adrenergic blockade causes vasodilation and lowers systemic vascular resistance.,"Its hemodynamic mechanism is well aligned with blood pressure reduction, especially where concomitant lower urinary tract symptoms coexist."
Hypertension,loose,Clonidine,clonidine,미지,clinical,medium,Central alpha-2 adrenergic agonism reduces sympathetic outflow and lowers blood pressure.,It is an established centrally acting antihypertensive and remains a repurposing option when considering nonstandard or resistant cases.
Hypertension,loose,Moxonidine,moxonidine,승인,clinical,medium,Imidazoline receptor agonism decreases sympathetic tone and peripheral vascular resistance.,Central sympatholytic effects provide a plausible route to blood pressure lowering in hypertension.
Hypertension,loose,Carvedilol,carvedilol,중단,clinical,medium,Beta-adrenergic and alpha-1 blockade reduce cardiac output and peripheral resistance.,"Its combined adrenergic blockade offers a mechanistically plausible approach for hypertension, particularly when sympathetic activation is prominent."
Hypertension,loose,Nebivolol,nebivolol,미지,clinical,medium,Beta-1 blockade with nitric oxide-mediated vasodilatory effects may reduce blood pressure.,The nitric oxide-related vasodilatory component makes it an attractive candidate for vascular-targeted repurposing in hypertension.
Hypertension,loose,Aliskiren,aliskiren,미지,clinical,medium,Direct renin inhibition suppresses the renin-angiotensin-aldosterone system and lowers vascular tone.,"RAAS suppression is central to hypertension biology, and direct renin inhibition is a plausible repurposing strategy."
Hypertension,loose,Spironolactone,spironolactone,미지,clinical,high,"Mineralocorticoid receptor antagonism reduces sodium retention and volume expansion, lowering blood pressure.","It is especially relevant to resistant hypertension and hyperaldosteronism-driven phenotypes, making it a strong repurposing candidate."
Hypertension,loose,Eplerenone,eplerenone,미지,clinical,medium,Selective mineralocorticoid receptor antagonism decreases aldosterone-mediated sodium retention and vascular remodeling.,"Its RAAS-modulating effects support repurposing for hypertension, particularly in patients with aldosterone excess or resistant disease."
Multiple Sclerosis,loose,Rituximab,rituximab,중단,clinical,high,CD20 양성 B 세포를 고갈시켜 자가면역성 염증과 항원제시를 줄인다.,"B 세포가 다발성경화증 병태생리에 중요하므로 B 세포 표적 치료가 유망하며, 오프라벨 및 초기 임상 경험이 축적되어 있다."
Multiple Sclerosis,loose,Ofatumumab,ofatumumab,승인,clinical,high,CD20 양성 B 세포를 표적해 말초 B 세포 매개 염증을 억제한다.,"B 세포 고갈 전략은 다발성경화증에서 검증된 축이며, 같은 계열 내에서 재창출 관점의 후보로 볼 수 있다."
Multiple Sclerosis,loose,Cladribine,cladribine,승인,clinical,high,림프구 선택적 독성을 통해 T 세포와 B 세포 수를 감소시킨다.,면역세포 재구성을 유도하는 약물로서 재발성 다발성경화증에서 이미 임상적 유효성이 알려져 있다.
Multiple Sclerosis,loose,Alemtuzumab,alemtuzumab,승인,clinical,high,CD52 양성 림프구를 고갈시켜 광범위한 면역 재설정을 유도한다.,강력한 면역 재조정 효과가 다발성경화증의 염증성 활동을 낮출 수 있어 임상적으로 사용된 바 있다.
Multiple Sclerosis,loose,Azathioprine,azathioprine,승인,clinical,medium,퓨린 합성을 억제해 증식하는 T 및 B 림프구의 기능을 떨어뜨린다.,전통적 면역억제제로서 다발성경화증에서 스테로이드 절감 또는 유지요법 목적으로 연구된 이력이 있다.
Multiple Sclerosis,loose,Methotrexate,methotrexate,미지,clinical,medium,엽산 대사를 억제하고 항염증성 아데노신 신호를 증가시켜 면역활성을 낮춘다.,저용량 면역조절 효과가 있어 진행성 또는 재발성 다발성경화증에서 소규모 임상 연구가 있었다.
Multiple Sclerosis,loose,Cyclophosphamide,cyclophosphamide,중단,clinical,medium,알킬화로 증식성 면역세포를 억제해 자가면역 염증을 감소시킨다.,중증 또는 난치성 다발성경화증에서 면역재설정 목적의 오프라벨 사용과 임상 경험이 보고되어 있다.
Multiple Sclerosis,loose,Mitoxantrone,mitoxantrone,승인,clinical,high,DNA topoisomerase II 억제와 면역세포 증식을 억제해 염증을 줄인다.,"과거에 공격적 다발성경화증에서 사용된 면역억제 항암제로, 재창출 후보로는 기전상 타당하다."
Multiple Sclerosis,loose,Teriflunomide,teriflunomide,승인,clinical,high,dihydroorotate dehydrogenase를 억제해 활성화 림프구의 증식을 제한한다.,"림프구 증식 억제는 다발성경화증의 염증성 병태에 직접적으로 맞닿아 있으며, 같은 경로의 약물군이 이미 검증되어 있다."
Multiple Sclerosis,loose,Dimethyl fumarate,dimethyl,승인,clinical,high,Nrf2 경로를 활성화하고 산화스트레스 및 염증성 사이토카인을 낮춘다.,항산화·면역조절 작용이 중추신경계 염증과 탈수초 손상을 완화할 가능성이 있어 임상적으로 확립된 계열이다.
Multiple Sclerosis,loose,Fingolimod,fingolimod,승인,clinical,high,S1P 수용체 조절을 통해 림프구의 림프절 유출을 차단한다.,말초 림프구 격리는 다발성경화증 재발 억제에 유효한 전략으로 이미 임상적으로 입증되었다.
Multiple Sclerosis,loose,Siponimod,siponimod,승인,clinical,high,S1P 수용체를 조절해 림프구 이동을 억제하고 중추신경계 염증을 줄인다.,특히 진행성 질환에서의 면역세포 이동 억제 전략으로 재창출 관점에서 타당하다.
Multiple Sclerosis,loose,Ozanimod,ozanimod,승인,clinical,high,S1P 수용체 조절로 림프구의 중추 염증 부위를 향한 유입을 감소시킨다.,동일 축의 면역세포 trafficking 조절이 다발성경화증 병태생리에 부합한다.
Multiple Sclerosis,loose,Daclizumab,daclizumab,승인,clinical,medium,IL-2 신호를 조절해 T 세포 활성과 염증성 면역반응을 낮춘다.,"과거 다발성경화증에서 사용된 면역조절 항체로, 현재는 안전성 문제로 제한되지만 재창출 역사상 후보였다."
Multiple Sclerosis,loose,Minocycline,minocycline,중단,clinical,medium,미세아교세포 활성과 MMP 매개 염증을 억제해 신경염증을 줄인다.,"초기 다발성경화증에서 지연 효과를 시사한 임상 연구가 있으며, 항염증성 신경보호 후보로 자주 거론된다."
Multiple Sclerosis,loose,Simvastatin,simvastatin,중단,clinical,medium,면역세포 이동과 염증성 신호전달을 완화하고 혈관-면역 상호작용을 조절한다.,"고용량 statin의 진행성 다발성경화증 연구가 있었고, 항염증 및 신경보호 가능성이 제시되었다."
Multiple Sclerosis,loose,Metformin,metformin,미지,preclinical,medium,AMPK 활성화를 통해 대사-면역 축을 조절하고 염증성 T 세포 반응을 낮춘다.,면역대사 조절이 다발성경화증의 염증과 재수초화 환경에 영향을 줄 수 있어 전임상 근거가 있다.
Multiple Sclerosis,loose,Pioglitazone,pioglitazone,미지,preclinical,medium,PPAR-gamma 활성화를 통해 미세아교세포와 말초 면역의 염증 반응을 억제한다.,항염증성 핵수용체 조절이 탈수초성 질환에서 신경보호적으로 작용할 가능성이 제시되었다.
Multiple Sclerosis,loose,Naltrexone,naltrexone,미지,clinical,low,오피오이드 수용체 길항을 통해 면역조절 및 미세아교세포 활성 변화를 유도할 수 있다.,저용량 naltrexone을 포함한 다발성경화증 관련 관찰 및 소규모 연구가 있어 탐색 후보로 자주 언급된다.
Multiple Sclerosis,loose,Ibudilast,ibudilast,미지,clinical,medium,phosphodiesterase 억제와 미세아교세포 조절을 통해 신경염증을 완화한다.,진행성 다발성경화증에서 신경퇴행과 염증을 동시에 겨냥하는 후보로 임상 탐색이 이루어졌다.
"Lymphoma, Non-Hodgkin",loose,Thalidomide,thalidomide,중단,clinical,medium,Cereblon modulation alters transcriptional programs and reduces pro-survival cytokine signaling in malignant B cells and the tumor microenvironment.,Has anti-lymphoma activity in several B-cell malignancies and is mechanistically plausible for non-Hodgkin lymphoma subtypes outside its approved uses.
"Lymphoma, Non-Hodgkin",loose,Lenalidomide,lenalidomide,미지,clinical,high,Cereblon-mediated immunomodulation enhances T-cell and NK-cell activity while suppressing lymphoma-supportive signaling.,"Widely studied in relapsed/refractory non-Hodgkin lymphoma, especially diffuse large B-cell lymphoma and mantle cell lymphoma, supporting repurposing beyond approved indications."
"Lymphoma, Non-Hodgkin",loose,Pomalidomide,pomalidomide,미지,clinical,medium,Cereblon-dependent degradation of transcription factors and immune activation may impair lymphoma cell survival.,Has been explored in aggressive B-cell lymphomas and other non-Hodgkin lymphoma settings with biologic rationale similar to other immunomodulatory agents.
"Lymphoma, Non-Hodgkin",loose,Ibrutinib,ibrutinib,효능실패,clinical,high,BTK inhibition blocks B-cell receptor signaling required for survival and proliferation of many B-cell lymphomas.,"Although approved for some lymphoid malignancies, it remains a strong repurposing candidate across other non-Hodgkin lymphoma subtypes driven by BCR signaling."
"Lymphoma, Non-Hodgkin",loose,Acalabrutinib,acalabrutinib,미지,clinical,medium,Selective BTK inhibition suppresses B-cell receptor and NF-kB signaling in malignant B cells.,"Mechanistically relevant to multiple non-Hodgkin lymphoma subtypes beyond its established uses, especially those with BTK dependence."
"Lymphoma, Non-Hodgkin",loose,Zanubrutinib,zanubrutinib,미지,clinical,medium,BTK inhibition disrupts survival signaling in B-cell lymphomas.,Strong class rationale for additional non-Hodgkin lymphoma subtypes where B-cell receptor signaling is a driver.
"Lymphoma, Non-Hodgkin",loose,Idelalisib,idelalisib,미지,clinical,medium,PI3K delta inhibition reduces B-cell receptor downstream signaling and lymphoma cell survival.,"PI3K pathway dependence is common in indolent and some aggressive non-Hodgkin lymphomas, making this a plausible repurposing candidate."
"Lymphoma, Non-Hodgkin",loose,Duvelisib,duvelisib,미지,clinical,medium,Dual PI3K gamma/delta inhibition suppresses malignant B-cell signaling and may alter the supportive immune microenvironment.,The pathway is relevant across several non-Hodgkin lymphoma subtypes and the drug has been studied in relapsed disease.
"Lymphoma, Non-Hodgkin",loose,Copanlisib,copanlisib,효능실패,clinical,medium,PI3K alpha/delta inhibition interferes with proliferative and survival signaling in lymphoma cells.,PI3K inhibition is a recurring strategy in non-Hodgkin lymphoma and may extend to additional subtypes with pathway activation.
"Lymphoma, Non-Hodgkin",loose,Venetoclax,venetoclax,미지,clinical,high,BCL2 inhibition promotes apoptosis in lymphoma cells dependent on anti-apoptotic signaling.,"BCL2 dependence is common in several non-Hodgkin lymphoma entities, supporting repurposing beyond currently established settings."
"Lymphoma, Non-Hodgkin",loose,Selinexor,selinexor,미지,clinical,medium,XPO1 inhibition restores nuclear retention of tumor suppressor proteins and disrupts oncogenic export programs.,Has activity in relapsed/refractory lymphoma and is mechanistically attractive for additional non-Hodgkin lymphoma subtypes.
"Lymphoma, Non-Hodgkin",loose,Bortezomib,bortezomib,미지,clinical,medium,"Proteasome inhibition induces proteotoxic stress and apoptosis in lymphoma cells, especially those reliant on NF-kB signaling.",Non-Hodgkin lymphoma subtypes with proteasome and NF-kB dependence provide a clear repurposing rationale.
"Lymphoma, Non-Hodgkin",loose,Carfilzomib,carfilzomib,미지,mechanistic,low,Proteasome inhibition triggers unfolded protein stress and apoptotic death in malignant lymphoid cells.,A mechanistically similar but distinct proteasome inhibitor that could be explored in lymphoma subtypes sensitive to proteostasis disruption.
"Lymphoma, Non-Hodgkin",loose,Rituximab,rituximab,미지,clinical,high,CD20-directed B-cell depletion can eliminate malignant B cells through complement and antibody-dependent cytotoxicity.,"Although already standard in many B-cell lymphomas, it remains a useful comparator for CD20-positive subtypes not universally treated with it."
"Lymphoma, Non-Hodgkin",loose,Obinutuzumab,obinutuzumab,미지,clinical,medium,CD20-directed cytotoxicity with enhanced antibody-dependent cellular cytotoxicity may improve killing of malignant B cells.,Could be repurposed across CD20-positive non-Hodgkin lymphoma subtypes where stronger anti-CD20 activity is desirable.
"Lymphoma, Non-Hodgkin",loose,Alemtuzumab,alemtuzumab,중단,clinical,low,CD52-directed lymphocyte depletion may eradicate malignant lymphoid cells expressing the target antigen.,"Has biologic plausibility in selected non-Hodgkin lymphoma subtypes with CD52 expression, despite limited modern use."
"Lymphoma, Non-Hodgkin",loose,Dasatinib,dasatinib,미지,preclinical,low,SRC-family and ABL kinase inhibition may impair signaling pathways that support lymphoma cell growth and migration.,Preclinical studies suggest activity in some B-cell lymphomas and kinase-driven lymphoma biology makes it a plausible repurposing candidate.
"Lymphoma, Non-Hodgkin",loose,Metformin,metformin,미지,mechanistic,low,AMPK activation and mTOR suppression may reduce anabolic growth signaling in lymphoma cells.,"Epidemiologic and preclinical signals suggest anti-lymphoma effects, especially as an adjunctive repurposing concept."
"Lymphoma, Non-Hodgkin",loose,Disulfiram,disulfiram,미지,preclinical,low,Copper-dependent proteotoxic and oxidative stress can induce apoptosis and inhibit NF-kB-related survival pathways.,"Preclinical lymphoma models have suggested anti-tumor activity, making it a plausible low-cost repurposing candidate."
"Lymphoma, Non-Hodgkin",loose,Hydroxychloroquine,hydroxychloroquine,미지,mechanistic,low,Autophagy inhibition may sensitize lymphoma cells to stress and impair survival under metabolic pressure.,"Autophagy dependence in some lymphomas provides a mechanistic basis for repurposing, often in combination strategies."
Cystic Fibrosis,loose,Ibuprofen,ibuprofen,미지,clinical,medium,Airway anti-inflammatory effects via cyclooxygenase inhibition may reduce neutrophilic inflammation and slow lung function decline.,"Long-term high-dose ibuprofen has been studied in cystic fibrosis with signals for reduced pulmonary decline, making it a plausible repurposing candidate despite not being standard therapy."
Cystic Fibrosis,loose,Azithromycin,azithromycin,미지,clinical,high,Macrolide immunomodulation may reduce airway inflammation and alter bacterial virulence/biofilm behavior.,"Chronic azithromycin has been evaluated in cystic fibrosis for anti-inflammatory benefit and exacerbation reduction, supporting repurposing beyond its antibacterial use."
Cystic Fibrosis,loose,Colistimethate sodium,colistimethate,미지,clinical,medium,Polymyxin-mediated disruption of Gram-negative bacterial membranes may help suppress chronic Pseudomonas aeruginosa burden in airways.,"Although used in cystic fibrosis care, it is approved for other indications in many settings and remains a classic repurposing-style anti-infective for chronic airway infection control."
Cystic Fibrosis,loose,Tobramycin,tobramycin,중단,clinical,high,Aminoglycoside inhibition of bacterial protein synthesis can reduce Pseudomonas aeruginosa airway infection.,Inhaled tobramycin has extensive cystic fibrosis trial history and is a prototypical repurposed anti-infective for chronic airway colonization.
Cystic Fibrosis,loose,Levofloxacin,levofloxacin,미지,clinical,medium,Fluoroquinolone inhibition of bacterial DNA gyrase/topoisomerase may suppress susceptible airway pathogens.,"Inhaled or systemic levofloxacin has been explored for cystic fibrosis pulmonary infection, especially against Pseudomonas aeruginosa, as a repurposing candidate."
Cystic Fibrosis,loose,Ciprofloxacin,ciprofloxacin,미지,clinical,medium,Fluoroquinolone antibacterial activity may reduce chronic airway bacterial load and exacerbations.,"Ciprofloxacin has been investigated in cystic fibrosis, including inhaled formulations, for chronic infection management and is a plausible repurposing option."
Cystic Fibrosis,loose,Dornase alfa,dornasealfa,승인,clinical,low,Recombinant DNase reduces sputum viscosity by cleaving extracellular DNA in airway secretions.,"It is already used in cystic fibrosis, so it is not a repurposing candidate for this disease and should be excluded."
Cystic Fibrosis,loose,N-acetylcysteine,nacetylcysteine,미지,clinical,medium,Mucolytic and antioxidant effects may reduce mucus viscosity and oxidative stress in the airways.,"N-acetylcysteine has been studied as an adjunct in cystic fibrosis for mucus clearance and redox modulation, though benefits are inconsistent."
Cystic Fibrosis,loose,Sildenafil,sildenafil,미지,mechanistic,low,Phosphodiesterase-5 inhibition may improve pulmonary vascular tone and potentially modulate inflammatory signaling.,"Sildenafil has been explored in cystic fibrosis-related pulmonary vascular or exercise physiology contexts, making it a speculative repurposing candidate."
Cystic Fibrosis,loose,Atorvastatin,atorvastatin,미지,preclinical,low,Pleiotropic anti-inflammatory and immunomodulatory effects may reduce airway inflammation and infection-related injury.,Statins have been proposed in cystic fibrosis based on anti-inflammatory effects and possible modulation of epithelial responses.
Cystic Fibrosis,loose,Simvastatin,simvastatin,중단,clinical,medium,HMG-CoA reductase inhibition may exert anti-inflammatory and host-response-modulating effects in the lung.,"Simvastatin has been studied preclinically and clinically in cystic fibrosis-related inflammation, though results have been mixed."
Cystic Fibrosis,loose,Metformin,metformin,미지,mechanistic,low,"AMPK activation may influence epithelial ion transport, inflammation, and cellular stress responses.",Metformin has been proposed for cystic fibrosis because of potential effects on CFTR processing and inflammatory pathways.
Cystic Fibrosis,loose,Glyburide,glyburide,미지,mechanistic,low,Sulfonylurea-related modulation of epithelial ion transport and inflammatory signaling may affect airway physiology.,"Glyburide has been discussed in cystic fibrosis research for effects on epithelial channels and mucus-related pathways, though evidence is limited."
Cystic Fibrosis,loose,Ibuproxam,ibuproxam,미지,speculative,low,Cyclooxygenase inhibition could theoretically reduce airway inflammatory burden.,"This is a less-established NSAID analogue with limited cystic fibrosis-specific evidence, but it fits the anti-inflammatory repurposing concept."
Cystic Fibrosis,loose,Losartan,losartan,중단,preclinical,low,Angiotensin receptor blockade may reduce TGF-beta-linked airway remodeling and inflammation.,Losartan has been proposed for cystic fibrosis-related tissue remodeling and inflammatory modulation in preclinical discussions.
Cystic Fibrosis,loose,Rosuvastatin,rosuvastatin,미지,speculative,low,Pleiotropic anti-inflammatory effects may attenuate neutrophilic airway inflammation.,"Statin class effects have been explored in cystic fibrosis, and rosuvastatin is a plausible alternative within that class, though evidence is sparse."
Cystic Fibrosis,loose,Hydroxychloroquine,hydroxychloroquine,미지,mechanistic,low,Lysosomotropic and immunomodulatory effects may alter intracellular trafficking and inflammatory signaling.,"Hydroxychloroquine has been considered for CFTR-related trafficking hypotheses and airway inflammation, but supporting data are limited."
Cystic Fibrosis,loose,Erythromycin,erythromycin,미지,mechanistic,low,Macrolide immunomodulation may reduce airway inflammation and mucus hypersecretion.,"Erythromycin is a classic macrolide with anti-inflammatory properties that could be repurposed similarly to azithromycin, though it is less studied in cystic fibrosis."
Cystic Fibrosis,loose,Roflumilast,roflumilast,미지,mechanistic,low,Phosphodiesterase-4 inhibition may reduce neutrophilic inflammation and mucus-related airway pathology.,Roflumilast has been proposed for chronic inflammatory airway disease and could be explored in cystic fibrosis as an anti-inflammatory adjunct.
Cystic Fibrosis,loose,Pentoxifylline,pentoxifylline,미지,speculative,low,Phosphodiesterase inhibition and cytokine modulation may dampen inflammatory signaling in the airways.,Pentoxifylline has broad anti-inflammatory effects and has been suggested as a low-cost repurposing candidate for cystic fibrosis inflammation.
Alzheimer Disease,loose,memantine,memantine,중단,clinical,high,NMDA receptor antagonism may reduce glutamate-mediated excitotoxicity and synaptic dysfunction in Alzheimer disease.,"It is already used in Alzheimer disease, so it is excluded as a repurposing candidate despite strong mechanistic relevance."
Alzheimer Disease,loose,riluzole,riluzole,미지,mechanistic,medium,Glutamatergic modulation may lower excitotoxic neuronal injury and support synaptic stability.,"It has been explored for neurodegeneration and could be repurposed based on glutamate-modulating effects, though direct Alzheimer evidence is limited."
Alzheimer Disease,loose,amantadine,amantadine,미지,mechanistic,low,NMDA receptor antagonism may dampen excitotoxic signaling and improve network hyperexcitability.,Its CNS glutamatergic effects make it a plausible candidate for Alzheimer-related excitotoxicity and cognitive symptoms.
Alzheimer Disease,loose,dextromethorphan,dextromethorphan,미지,mechanistic,low,NMDA receptor antagonism and sigma-1 receptor activity may reduce excitotoxicity and neuroinflammation.,The drug has CNS activity relevant to synaptic dysfunction and has been considered in neurodegenerative contexts.
Alzheimer Disease,loose,fluoxetine,fluoxetine,미지,preclinical,medium,Serotonergic modulation and downstream neurotrophic effects may support synaptic plasticity and reduce amyloid-related toxicity.,SSRIs have been associated with neuroprotective signals in preclinical Alzheimer models and may influence cognition and behavior.
Alzheimer Disease,loose,sertraline,sertraline,미지,preclinical,medium,Serotonin reuptake inhibition may enhance neuroplasticity and potentially modulate amyloid processing and neuroinflammation.,It has been studied in dementia-related depression and has plausible disease-modifying neurobiological effects.
Alzheimer Disease,loose,citalopram,citalopram,미지,preclinical,medium,Serotonergic modulation may alter amyloid production and improve neuropsychiatric symptoms.,"Preclinical and translational work has suggested effects on amyloid biology, making it a plausible repurposing candidate."
Alzheimer Disease,loose,trazodone,trazodone,미지,mechanistic,medium,5-HT2 antagonism and sleep-promoting effects may improve sleep-dependent clearance and reduce neurotoxicity.,"Sleep and circadian disruption are relevant in Alzheimer disease, and trazodone has been discussed for potential cognitive and sleep benefits."
Alzheimer Disease,loose,mirtazapine,mirtazapine,미지,clinical,medium,"Noradrenergic and serotonergic modulation may improve appetite, sleep, and neuropsychiatric symptoms while potentially supporting plasticity.",It is often used symptomatically in dementia and may have broader CNS effects relevant to Alzheimer care.
Alzheimer Disease,loose,bupropion,bupropion,미지,clinical,low,Dopaminergic and noradrenergic enhancement may improve apathy and executive dysfunction and possibly support cognition.,Its activating profile makes it a plausible candidate for Alzheimer-associated apathy and cognitive slowing.
Alzheimer Disease,loose,donepezil,donepezil,승인,clinical,high,Acetylcholinesterase inhibition enhances cholinergic transmission and may improve cognition.,"It is already approved for Alzheimer disease, so it is excluded as a repurposing candidate despite direct relevance."
Alzheimer Disease,loose,galantamine,galantamine,승인,clinical,high,Acetylcholinesterase inhibition and nicotinic receptor modulation enhance cholinergic signaling.,"It is already approved for Alzheimer disease, so it is excluded as a repurposing candidate despite direct relevance."
Alzheimer Disease,loose,rivastigmine,rivastigmine,승인,clinical,high,Dual acetyl- and butyrylcholinesterase inhibition may improve cholinergic deficits.,"It is already approved for Alzheimer disease, so it is excluded as a repurposing candidate despite direct relevance."
Alzheimer Disease,loose,rosuvastatin,rosuvastatin,미지,mechanistic,medium,Lipid-lowering and pleiotropic anti-inflammatory effects may reduce vascular and amyloid-related risk pathways.,Statins have been investigated for dementia prevention and may influence cholesterol-linked amyloid biology.
Alzheimer Disease,loose,atorvastatin,atorvastatin,미지,mechanistic,medium,Cholesterol lowering and vascular anti-inflammatory effects may reduce Alzheimer-related pathobiology.,It has been widely studied in observational and preclinical Alzheimer contexts as a potential disease-modifying agent.
Alzheimer Disease,loose,metformin,metformin,미지,preclinical,medium,"AMPK activation and metabolic normalization may improve insulin signaling, autophagy, and amyloid handling.","Metabolic dysfunction is implicated in Alzheimer disease, and metformin has been proposed to target these pathways."
Alzheimer Disease,loose,pioglitazone,pioglitazone,효능실패,clinical,medium,PPAR-gamma activation may reduce neuroinflammation and improve insulin sensitivity in the brain.,It has been explored in Alzheimer trials because of links between metabolic dysfunction and cognitive decline.
Alzheimer Disease,loose,liraglutide,liraglutide,미지,clinical,medium,"GLP-1 receptor agonism may enhance neuronal survival, synaptic plasticity, and insulin signaling.",GLP-1 analogs have shown neuroprotective signals in preclinical Alzheimer models and early clinical exploration.
Alzheimer Disease,loose,exenatide,exenatide,중단,clinical,medium,GLP-1 receptor agonism may reduce neuroinflammation and support synaptic function.,It has been investigated in neurodegenerative disease and is mechanistically plausible for Alzheimer disease.
Alzheimer Disease,loose,sildenafil,sildenafil,미지,mechanistic,low,"PDE5 inhibition may increase cGMP signaling, improve cerebral blood flow, and support synaptic plasticity.",Vascular and signaling effects make it a plausible repurposing candidate for cognitive impairment in Alzheimer disease.
Alzheimer´s Disease,loose,Memantine,memantine,중단,clinical,high,NMDA receptor antagonism may reduce glutamate-mediated excitotoxicity and downstream neurodegeneration.,"It is already approved for Alzheimer´s disease, so it is excluded from true repurposing candidates."
Alzheimer´s Disease,loose,Rivastigmine,rivastigmine,승인,clinical,high,Acetylcholinesterase and butyrylcholinesterase inhibition may improve cholinergic transmission in the Alzheimer´s disease brain.,"It is already approved for Alzheimer´s disease, so it is excluded from true repurposing candidates."
Alzheimer´s Disease,loose,Donepezil,donepezil,승인,clinical,high,Selective acetylcholinesterase inhibition may enhance central cholinergic signaling and cognition.,"It is already approved for Alzheimer´s disease, so it is excluded from true repurposing candidates."
Alzheimer´s Disease,loose,Galantamine,galantamine,승인,clinical,high,Acetylcholinesterase inhibition and nicotinic receptor modulation may support synaptic transmission.,"It is already approved for Alzheimer´s disease, so it is excluded from true repurposing candidates."
Osteoarthritis,loose,Doxycycline,doxycycline,미지,clinical,medium,Matrix metalloproteinase 억제를 통해 연골 분해와 염증성 조직 손상을 줄일 수 있다.,"연골 기질 분해 억제와 구조적 진행 지연 가능성이 제기되어 왔으며, osteoarthritis에서의 임상 연구가 보고된 바 있다."
Osteoarthritis,loose,Colchicine,colchicine,미지,mechanistic,medium,NLRP3 inflammasome 및 호중구 매개 염증을 억제해 활막 염증과 통증을 줄일 수 있다.,"결정유발 염증에 강한 약리학적 근거가 있고, 저등급 염증이 동반된 osteoarthritis에서 재창출 후보로 자주 거론된다."
Osteoarthritis,loose,Hydroxychloroquine,hydroxychloroquine,미지,clinical,low,면역세포 활성과 TLR 신호를 조절해 활막 염증을 완화할 수 있다.,염증성 관절질환에서 사용 경험이 풍부하고 osteoarthritis의 염증성 표현형에 대해 시험된 적이 있다.
Osteoarthritis,loose,Methotrexate,methotrexate,미지,clinical,medium,아데노신 매개 항염 효과로 활막 염증과 통증 감작을 낮출 수 있다.,염증성 관절통과 활막염이 두드러진 osteoarthritis 아형에서 재창출 가능성이 논의되며 임상 평가가 이루어졌다.
Osteoarthritis,loose,Leflunomide,leflunomide,미지,mechanistic,low,피리미딘 합성을 억제해 면역세포 증식과 염증성 사이토카인 생성을 줄일 수 있다.,강한 항염 작용을 바탕으로 활막 염증이 동반된 osteoarthritis에서 이론적 후보로 제시된다.
Osteoarthritis,loose,Sulfasalazine,sulfasalazine,미지,mechanistic,low,NF-kB 관련 염증 신호를 억제해 관절 내 염증 반응을 완화할 수 있다.,염증성 관절질환에서의 사용 경험과 항염 기전을 근거로 osteoarthritis 재창출 후보로 고려된다.
Osteoarthritis,loose,Minocycline,minocycline,미지,preclinical,medium,MMP 억제와 미세아교세포/염증세포 조절을 통해 연골 파괴와 통증을 줄일 수 있다.,doxycycline과 유사한 tetracycline 계열로 osteoarthritis에서 구조적 보호 가능성이 제기되어 왔다.
Osteoarthritis,loose,Simvastatin,simvastatin,미지,preclinical,low,염증성 신호와 산화스트레스를 낮추고 연골세포의 이화작용을 억제할 수 있다.,statin의 항염·항산화 효과를 바탕으로 osteoarthritis 진행 억제 후보로 반복적으로 연구되었다.
Osteoarthritis,loose,Atorvastatin,atorvastatin,미지,mechanistic,low,mevalonate 경로 억제를 통해 염증 매개체와 연골 이화작용을 감소시킬 수 있다.,statin 계열의 항염 효과가 osteoarthritis의 구조적 손상과 통증에 유리할 수 있다는 가설이 있다.
Osteoarthritis,loose,Losartan,losartan,미지,preclinical,medium,TGF-beta 신호를 조절해 섬유화와 연골하골 병적 재형성을 완화할 수 있다.,RAAS 차단제 중에서 조직 리모델링 조절 효과가 있어 osteoarthritis 구조적 진행 억제 후보로 제시된다.
Osteoarthritis,loose,Candesartan,candesartan,미지,mechanistic,low,TGF-beta 및 염증성 리모델링 신호를 완화해 관절 조직 손상을 줄일 수 있다.,angiotensin receptor blocker의 조직 보호 효과를 근거로 osteoarthritis 재창출 가능성이 논의된다.
Osteoarthritis,loose,Telmisartan,telmisartan,미지,mechanistic,low,PPAR-gamma 활성과 angiotensin receptor 차단을 통해 염증과 대사성 관절 손상을 줄일 수 있다.,대사 이상과 연관된 osteoarthritis에서 항염·대사 조절 이중 기전이 매력적인 후보로 여겨진다.
Osteoarthritis,loose,Pioglitazone,pioglitazone,미지,preclinical,low,PPAR-gamma 활성화를 통해 대식세포 염증 반응과 연골 이화작용을 억제할 수 있다.,대사성 염증을 낮추는 기전이 osteoarthritis의 저등급 염증과 맞닿아 있어 후보로 제시된다.
Osteoarthritis,loose,Metformin,metformin,미지,preclinical,medium,AMPK 활성화를 통해 연골세포의 스트레스 반응과 염증성 이화작용을 억제할 수 있다.,대사 조절과 항염 효과를 바탕으로 osteoarthritis 진행 억제 후보로 널리 탐색되었다.
Osteoarthritis,loose,Dapagliflozin,dapagliflozin,미지,speculative,low,대사 스트레스와 염증성 신호를 낮춰 관절 조직의 이화작용을 완화할 수 있다.,SGLT2 억제제의 전신 항염·대사 개선 효과가 osteoarthritis 재창출 가설로 제시된다.
Osteoarthritis,loose,Canagliflozin,canagliflozin,미지,speculative,low,대사 항상성 개선과 염증 감소를 통해 연골 및 연골하골 손상을 줄일 수 있다.,비만 및 대사 이상과 연관된 osteoarthritis에서 간접적 질병조절 가능성이 거론된다.
Osteoarthritis,loose,Allopurinol,allopurinol,미지,mechanistic,low,산화스트레스와 요산 관련 염증 신호를 줄여 관절 조직 손상을 완화할 수 있다.,xanthine oxidase 억제를 통한 항산화 효과가 osteoarthritis의 산화성 손상에 유리할 수 있다.
Osteoarthritis,loose,N-acetylcysteine,nacetylcysteine,미지,preclinical,medium,글루타티온 보충과 ROS 제거를 통해 산화스트레스 매개 연골 손상을 줄일 수 있다.,산화스트레스가 osteoarthritis 병태생리에 관여하므로 항산화 재창출 후보로 자주 언급된다.
Osteoarthritis,loose,Gabapentin,gabapentin,미지,clinical,low,중추성 통증 전달을 억제해 osteoarthritis의 만성 통증 감작을 완화할 수 있다.,질병 수정 약물은 아니지만 통증 우세형 osteoarthritis에서 증상 조절 재창출 후보로 고려된다.
Osteoarthritis,loose,Duloxetine,duloxetine,미지,clinical,high,세로토닌-노르에피네프린 재흡수를 억제해 통증 조절과 중추 감작을 낮출 수 있다.,osteoarthritis 통증에 대해 임상적으로 사용된 경험이 있어 재창출 후보로 포함할 수 있다.
"Pulmonary Disease, Chronic Obstructive",loose,Roflumilast,roflumilast,승인,clinical,high,Phosphodiesterase-4 inhibition reduces inflammatory cell activation and cytokine release in the airways.,"Chronic airway inflammation and mucus hypersecretion in COPD make PDE4 inhibition mechanistically attractive, and roflumilast has been studied extensively in COPD-related inflammation."
"Pulmonary Disease, Chronic Obstructive",loose,Theophylline,theophylline,승인,clinical,medium,Nonselective phosphodiesterase inhibition and adenosine receptor antagonism may improve bronchodilation and anti-inflammatory signaling.,"Although older and limited by toxicity, theophylline has long been investigated in obstructive lung disease and could be repurposed for anti-inflammatory benefit in COPD."
"Pulmonary Disease, Chronic Obstructive",loose,Montelukast,montelukast,미지,clinical,low,Cysteinyl leukotriene receptor antagonism may reduce leukotriene-mediated airway inflammation and bronchoconstriction.,"Leukotriene signaling contributes to airway inflammation, and montelukast has been explored in COPD phenotypes with inflammatory overlap."
"Pulmonary Disease, Chronic Obstructive",loose,Azithromycin,azithromycin,미지,clinical,high,Macrolide immunomodulation can reduce neutrophilic inflammation and exacerbation-prone airway infection burden.,"Long-term macrolide therapy has been studied in COPD to reduce exacerbations, making azithromycin a plausible repurposing candidate."
"Pulmonary Disease, Chronic Obstructive",loose,Colchicine,colchicine,미지,mechanistic,low,Microtubule inhibition suppresses neutrophil chemotaxis and inflammasome-related inflammatory responses.,"Because COPD exacerbations and chronic airway inflammation involve neutrophilic pathways, colchicine is a plausible anti-inflammatory repurposing candidate."
"Pulmonary Disease, Chronic Obstructive",loose,Simvastatin,simvastatin,효능실패,clinical,medium,HMG-CoA reductase inhibition may exert pleiotropic anti-inflammatory and endothelial-stabilizing effects.,"Statins have been investigated for COPD outcomes beyond lipid lowering, especially for systemic inflammation and exacerbation risk."
"Pulmonary Disease, Chronic Obstructive",loose,Atorvastatin,atorvastatin,미지,clinical,medium,HMG-CoA reductase inhibition may reduce systemic and pulmonary inflammatory signaling.,"As with other statins, atorvastatin has been explored for COPD-related inflammation and exacerbation prevention."
"Pulmonary Disease, Chronic Obstructive",loose,Metformin,metformin,미지,clinical,low,AMPK activation may improve cellular energy handling and dampen inflammatory signaling.,Metformin has been proposed to benefit COPD patients with metabolic comorbidity and may influence inflammation and exacerbation biology.
"Pulmonary Disease, Chronic Obstructive",loose,N-acetylcysteine,nacetylcysteine,미지,clinical,high,Mucolytic and antioxidant effects may reduce oxidative stress and improve mucus clearance.,"Oxidative stress and mucus hypersecretion are central in COPD, and N-acetylcysteine has been used to reduce exacerbations in chronic bronchitis phenotypes."
"Pulmonary Disease, Chronic Obstructive",loose,Carbocisteine,carbocisteine,미지,clinical,high,Mucoregulation and antioxidant effects may improve mucus properties and airway clearance.,Carbocisteine has been studied for exacerbation reduction in chronic bronchitis/COPD and fits the mucus-dominant phenotype.
"Pulmonary Disease, Chronic Obstructive",loose,Ambroxol,ambroxol,미지,clinical,medium,Secretolytic and mucokinetic actions may enhance mucus clearance and reduce airway obstruction.,Ambroxol has been used as a mucolytic in chronic respiratory disease and could be repurposed for COPD with sputum burden.
"Pulmonary Disease, Chronic Obstructive",loose,Bromhexine,bromhexine,미지,clinical,medium,Mucolytic activity may decrease sputum viscosity and facilitate expectoration.,Bromhexine is a classic airway secretolytic that could be useful in chronic bronchitic COPD phenotypes.
"Pulmonary Disease, Chronic Obstructive",loose,Pentoxifylline,pentoxifylline,미지,mechanistic,low,Phosphodiesterase inhibition and hemorheologic effects may reduce inflammatory signaling and improve microcirculation.,Pentoxifylline has been explored in inflammatory lung disease and may have theoretical benefit in COPD inflammation.
"Pulmonary Disease, Chronic Obstructive",loose,Doxycycline,doxycycline,미지,clinical,medium,Antimicrobial and matrix metalloproteinase-modulating effects may reduce infection-triggered exacerbations and tissue remodeling.,"COPD exacerbations are often infection-associated, and doxycycline has been considered for anti-inflammatory and antimicrobial repurposing."
"Pulmonary Disease, Chronic Obstructive",loose,Minocycline,minocycline,미지,mechanistic,low,Anti-inflammatory and microglial/neutrophil-modulating effects may attenuate chronic airway inflammation.,Minocycline has broad anti-inflammatory properties that make it a speculative candidate for COPD airway inflammation.
"Pulmonary Disease, Chronic Obstructive",loose,Sildenafil,sildenafil,미지,clinical,low,Phosphodiesterase-5 inhibition may improve pulmonary vascular tone and exert anti-remodeling effects.,"In COPD with pulmonary vascular involvement or exercise limitation, sildenafil has been investigated as a repurposing candidate."
"Pulmonary Disease, Chronic Obstructive",loose,Bosentan,bosentan,미지,clinical,low,Endothelin receptor antagonism may reduce pulmonary vascular remodeling and vasoconstriction.,"COPD-associated pulmonary hypertension provides a rationale for endothelin pathway targeting, though evidence is limited."
"Pulmonary Disease, Chronic Obstructive",loose,Losartan,losartan,미지,mechanistic,low,Angiotensin II type 1 receptor blockade may reduce profibrotic and proinflammatory signaling.,"Renin-angiotensin signaling has been implicated in lung inflammation and remodeling, making losartan a speculative COPD candidate."
"Pulmonary Disease, Chronic Obstructive",loose,Spironolactone,spironolactone,미지,mechanistic,low,Mineralocorticoid receptor antagonism may reduce inflammation and tissue remodeling.,"Mineralocorticoid signaling has been linked to fibrosis and inflammation, suggesting a possible role in COPD remodeling phenotypes."
"Pulmonary Disease, Chronic Obstructive",loose,Allopurinol,allopurinol,미지,mechanistic,low,Xanthine oxidase inhibition may reduce oxidative stress and downstream inflammatory injury.,"Oxidative stress is central in COPD pathobiology, and allopurinol is a plausible antioxidant-pathway repurposing candidate."
Myelofibrosis,loose,thalidomide,thalidomide,미지,clinical,high,TNF-α 억제와 면역조절을 통해 염증성 사이토카인 환경과 골수섬유화를 완화할 수 있다.,골수증식성 종양에서 비장비대와 빈혈 개선에 대한 임상 사용 경험이 있어 myelofibrosis 재창출 후보로 자주 거론된다.
Myelofibrosis,loose,lenalidomide,lenalidomide,미지,clinical,high,면역조절과 조혈미세환경 조절을 통해 비정상적 조혈과 염증 신호를 낮출 수 있다.,myelofibrosis에서 빈혈 및 비장비대 개선을 목표로 한 임상 연구와 사용 경험이 보고되어 있다.
Myelofibrosis,loose,pomalidomide,pomalidomide,미지,clinical,medium,면역조절 및 적혈구 생성 보조 효과로 빈혈 중심의 증상 부담을 줄일 수 있다.,"myelofibrosis 관련 빈혈 치료를 위한 임상 평가가 있었고, 같은 IMiD 계열 내에서 재창출 가능성이 있다."
Myelofibrosis,loose,hydroxyurea,hydroxyurea,미지,clinical,high,세포증식 억제를 통해 백혈구·혈소판 과증식과 비장비대를 완화할 수 있다.,골수증식성 종양에서 증상 조절에 널리 쓰이며 myelofibrosis의 과증식성 표현형에 기전상 맞는다.
Myelofibrosis,loose,interferon alfa-2a,interferonalfa2a,미지,clinical,medium,항증식 및 면역조절 작용으로 클론성 조혈과 염증성 사이토카인 신호를 억제할 수 있다.,골수증식성 종양 전반에서 질병 조절 가능성이 보고되어 myelofibrosis에도 재창출 후보로 고려된다.
Myelofibrosis,loose,peginterferon alfa-2a,peginterferonalfa2a,미지,clinical,medium,지속형 인터페론으로 항증식·면역조절 효과를 통해 병적 조혈을 억제할 수 있다.,장기 투여가 가능한 인터페론 제제로서 골수증식성 종양의 질병 수정 가능성을 탐색한 연구들이 있다.
Myelofibrosis,loose,busulfan,busulfan,중단,clinical,medium,알킬화에 의한 골수억제로 과도한 골수증식을 낮출 수 있다.,고령 또는 난치성 골수증식성 질환에서 세포감소 치료로 사용되어 myelofibrosis의 증식성 증상에 적용 가능하다.
Myelofibrosis,loose,melphalan,melphalan,미지,clinical,low,알킬화제로서 조혈세포 증식을 억제해 질병 부담을 줄일 수 있다.,과거 골수증식성 질환에서 세포감소 목적으로 사용된 경험이 있어 재창출 후보로 볼 수 있다.
Myelofibrosis,loose,cladribine,cladribine,미지,clinical,low,푸린 유사체로 림프구 및 조혈세포 증식을 억제할 수 있다.,골수증식성 질환에서 세포감소 또는 전환기 치료로 탐색된 바 있어 myelofibrosis에 기전상 후보가 된다.
Myelofibrosis,loose,azacitidine,azacitidine,중단,clinical,medium,DNA 메틸화 억제를 통해 비정상 조혈 프로그램과 염증성 유전자 발현을 재조정할 수 있다.,골수이형성/골수증식성 중복 질환에서 사용 경험이 있어 myelofibrosis의 진행 억제 후보로 고려된다.
Myelofibrosis,loose,decitabine,decitabine,중단,clinical,medium,저메틸화 작용으로 병적 클론의 유전자 발현을 재프로그래밍할 수 있다.,myelofibrosis의 진행기 또는 중복형 질환에서 평가된 경험이 있어 재창출 가능성이 있다.
Myelofibrosis,loose,ruxolitinib,ruxolitinib,승인,clinical,high,JAK1/2 억제를 통해 염증성 사이토카인 신호와 비장비대를 줄인다.,"myelofibrosis의 표준치료이므로 제외 대상이지만, 기전상 가장 직접적인 약물이다."
Myelofibrosis,loose,tofacitinib,tofacitinib,미지,mechanistic,low,JAK 신호 억제를 통해 염증성 사이토카인 매개 증상을 완화할 수 있다.,같은 JAK 축을 표적으로 하며 myelofibrosis의 염증성 병태생리에 기전상 맞는 재창출 후보다.
Myelofibrosis,loose,baricitinib,baricitinib,미지,mechanistic,low,JAK1/2 억제를 통해 염증과 비장비대 관련 신호를 낮출 수 있다.,JAK-STAT 경로를 공유하므로 myelofibrosis에서 기전상 후보가 될 수 있다.
Myelofibrosis,loose,fedratinib,fedratinib,승인,clinical,high,JAK2 선택적 억제로 비정상 조혈과 비장비대를 억제한다.,"myelofibrosis에 이미 승인된 약물이므로 재창출 후보에서 제외해야 하지만, 기전상 관련성이 높다."
Myelofibrosis,loose,momelotinib,momelotinib,미지,clinical,high,JAK1/2 및 ACVR1 억제를 통해 염증과 철대사 이상을 조절해 빈혈과 증상을 개선할 수 있다.,"myelofibrosis에 이미 승인된 약물이므로 제외 대상이지만, 빈혈 중심 표현형에 특히 관련된다."
Myelofibrosis,loose,pacritinib,pacritinib,승인,clinical,high,JAK2/IRAK1/FLT3 억제를 통해 염증성 신호와 비장비대를 줄일 수 있다.,"myelofibrosis에 이미 승인된 약물이므로 제외 대상이지만, 혈소판 감소 동반 환자에서 의미가 있다."
Myelofibrosis,loose,everolimus,everolimus,미지,mechanistic,low,mTOR 억제를 통해 조혈세포 성장과 염증성 신호 전달을 낮출 수 있다.,mTOR 경로는 골수증식성 질환의 생존 신호와 연결되어 있어 재창출 후보로 제안된다.
Myelofibrosis,loose,sirolimus,sirolimus,미지,mechanistic,low,mTOR 억제를 통해 병적 조혈과 면역 활성화를 완화할 수 있다.,면역억제 및 항증식 효과가 있어 myelofibrosis의 염증성 미세환경 조절 후보로 볼 수 있다.
Myelofibrosis,loose,metformin,metformin,미지,preclinical,low,AMPK 활성화와 대사 재프로그래밍을 통해 염증 및 섬유화 신호를 낮출 수 있다.,항섬유화 및 항염증 효과가 보고되어 골수섬유화 병태에 대한 재창출 가능성이 있다.
